ticker,name,sector,error,n_years_used,price,revenue,total_assets,current_ratio,total_debt,dividend_years_streak,eps_growth_over_period,P/E,P/B,score,max_score,company_type,na_criteria,fscore,eps_ttm,book_value_per_share,graham_number,margin_of_safety,score_ent,max_score_ent,enterprise_value,ebit,ebit_ev,gross_profitability,net_payout_yield,net_debt_to_ebitda,measurable,data_source,sec_fields,accruals,dollar_volume,next_earnings,share_class_of,crit_1_adequate_size,crit_2_earnings_stability,crit_3_financial_strength,crit_4_returns_capital,crit_5_cheap_ebit_ev,crit_6_gross_profitability,ent_1_financial_condition,ent_2_earnings_stability_5y,ent_3_pays_dividend_now,ent_4_earnings_higher_than_past,ent_5_price_under_120pct_net_assets,f_1_roa_positive,f_2_cfo_positive,f_3_roa_improving,f_4_cfo_above_income,f_5_leverage_down,f_6_current_ratio_up,f_7_no_new_shares,f_8_gross_margin_up,f_9_asset_turnover_up
ADT,ADT Inc.,Industrials,,4,6.23,5128607000.0,15739056000.0,0.689861821857598,7687587000.0,9,,8.652778,1.3143461,6,6,industrial,,8,0.7199999815088288,4.7399996089310115,8.76287576612833,0.28904618001305077,3,5,12235096064.0,1308901000.0,0.106979217257742,0.2620749196937689,0.17435157939683818,2.8712167666809782,True,sec,10,-0.08184811083968441,48015613.03,2026-11-05,,True,True,True,True,True,True,False,True,True,True,False,True,True,True,True,True,True,True,False,True
ALV,"Autoliv, Inc.",Consumer Cyclical,,4,113.07,10815000000.0,8497000000.0,1.0287400564536824,2038000000.0,30,,13.333727,3.325686,6,6,industrial,,7,9.55,33.333333333333336,80.54197050088433,-0.40386433677778605,3,5,9941931840.0,1088000000.0,0.1094354716477316,0.24408614805225373,0.07112726096294013,1.111036789297659,True,sec,14,-0.04966458750147111,75546702.86999999,2026-10-23,,True,True,True,True,True,True,False,True,True,True,False,True,True,True,True,False,True,True,True,False
ANF,Abercrombie & Fitch Company,Consumer Cyclical,,4,136.36,5266292000.0,3594856000.0,1.4066989564960986,1287440000.0,0,,11.7754755,4.271796,6,6,industrial,,5,10.46,13.112497579864472,91.19767628222958,-0.4952135356827133,2,5,6450933760.0,699143000.0,0.10837857370899434,0.7492405815420701,0.07798074329812729,0.5759660938198163,True,sec,14,-0.031217105775586004,205603608.00000003,2026-11-25,,True,True,True,True,True,True,False,True,False,True,False,True,True,False,True,False,True,True,False,False
APA,APA Corporation,Energy,,4,43.34,8572000256.0,17973000000.0,0.9459908599916909,3743000000.0,45,,9.14346,2.164619,6,6,industrial,,7,3.99,14.253605202875699,46.209806324782036,0.06210383797352064,2,5,18483234496.0,3087000000.0,0.16701622222387888,0.20370474635437194,0.023708801394949162,0.6119458356520127,True,sec,11,-0.17309297279252212,244252364.84000003,2026-11-04,,True,True,True,True,True,True,False,True,True,False,False,True,True,True,True,True,False,True,False,True
APAM,Artisan Partners Asset Manageme,Financial Services,,4,36.2,1196688000.0,1459516000.0,3.007,190000000.0,14,,8.681055,6.1189995,6,6,financial,,6,4.05,5.1814408489351,23.559895882395402,-0.5365093369130562,3,5,2409448784.0,399631000.0,0.16585992723886012,0.3468660210030863,0.10003810074049696,-0.3927101848614578,True,sec,10,0.08106248920875139,31086315.6,2026-10-27,,True,True,True,True,True,True,False,True,True,True,False,True,True,True,False,True,True,False,False,True
ASO,"Academy Sports and Outdoors, In",Consumer Cyclical,,4,47.85,6053414000.0,5508148000.0,1.7429772740085303,494158000.0,5,,8.0691395,1.3624716,6,6,industrial,,7,5.54,35.119779461959716,68.45353180765527,0.3009856652180968,3,5,3142495016.0,512184000.0,0.16298641601409625,0.38227240807618096,0.07753134980214095,0.3085505078340288,True,sec,14,-0.010535301520583688,79287354.3,2026-12-08,,True,True,True,True,True,True,True,True,True,False,False,True,True,False,True,True,True,True,True,False
BBWI,"Bath & Body Works, Inc.",Consumer Cyclical,,4,16.4,7291000000.0,5156000000.0,1.200937316930287,3614000000.0,42,,4.1836734,-3.1369548,6,6,industrial,,5,3.11,-5.227722772277228,,,3,5,6126982912.0,1126000000.0,0.18377723851566047,0.6185027152831652,0.1717577668571878,2.0434782608695654,True,sec,14,-0.08785880527540729,98703071.99999999,2026-11-19,,True,True,True,True,True,True,False,True,True,False,True,True,True,False,True,True,False,True,False,False
BYD,Boyd Gaming Corporation,Consumer Cyclical,,4,66.07,4091989000.0,6684204000.0,0.7738644293471723,2613755000.0,5,,2.953509,1.9318713,6,6,industrial,,6,22.56,34.20015441845256,131.20105318708627,0.4964217253211572,3,5,7090485552.0,748406000.0,0.10555074042692303,0.30833438534744606,0.17425752780787637,2.1787718957755375,True,sec,13,0.12964804784533807,63663862.739999995,2026-10-22,,True,True,True,True,True,True,False,True,True,True,False,True,True,True,False,True,False,True,False,True
CALM,"Cal-Maine Foods, Inc.",Consumer Defensive,,4,65.84,2911632000.0,3013379000.0,7.701125429688113,0.0,6,,54.41322,1.174917,6,6,industrial,,5,6.63,34.23530195441041,39.05937358424157,-0.6856389122062886,4,5,2307333632.0,350186000.0,0.15177085582394007,0.2230217307547441,0.07531378021265447,-0.734023633346949,True,sec,15,-0.05411566218520803,65795228.800000004,2026-09-30,,True,True,True,True,True,True,True,True,True,False,True,True,True,False,True,,True,True,False,False
CBT,Cabot Corporation,Basic Materials,,4,76.35,3713000000.0,3975000000.0,1.4669603524229076,1273000000.0,42,,21.386555,2.4560895,6,6,industrial,,6,6.02,31.085971265290254,49.969820540153094,-0.5279222373562297,3,5,4965027264.0,621000000.0,0.12507484188509785,0.23647798742138365,0.0649412048307944,1.32,True,sec,14,-0.0840251572327044,32132508.299999997,2026-11-02,,True,True,True,True,True,True,False,True,True,True,False,True,True,False,True,True,False,True,True,False
CENTA,Central Garden & Pet Company,Consumer Defensive,,4,33.79,3129064000.0,3789953000.0,3.7868946101432126,1193058000.0,0,,12.514815,1.2106339,6,6,industrial,,8,2.55,27.910997701286906,41.17757988594058,0.17940782111051046,3,5,2311352032.0,250042000.0,0.10817997282034103,0.2631526037394131,0.07331711791270949,0.5862254281414957,True,sec,13,-0.044766518212758837,10084625.5,2026-11-25,,True,True,True,True,True,True,True,True,False,True,False,True,True,True,True,True,True,True,True,False
CMCSA,Comcast Corporation,Communication Services,,4,21.7,123707000000.0,257548000000.0,0.7957876288036745,90381000000.0,19,,6.9551287,0.85733473,6,6,industrial,,8,5.39,25.311000756962216,42.15248660178254,0.4852023747732512,4,5,159708414400.0,20672000000.0,0.12943588525164143,0.32555358708290694,0.156469517031779,2.242367550566672,True,sec,12,-0.0529804153012254,641561563.3,2026-10-22,,True,True,True,True,True,True,False,True,True,True,True,True,True,True,True,True,True,True,True,False
CRI,"Carter's, Inc.",Consumer Cyclical,,4,31.71,2898426000.0,2732360000.0,2.46974202605401,567808000.0,14,,5.839779,1.133188,6,6,industrial,,4,2.53,27.983377924232254,58.47070248736761,0.45767711604198985,4,5,1078348616.0,143933000.0,0.13347538807431455,0.4811357215008271,0.048413742484294565,-0.4387370381170163,True,sec,13,-0.011176418919908065,39320526.84,2026-11-02,,True,True,True,True,True,True,True,True,True,False,True,True,True,False,True,False,True,False,False,False
CTSH,Cognizant Technology Solutions ,Technology,,4,60.88,21108000000.0,20825000000.0,2.18215935334873,1560000000.0,10,,13.064379,1.9027379,6,6,industrial,,7,4.56,31.995575221238937,57.92046408481905,-0.05109655044971652,3,5,27932045632.0,3389000000.0,0.12133017554995809,0.34394935240672725,0.0724937713585029,0.1292206143691292,True,sec,13,-0.03135654261704682,484160071.6,2026-10-28,,True,True,True,True,True,True,True,True,True,False,False,True,True,False,True,True,True,True,False,True
DECK,Deckers Outdoor Corporation,Consumer Cyclical,,4,79.57,5472296000.0,3868621000.0,2.7472206056423705,472334016.0,0,,11.318634,4.7267437,6,6,industrial,,6,7.02,16.834390199305176,51.60153034952109,-0.5420085307748721,3,5,9724225536.0,1262903000.0,0.1298718335279878,0.8162407224693243,0.0987995511101281,-1.0813396779866313,True,sec,14,-0.040811441596372455,217171514.98,2026-10-22,,True,True,True,True,True,True,True,True,False,True,False,True,True,True,True,False,False,True,False,True
DHI,"D.R. Horton, Inc.",Consumer Cyclical,,4,137.06,34250400000.0,36511300000.0,6.011,7187899904.0,13,,13.268151,1.6153592,6,6,industrial,,4,11.57,84.84837224171191,140.4307544604443,0.024002964830568813,3,5,44032057344.0,4424200000.0,0.10047679501859254,0.22229282441326384,0.12507350611795276,1.0181954666774506,True,sec,10,0.0044999767195361435,335760816.16,2026-10-29,,True,True,True,True,True,True,True,True,True,False,False,True,True,False,False,False,True,True,False,False
EEFT,"Euronet Worldwide, Inc.",Technology,,4,63.64,4244200000.0,6493100000.0,1.3706727422315044,2653000000.0,0,,10.101587,1.9351698,6,6,industrial,,6,6.84,18.13377438258398,68.27584547653058,0.06789876337927037,2,5,3836664800.0,529800000.0,0.13808868577729283,0.27025444233821877,0.2805032237075594,2.1791111776148435,True,sec,12,-0.03854861314318277,40964049.76,2026-10-21,,True,True,True,True,True,True,False,True,False,True,False,True,True,False,True,True,False,True,True,False
EPAM,"EPAM Systems, Inc.",Technology,,4,114.35,5457056000.0,4574086000.0,2.7547079510266186,25000000.0,0,,14.697943,1.6763912,6,6,industrial,,6,6.72,68.21205776873121,109.27264672907052,-0.0464649976266999,2,5,5134574136.0,520003000.0,0.1012748060942595,0.3440077427490432,0.11224991354153321,-1.1854534796080731,True,sec,13,-0.06061451402531566,162887915.79999998,2026-11-05,,True,True,True,True,True,True,True,True,False,False,False,True,True,False,True,True,False,True,False,True
FHI,"Federated Hermes, Inc.",Financial Services,,4,56.16,1800663000.0,2330154000.0,2.5922488226059657,348499000.0,29,,10.438662,3.202555,6,6,financial,,8,5.13,17.53599860111692,46.07312200947977,-0.2189319401547133,4,5,4239693344.0,513882000.0,0.12120735117016047,0.5485832783468807,0.08768278005646271,0.08957030307440701,True,sec,11,0.04547081437535888,34038632.16,2026-10-29,,True,True,True,True,True,True,True,True,True,True,False,True,True,True,False,True,True,True,True,True
G,Genpact Limited,Technology,,4,34.7,5079879000.0,5413096000.0,1.9956111803663295,1180257000.0,10,,10.327381,2.238421,6,6,industrial,,6,3.13,15.502086085775591,34.23377156402627,-0.01361896205627713,4,5,6493663728.0,750207000.0,0.11552908056590391,0.33825596294615873,0.06352788613001678,0.807517353454976,True,sec,15,-0.04809853732503543,76405027.80000001,2026-11-05,,True,True,True,True,True,True,True,True,True,True,False,True,True,False,True,True,False,True,True,False
GEN,Gen Digital Inc.,Technology,,4,22.25,5000000000.0,15644000000.0,0.46583394562821456,8156000000.0,14,,12.861272,5.0180426,6,6,industrial,,7,1.57,4.434056761268781,13.137482207970777,-0.693627412602734,2,5,20910560768.0,2120000000.0,0.10138417728348509,0.2507670672462286,0.0710286957035867,2.9054726368159205,True,sec,14,-0.03656353873689593,155244925.0,2026-11-05,,True,True,True,True,True,True,False,True,True,False,False,True,True,True,True,True,False,True,False,True
GNTX,Gentex Corporation,Consumer Cyclical,,4,21.95,2534268965.0,2999428544.0,3.03845716793221,3706980.0,24,,11.492147,1.8221818,6,6,industrial,,6,1.74,11.780735107625414,22.752511631656162,0.03527134255101787,4,5,4385395247.0,473935754.0,0.10807138862208923,0.2889580222651905,0.08820410672792418,-0.41369075016513013,True,sec,15,-0.06744127690744547,52867365.199999996,2026-10-23,,True,True,True,True,True,True,True,True,True,True,False,True,True,False,True,,False,True,True,True
GRBK,"Green Brick Partners, Inc.",Consumer Cyclical,,4,66.44,2039994000.0,2610751000.0,7.051,323269000.0,0,,10.006024,1.4822748,6,6,industrial,,4,7.07,45.93013002868227,81.83248698290973,0.18809750931954894,3,5,3049257720.0,409443000.0,0.13427628544300282,0.2454489148907728,0.030320572701570063,0.3640228458326357,True,sec,11,0.04989637081437487,19732879.32,2026-10-28,,True,True,True,True,True,True,True,True,False,True,False,True,True,False,False,True,False,True,False,False
HRB,"H&R Block, Inc.",Consumer Cyclical,,4,42.32,3760995000.0,3256351000.0,1.133006517854896,1491493000.0,41,,7.4376097,44.73573,6,6,industrial,,7,4.39,0.7637435799576726,11.005073859344611,-2.8454989526549435,3,5,5716693304.0,934499000.0,0.1634684511317279,0.5143438161303865,0.038065888622974615,1.1102010882520998,True,sec,12,-0.023065695313558027,90642584.16,2026-11-05,,True,True,True,True,True,True,False,True,True,True,False,True,True,True,True,False,True,True,False,True
INGR,Ingredion Incorporated,Consumer Defensive,,4,94.91,7219000000.0,8070000000.0,2.7982525814138204,1783000000.0,29,,10.418222,1.3237839,6,6,industrial,,8,11.18,58.149100257069406,121.22658784413333,0.21708594056915798,4,5,6820402368.0,1016000000.0,0.14896481837594716,0.2265179677819083,0.03525243367565026,0.6744749596122779,True,sec,14,-0.02664188351920694,61659800.059999995,2026-11-03,,True,True,True,True,True,True,True,True,True,True,False,True,True,True,True,True,True,True,True,False
KFY,Korn Ferry,Industrials,,4,72.37,2938641000.0,3816876000.0,2.3711338118130776,398778000.0,12,,13.552435,1.8430235,6,6,industrial,,8,5.22,39.267316400866314,68.68718668629113,-0.05361718089472877,4,5,3632229336.0,374743000.0,0.10317162418292852,0.6367679301393238,0.05441210371365217,-0.8815972566814545,True,sec,13,-0.03494271231237274,33522580.07,2026-12-08,,True,True,True,True,True,True,True,True,True,True,False,True,True,True,True,True,True,True,False,True
LCII,LCI Industries,Consumer Cyclical,,4,82.11,4122017000.0,3267902000.0,2.4859338635412307,852590000.0,12,,9.705674,1.3942708,6,6,industrial,,8,7.57,58.89075353734781,105.8768215510471,0.22447615259765089,3,5,2632295984.0,279922000.0,0.10634138474604002,0.2999768658913272,0.1215368271123641,1.585624437558737,True,sec,14,-0.04367511632845783,28022172.36,2026-10-29,,True,True,True,True,True,True,True,True,True,False,False,True,True,True,True,False,True,True,True,True
LRN,"Stride, Inc.",Consumer Defensive,,4,77.52,2405317000.0,2435552000.0,5.941204981114831,417995000.0,0,,10.518317,1.9507285,6,6,industrial,,7,5.95,39.35482191072065,81.17709037744771,0.04505076937893938,3,5,2681714040.0,360094000.0,0.13427755332182995,0.3875585493555465,0.05855848932127862,-1.1374201443667682,True,sec,15,-0.059483435377277925,64978969.44,2026-10-27,,True,True,True,True,True,True,True,True,False,True,False,True,True,True,True,True,True,True,False,False
LULU,lululemon athletica inc.,Consumer Cyclical,,4,95.86,11102600000.0,8484578000.0,2.1899840757172173,0.0,0,,7.9157724,2.2344987,6,6,industrial,,5,13.26,44.95968695456337,108.11650079711174,0.11336383166998654,3,5,9222926296.0,2210615000.0,0.23968694198052387,0.7406534538311746,0.11103235513409056,-0.5134161826156892,True,sec,14,-0.0027454518067958123,432445740.92,2026-09-03,,True,True,True,True,True,True,True,True,False,True,False,True,True,False,True,False,True,True,False,False
M,Macy's Inc,Consumer Cyclical,,4,22.76,21764000000.0,15726000000.0,1.58969893008211,2433000000.0,24,,8.336996,1.2062752,6,6,industrial,,8,2.32,18.73764258555133,34.04360325716467,0.33144562201387917,3,5,7083380416.0,1030000000.0,0.1454107981654391,0.5256899402263767,0.07519707164044327,0.591995841995842,True,sec,13,-0.05010810123362584,126665499.68,2026-12-02,,True,True,True,True,True,True,True,True,True,False,False,True,True,True,True,True,True,True,True,False
MHO,"M/I Homes, Inc.",Consumer Cyclical,,4,135.27,4417781000.0,4856043000.0,8.108,1003036992.0,0,,11.367228,1.0577804,6,6,industrial,,5,14.74,107.09111391820478,185.0408887996231,0.2689723829283967,3,5,3684531712.0,506553000.0,0.13748097169315393,0.2094707563339122,0.0590733575470367,0.6967277716112419,True,sec,11,0.05468464756181113,28366119.000000004,2026-10-21,,True,True,True,True,True,True,True,True,False,False,True,True,True,False,False,True,True,True,False,False
MMS,"Maximus, Inc.",Industrials,,4,53.53,5431276000.0,4366779000.0,2.420643031903833,1636935000.0,22,,7.9186387,1.6102638,6,6,industrial,,8,5.51,33.24326750448833,71.10738760824673,0.24719495680373124,3,5,4382693040.0,528289000.0,0.1205398131191045,0.3053607704901027,0.1841759612863979,2.772102505798673,True,sec,14,-0.025267594261124734,34199942.29,2026-11-19,,True,True,True,True,True,True,False,True,True,True,False,True,True,True,True,False,True,True,True,True
MOH,Molina Healthcare Inc,Healthcare,,4,180.85,45426000000.0,16003000000.0,1.678961038961039,3769000000.0,0,,1205.6666,2.2546504,6,6,industrial,,4,8.92,80.21153846153847,16.45343347839998,-9.991626777317899,2,5,4294370688.0,781000000.0,0.18186599544897042,0.37105542710741735,0.10592804382895012,-5.272540983606557,True,sec,14,0.0629257014309817,166729051.15,2026-10-21,,True,True,True,True,True,True,True,True,False,False,False,True,False,False,False,False,True,True,False,True
MTDR,Matador Resources Company,Energy,,4,52.96,3656514000.0,13494566000.0,0.6501197782214726,4216410000.0,6,,9.084048,1.1076717,6,6,industrial,,5,6.09,47.812132066522395,79.19431292352284,0.33126511178721957,3,5,10744114912.0,1226542000.0,0.11415942681607834,0.25553782166836636,0.03340619996904887,1.7300846442875428,True,sec,13,-0.1234418357730067,103131656.0,2026-10-27,,True,True,True,True,True,True,False,True,True,False,True,True,True,False,True,True,False,True,False,False
NVR,"NVR, Inc.",Consumer Cyclical,,4,6126.38,10323959000.0,5470620000.0,5.67,1090254976.0,0,,15.927155,4.83823,6,6,industrial,,5,436.55,164.9789130118563,3310.4179789231043,-0.8506363966742782,2,5,16322463744.0,1790767000.0,0.10971180748729008,0.4077979419252066,0.1117372584970138,-0.5376987007792092,True,sec,9,0.039939897123178,212818188.44,2026-10-21,,True,True,True,True,True,True,True,True,False,False,False,True,True,False,False,False,True,True,False,True
PHM,"PulteGroup, Inc.",Consumer Cyclical,,4,116.35,17311953000.0,18263190000.0,7.272,43900000.0,14,,11.872449,1.677891,6,6,industrial,,5,11.12,67.52487993538648,123.65327351200408,0.05906251653980751,3,5,20871278360.0,2911926000.0,0.139518334707314,0.2533519964597461,0.06211589466928853,0.18161889539734563,True,sec,9,0.019026303728976155,184482233.0,2026-10-22,,True,True,True,True,True,True,True,True,True,False,False,True,True,False,False,True,True,True,False,False
PPC,Pilgrim's Pride Corporation,Consumer Defensive,,4,25.2,18497553000.0,10029924000.0,1.3552972635252674,2862272000.0,1,,11.004367,1.6002033,6,6,industrial,,6,4.54,15.78567586121016,28.485358267949717,0.11533498146822456,3,5,8473763848.0,1613539000.0,0.19041585639430247,0.2351107545780008,0.33237261761562276,1.195068744395312,True,sec,15,-0.02884279083271219,38662822.8,2026-10-28,,True,True,True,True,True,True,False,True,True,True,False,True,True,True,True,True,False,False,False,True
PRI,"Primerica, Inc.",Financial Services,,4,274.72,3291713000.0,14781939000.0,3.73,1804438016.0,17,,11.181115,3.3644402,6,6,financial,,7,22.91,81.65428183053919,212.46263969526052,-0.29302733127121317,4,5,9622082560.0,998522000.0,0.10377400045921036,0.21894827194186095,0.06931689514945284,0.9342311131648333,True,sec,10,-0.01014373012904464,50707542.88,2026-11-04,,True,True,True,True,True,True,True,True,True,True,False,True,True,True,True,True,,True,,True
SBH,"Sally Beauty Holdings, Inc. (Na",Consumer Cyclical,,4,16.07,3701424000.0,2883144000.0,2.3672691952163616,807567000.0,0,,8.369792,1.7350464,6,6,industrial,,8,1.89,9.261935127322195,20.002959534036155,0.19661888168818237,3,5,2138977080.0,327810000.0,0.1532554991192332,0.6627306856681456,0.035889423884750575,1.4833318136866396,True,sec,14,-0.02738434153826517,21167677.19,2026-11-12,,True,True,True,True,True,True,True,True,False,True,False,True,True,True,True,True,True,True,True,False
SIG,Signet Jewelers Limited,Consumer Cyclical,,4,104.25,6813600000.0,5587800000.0,1.6386493819716612,0.0,16,,12.108014,2.18151,6,6,industrial,,8,7.08,47.43152454780362,96.21709963776017,-0.08348724283398931,3,5,3467772800.0,393100000.0,0.11335806082797581,0.48222914205948675,0.06436232680500904,-0.974472807991121,True,sec,14,-0.06879272701241991,85793371.5,2026-12-01,,True,True,True,True,True,True,True,True,True,False,False,True,True,True,True,True,True,True,True,False
SLVM,Sylvamo Corporation,Basic Materials,,4,33.17,3351000000.0,2875000000.0,1.4720744680851063,884000000.0,5,,17.737967,1.3823712,6,6,industrial,,5,3.24,23.99497487437186,31.77404239409811,-0.043933900149928186,3,5,2015847232.0,251000000.0,0.12451340360299684,0.26601520086862107,0.11752687971672522,1.6209302325581396,True,sec,13,-0.04730434782608696,9633861.63,2026-11-06,,True,True,True,True,True,True,False,True,True,True,False,True,True,False,True,True,False,True,False,False
SMP,"Standard Motor Products, Inc.",Consumer Cyclical,,4,37.29,1791158000.0,2060670000.0,2.0034166087877705,588827000.0,17,,9.488549,1.1605614,6,6,industrial,,8,1.84,29.98512368547574,53.30275777447634,0.30041143166036977,4,5,1343267504.0,136507000.0,0.10162309412943261,0.27146898824168836,0.032736764302441684,2.828854204208367,True,sec,14,-0.007391770637705212,5879961.78,2026-10-30,,True,True,True,True,True,True,True,True,True,False,True,True,True,True,True,True,True,False,True,True
THC,Tenet Healthcare Corporation,Healthcare,,4,253.97,21310000000.0,30676000000.0,1.4059637147476198,13248000000.0,0,,9.882101,4.3895397,6,6,industrial,,6,15.49,29.261183388090735,182.91088172163248,-0.3884903818161602,2,5,31527411072.0,3508000000.0,0.11126825453535293,0.5906931293594366,0.06777701299661174,2.534431480210478,True,sec,12,-0.03823836223757987,259286354.01,2026-10-27,,True,True,True,True,True,True,False,True,False,True,False,True,True,False,True,True,False,True,False,True
TROW,"T. Rowe Price Group, Inc.",Financial Services,,4,105.83,7314800000.0,15357200000.0,4.039,450600000.0,41,,10.447186,2.051804,6,6,financial,,4,9.24,51.57937668766877,108.42575518005918,0.02394039290525114,4,5,20961816576.0,2188800000.0,0.1044184311061114,0.2614943730912438,0.07813435539194896,-0.9877859291388422,True,sec,9,0.021729221472664286,178906779.13,2026-10-30,,True,True,True,True,True,True,True,True,True,True,False,True,True,False,False,False,True,True,False,False
UHS,"Universal Health Services, Inc.",Healthcare,,4,175.07,17364829000.0,15935486000.0,1.1157394828326546,4851847000.0,24,,7.207493,1.3732058,6,6,industrial,,8,23.1,127.48999458056468,263.96300367688394,0.33676311618918203,3,5,15031063512.0,1994015000.0,0.1326596084440788,1.0114780829198704,0.09715908080143999,1.8038589873229744,True,sec,11,-0.023570100089824686,144289892.88,2026-10-26,,True,True,True,True,True,True,False,True,True,True,False,True,True,True,True,True,False,True,True,True
WFRD,Weatherford International plc,Energy,,4,78.44,4918000000.0,5102000000.0,2.343994314143568,1480000000.0,3,,15.4714,3.1498215,6,6,industrial,,6,5.93,24.9025069637883,53.29924598968656,-0.47169061294372133,4,5,5989409536.0,756000000.0,0.1262227929908582,0.2951702905522417,0.030841035743552455,0.37145650048875856,True,sec,12,-0.048020384163073304,89460035.6,2026-10-20,,True,True,True,True,True,True,True,True,True,True,False,True,True,False,True,True,True,True,False,False
AAPL,Apple Inc.,Technology,,4,330.32,416161000000.0,383266000000.0,1.0032948046555858,84344000000.0,15,,37.837345,44.880436,5,6,industrial,,8,7.46,7.359865310083953,38.022202265992945,-7.687555699408769,3,5,4842694516800.0,133050000000.0,0.027474373933443565,0.5093094613140743,0.022015663670169307,0.1516083123773731,True,sec,15,0.0013776332886298289,15469205349.76,2026-10-29,,True,True,True,True,False,True,False,True,True,True,False,True,True,True,False,True,True,True,True,True
ABNB,"Airbnb, Inc.",Consumer Cyclical,,4,160.47,12241000000.0,28754000000.0,1.4083020119389786,2476000000.0,0,,36.55353,12.139345,5,6,industrial,,5,4.3900000902785585,13.218999871904126,36.13456432833604,-3.440900367357203,2,5,86494138304.0,2544000000.0,0.029412397763402546,0.35316825485149894,0.03943295707290585,-3.7458024209293246,True,sec,12,-0.07424090561313208,751190077.89,2026-11-05,,True,True,True,True,False,True,False,True,False,True,False,True,True,False,True,,False,True,False,True
ABT,Abbott Laboratories,Healthcare,,4,96.69,44328000000.0,109215000000.0,1.3762770854384192,32608000000.0,44,,31.291264,3.2735214,5,6,industrial,,5,3.72,25.576851851936645,45.3162197105859,-1.133673122284142,2,5,194315770176.0,8053000000.0,0.041442853519845856,0.22898869202948313,0.029938299816149667,2.846526826183198,True,sec,14,-0.02785331685208076,933796534.77,2026-10-21,,True,True,True,True,False,True,False,True,True,False,False,True,True,False,True,True,False,False,True,False
ACGL,Arch Capital Group Ltd.,Financial Services,,4,94.26,19929000000.0,85179000000.0,0.589,4286000128.0,0,,7.375587,1.3797243,5,6,financial,,6,11.6,39.87058237929318,140.16004968289664,0.32748311510121914,2,5,32683304960.0,5127000000.0,0.15686908059863477,,0.05872978671591913,0.5917340546966867,False,sec,8,-0.02081498961011517,252345048.42000002,2026-10-27,,True,True,True,True,True,False,False,True,False,True,False,True,True,False,True,True,,True,,True
ACIW,"ACI Worldwide, Inc.",Technology,,4,49.69,1759782000.0,3095270000.0,1.5819662387066096,822177000.0,0,,22.382881,3.3606112,5,6,industrial,,7,2.16,14.78649163934773,27.17647518900766,-0.8284196038822064,2,5,5671244920.0,329914000.0,0.05817311801092166,0.27853175974955335,0.03971341641248507,1.5339360261630222,True,sec,13,-0.031070956653216037,46858266.28,2026-11-05,,True,True,True,True,False,True,False,True,False,True,False,True,True,True,True,True,False,True,False,True
ACM,AECOM,Industrials,,4,59.6,16139622000.0,12026900000.0,1.056619936269167,2714788000.0,5,,20.76655,3.497242,5,6,industrial,,7,4.21,17.042225512034275,33.17359208162028,-0.7966097808570206,3,5,9372162816.0,1026522000.0,0.10952882703313037,0.10116596961810607,0.06282251956269072,1.592272614149035,True,sec,14,-0.02160390458056523,115946376.4,2026-11-17,,True,True,True,True,True,False,False,True,True,True,False,True,True,True,True,False,True,True,True,False
ACN,Accenture plc,Technology,,4,212.3,69672977000.0,68806561000.0,1.3391735715872017,5142265000.0,22,,16.95687,4.0732145,5,6,industrial,,5,12.15,52.12099681958807,121.17130001161459,-0.7520650515398489,3,5,124886003984.0,10225664000.0,0.08187998393567049,0.3231581505722979,0.06403915179189607,-0.4636088876663566,True,sec,13,-0.055168663348833843,1338081255.5,2026-10-01,,True,True,True,True,False,True,False,True,True,True,False,True,True,False,True,False,True,True,False,False
ADBE,Adobe Inc.,Technology,,4,241.28,23769000000.0,29981000000.0,0.7703566621803499,5513000000.0,0,,13.47933,8.01941,5,6,industrial,,7,16.7,30.08695652173913,110.07969598186958,-1.1918665185970305,2,5,95782798464.0,8706000000.0,0.09089314719982997,0.7077148860945265,0.11762215960024144,-0.013229735405291895,True,sec,15,-0.09676128214535873,1257468842.24,2026-12-09,,True,True,True,True,False,True,False,True,False,True,False,True,True,True,True,False,False,True,True,True
ADSK,"Autodesk, Inc.",Technology,,4,211.31,7206000000.0,12983000000.0,0.8554616777308389,3494000000.0,0,,27.407263,13.054302,5,6,industrial,,7,5.23,15.95754716981132,52.990942951684346,-2.9876625745774428,2,5,43502788800.0,1578000000.0,0.03627353656002854,0.5049680351228529,0.02864337581471271,-0.3728144388042865,True,sec,15,-0.10228760687052299,451362386.2,2026-11-27,,True,True,True,True,False,True,False,True,False,True,False,True,True,False,True,False,True,True,True,True
AEO,"American Eagle Outfitters, Inc.",Consumer Cyclical,,4,17.97,5547236000.0,4278821000.0,1.5924494989206421,55000000.0,23,,9.262886,1.7078501,5,6,industrial,,4,1.09,10.521525420695662,21.43094401886291,0.16149284025083943,4,5,2918338672.0,226222000.0,0.07751739103157798,0.47333622976983614,0.047209625727140214,-0.20730059187960803,True,sec,14,-0.0631440296287225,100933572.53999999,2026-12-01,,True,True,True,True,False,True,True,True,True,True,False,True,True,False,True,False,False,True,False,False
ALGN,"Align Technology, Inc.",Healthcare,,4,145.345,4034964000.0,6417581000.0,1.3952914103920315,120842000.0,0,,25.233505,2.446597,5,6,industrial,,7,5.65,59.40701803635343,87.74479146964833,-0.656451597474889,2,5,9343538176.0,545755000.0,0.058409886032449385,0.4224353381749292,0.04301962354495641,-1.0522912069020234,True,sec,14,-0.028550165553033146,131977620.35,2026-10-28,,True,True,True,True,False,True,False,True,False,True,False,True,True,False,True,True,True,True,False,True
AMPH,"Amphastar Pharmaceuticals, Inc.",Healthcare,,4,25.35,719887000.0,1743766000.0,2.397184703937995,612052000.0,0,,15.271085,1.4035767,5,6,industrial,,6,2.03,18.060588177552432,25.97264625000436,0.023973154064124428,2,5,1400265896.0,140403000.0,0.10026881351682938,0.20418852070748025,0.07009497707106184,1.8711362975879104,True,sec,15,-0.0332733864520813,11733577.05,2026-11-05,,False,True,True,True,True,True,False,True,False,True,False,True,True,False,True,True,True,True,False,False
AN,"AutoNation, Inc.",Consumer Cyclical,,4,164.99,27631400000.0,15484200000.0,0.7820053570852293,4414500000.0,0,,7.6490498,2.4194565,5,6,industrial,,5,17.04,68.25075528700906,181.9224215596728,0.09307495697620076,1,5,9815902592.0,1239900000.0,0.12631543440646237,0.31958383384353084,0.14512248590069418,7.43827127283096,True,sec,13,0.03469342943129125,80076576.58,2026-10-29,,True,True,False,True,True,True,False,True,False,False,False,True,True,False,False,False,True,True,True,False
AOS,A.O. Smith Corporation,Industrials,,4,56.67,3830200000.0,3644500000.0,1.593782264540553,637500000.0,41,,15.873949,4.1816707,5,6,industrial,,8,3.85,13.551999682806207,32.993399556330765,-0.7176162736199816,3,5,8158138688.0,728600000.0,0.08930958737827233,0.40812182741116754,0.07744803278288574,0.5606488877964851,True,sec,14,-0.01937165591987927,87573454.41,2026-10-27,,True,True,True,True,False,True,False,True,True,True,False,True,True,True,True,True,False,True,True,True
APTV,Aptiv PLC,Consumer Cyclical,,4,43.97,20398000000.0,17996000000.0,2.01781512605042,5377000000.0,0,,19.895927,1.0467055,5,6,industrial,,8,0.75,42.00791397808178,45.70391277083897,0.03793795029175882,2,5,13745637888.0,1184000000.0,0.08613641721448496,0.21660368970882418,0.04348474768334645,2.1222988505747127,True,sec,13,-0.11224716603689709,177879931.48,2026-10-29,,True,True,True,True,False,True,False,True,False,False,True,True,True,False,True,True,True,True,True,True
ATMU,Atmus Filtration Technologies I,Consumer Cyclical,,4,44.59,1764300000.0,1890300000.0,2.6501922020867656,998300000.0,3,,17.084291,7.9996414,5,6,industrial,,6,2.5,5.418094957546522,18.092350456895684,-1.464577507838682,3,5,4377644704.0,299000000.0,0.06830156858705179,0.26360895096016507,0.021438320540174964,2.247112462006079,True,sec,14,0.0024863778236258794,30110244.71,2026-11-06,,True,True,True,True,False,True,False,True,True,True,False,True,True,False,False,True,True,True,True,False
ATR,"AptarGroup, Inc.",Healthcare,,4,120.87,3777181000.0,5133214000.0,1.6143775840330403,1367654000.0,34,,21.81769,2.9248638,5,6,industrial,,5,5.89,35.90564207650273,71.77159108494132,-0.6840925242544917,3,5,8855438880.0,501038000.0,0.05657969150818644,0.2674300681228141,0.06321220348250967,1.4845085178735187,True,sec,13,-0.03452223110121651,54200162.79,2026-10-29,,True,True,True,True,False,True,False,True,True,True,False,True,True,False,True,False,True,True,False,False
AVA,Avista Corporation,Utilities,,4,35.07,1964000000.0,8535000000.0,1.1,226000000.0,40,,12.66065,1.0411781,5,6,utility,,6,2.38,33.68277772471105,45.81804042954846,0.23458097135505065,4,5,3138211904.0,354000000.0,0.11280309004907783,0.15229094389281014,0.027577172722775403,0.31259720062208396,True,sec,12,-0.03233743409490334,22689448.32,2026-11-04,,True,True,True,True,True,False,False,True,True,True,True,True,True,True,True,True,False,False,True,False
AVY,Avery Dennison Corporation,Consumer Cyclical,,4,171.62,8855500000.0,9212300000.0,1.131613976705491,3678200000.0,40,,18.756285,5.60813,5,6,industrial,,5,8.79,30.602283316618763,79.37371527283271,-1.1621767282794746,2,5,16457660960.0,1060500000.0,0.0644380755307527,0.2764022014046438,0.06617327731684552,2.3270297002772806,True,sec,13,-0.020993671504401724,155858419.20000002,2026-10-29,,True,True,True,True,False,True,False,True,True,False,False,True,True,False,True,False,True,True,False,False
AWI,Armstrong World Industries Inc,Industrials,,4,162.68,1620800000.0,2006800000.0,1.5189285714285714,492000000.0,9,,22.28493,7.786712,5,6,industrial,,9,7.08,20.891661203169267,58.57910467097744,-1.77709946086968,3,5,7288715712.0,430900000.0,0.05911878265337947,0.3282340043850907,0.026776952173800043,0.7498639579176491,True,sec,14,-0.02332070958740283,70644278.04,2026-10-27,,True,True,True,True,False,True,False,True,True,True,False,True,True,True,True,True,True,True,True,True
AXTA,Axalta Coating Systems Ltd.,Basic Materials,,4,31.85,5117000000.0,7699000000.0,1.5333333333333334,3068000000.0,0,,19.539877,2.702588,5,6,industrial,,7,1.74,9.86312084473993,20.78977843434116,-0.5320028590294762,2,5,9251537088.0,735000000.0,0.07944625774168436,0.22886089102480842,0.0242058391042088,2.3640776699029127,True,sec,13,-0.03506948954409664,54521052.95,2026-10-28,,True,True,True,True,False,True,False,True,False,True,False,True,True,False,True,True,True,True,True,False
AZO,"AutoZone, Inc.",Consumer Cyclical,,4,2819.03,18938717000.0,20916463000.0,0.8903129379223149,9016477000.0,0,,19.685965,-18.218908,5,6,industrial,,6,144.87,-154.731,,,3,5,54354922592.0,3610156000.0,0.06641819779780803,0.47648945235148027,0.03461528242780774,2.0748310288858027,True,sec,13,-0.029598216486219492,771982908.4100001,2026-12-08,,True,True,True,True,False,True,False,True,False,True,True,True,True,False,True,True,True,True,False,False
BAH,Booz Allen Hamilton Holding Cor,Industrials,,4,70.47,11217000000.0,7610000000.0,1.5949632738719832,3936000000.0,15,,11.062795,7.0519366,5,6,industrial,,4,6.9,9.992995176417809,37.84503390124346,-0.8620672974924879,3,5,11872482560.0,1033000000.0,0.08700791892340333,0.7768725361366623,0.09780000066442654,2.839464882943144,True,sec,13,-0.025033245729303547,134533783.71,2026-10-23,,True,True,True,True,False,True,False,True,True,True,False,True,True,False,True,False,False,True,False,False
BBY,"Best Buy Co., Inc.",Consumer Cyclical,,4,87.7,41691000000.0,16107000000.0,1.1169427036705462,1169000000.0,24,,14.592345,5.797197,5,6,industrial,,7,5.04,15.12832699619772,45.22923878477452,-0.9390111873720584,2,5,17307118720.0,1389000000.0,0.08025599306688064,0.5819209039548022,0.05811956179229185,-0.4891891891891892,True,sec,14,-0.055441733407835106,320864745.1,2026-11-24,,True,True,True,True,False,True,False,True,True,False,False,True,True,True,True,False,True,True,False,True
BCC,"Boise Cascade, L.L.C.",Basic Materials,,4,74.7,6404595000.0,3388272000.0,2.7099861512524086,448408000.0,10,,25.151514,1.2880642,5,6,industrial,,5,3.53,57.99378739729165,62.25310816085608,-0.19994008663763976,3,5,2749973872.0,183329000.0,0.06666572430619806,0.3250806692159609,0.08353796320605839,0.4204069682330552,True,sec,12,-0.035803501017627866,26728780.5,2026-11-02,,True,True,True,True,False,True,True,True,True,False,False,True,True,False,True,False,True,True,False,False
BEN,"Franklin Templeton, Inc.",Financial Services,,4,32.5,8770700000.0,36243000000.0,5.486,2401900000.0,42,,22.108843,1.4051623,5,6,financial,,7,0.91,23.129127711968646,27.658483707122823,-0.17504633819208076,3,5,15153498688.0,604100000.0,0.03986538108710067,0.21770374100586068,0.05449811182446769,-1.8631752125034275,True,sec,10,-0.01493253869712772,130689000.0,2026-11-06,,True,True,True,True,False,True,True,True,True,False,False,True,True,True,True,False,False,True,True,True
BF-B,Brown Forman Inc,Consumer Defensive,,4,25.97,3928000000.0,7825000000.0,3.262984336356142,2441000000.0,42,,16.754839,3.0012712,5,6,industrial,,7,1.53,8.653000102090074,17.371625523576,-0.49496660313996904,3,5,14056704768.0,1001000000.0,0.07121156889335616,0.30389776357827475,0.06939837951014345,1.9579139981701739,True,sec,13,-0.03642172523961661,60837114.239999995,2026-12-03,,True,True,True,True,False,True,True,True,True,False,False,True,True,False,True,True,False,True,True,True
BJ,"BJ's Wholesale Club Holdings, I",Consumer Defensive,,4,94.36,21457274000.0,7991786000.0,0.7302492676316749,629245000.0,0,,21.396826,5.429854,5,6,industrial,,8,4.38,17.37759782368013,41.52507615892868,-1.2723618769260419,2,5,12518316824.0,816604000.0,0.06523273148307082,0.5004666040857451,0.024063319474443543,0.542222298628843,True,sec,13,-0.05656507819403572,164076376.24,2026-11-20,,True,True,True,True,False,True,False,True,False,True,False,True,True,True,True,True,True,True,True,False
BKE,"Buckle, Inc. (The)",Consumer Cyclical,,4,42.69,1297835000.0,1094707000.0,2.0832170581145704,421380992.0,24,,9.836405,4.419712,5,6,industrial,,4,4.14,9.491265586712135,30.711584791564704,-0.3900292117691467,2,5,2294984960.0,261444000.0,0.11391970080710245,0.5808476606069021,0.1023571102199043,0.5661240568857496,True,sec,15,-0.03781468465991356,20144856.029999997,2026-11-20,,False,True,True,True,True,True,False,True,True,False,False,True,True,False,True,False,False,False,True,False
BR,"Broadridge Financial Solutions,",Technology,,4,161.15,6889100000.0,8945300000.0,1.2355810008481765,3254600000.0,20,,16.786457,6.4674716,5,6,industrial,,8,7.1,24.916666666666668,73.36261150096473,-1.1966230032293883,3,5,21044640128.0,1188600000.0,0.056479939441614,0.23887404558818598,0.029526476885616833,2.160842871219586,True,sec,14,-0.0370921042335081,181691629.35,2026-11-03,,True,True,True,True,False,True,False,True,True,True,False,True,True,True,True,False,True,True,True,True
BRC,Brady Corporation,Industrials,,4,84.14,1513605000.0,1851949000.0,1.9367825306678144,14985000.0,35,,19.891253,2.906792,5,6,industrial,,9,4.229999990448063,28.945999576165068,52.48747949216534,-0.6030489711848203,4,5,3773935968.0,236638000.0,0.06270323662258809,0.41082232826065945,0.02442411514699873,-0.6209097761444332,True,sec,12,0.004352171685073401,17873944.34,2026-11-17,,True,True,True,True,False,True,True,True,True,True,False,True,True,True,True,True,True,True,True,True
BSY,"Bentley Systems, Incorporated",Technology,,4,32.75,1501779000.0,3582904000.0,0.594947674365651,1217180000.0,7,,35.597824,8.445075,5,6,industrial,,8,0.85,3.8779998993496214,8.959609512847775,-2.6552932304736734,3,5,10963740888.0,362621000.0,0.033074568589713284,0.34169182316913876,0.021227989164804152,2.446296307445877,True,sec,12,-0.07272424826341985,85975234.5,2026-11-04,,True,True,True,True,False,True,False,True,True,True,False,True,True,True,True,True,True,False,True,True
CAKE,The Cheesecake Factory Incorpor,Consumer Cyclical,,4,107.95,3751806000.0,3294174000.0,0.5868835274728971,631811000.0,5,,28.48285,10.353923,5,6,industrial,,6,3.06,10.425962562983736,29.817396395045105,-2.620369752267792,3,5,5808301288.0,187285000.0,0.03224436727945439,0.498445275919835,0.038365791757231836,1.473565382902037,True,sec,12,-0.04653093613148546,178781284.55,2026-10-27,,True,True,True,True,False,True,False,True,True,True,False,True,True,False,True,False,True,True,True,False
CAT,"Caterpillar, Inc.",Industrials,,4,826.35,67589000000.0,102609000000.0,1.3684342799698417,36210000000.0,45,,34.970375,19.585001,5,6,industrial,,6,18.81,42.1883837285186,149.77638585739243,-4.517224863382657,3,5,409349324864.0,11151000000.0,0.027240792454475766,0.6582268611915134,0.020900227484042466,2.199135167374935,True,sec,13,-0.027824070013351656,2230279811.55,2026-10-29,,True,True,True,True,False,True,False,True,True,True,False,True,True,False,True,True,True,True,False,False
CBRE,CBRE Group Inc,Real Estate,,4,130.53,39900000000.0,30471000000.0,1.1409384112397278,8093000000.0,0,,29.869566,4.5050735,5,6,financial,,5,3.85,28.973739186762824,53.37479259282788,-1.4455364350687836,1,5,44402264832.0,1753000000.0,0.039479968119478466,0.22696990581208362,0.02560964119126684,2.660757453666398,True,sec,13,-0.013192871910997342,226967783.01,2026-10-22,,True,True,True,True,False,True,False,True,False,False,False,True,True,False,True,False,True,True,False,False
CBRL,Cracker Barrel Old Country Stor,Consumer Cyclical,,4,51.72,3483684000.0,2022407000.0,0.5792968192240822,487081000.0,41,,36.94286,2.4173872,5,6,industrial,,7,2.06,21.394844005715957,25.96040175020034,-0.9922650079789643,2,5,1606613712.0,55029000.0,0.03425154384590488,1.1880175454297774,0.03507320512381891,2.541623652456464,True,sec,13,-0.08530429334945933,48940463.76,2026-12-09,,True,True,True,True,False,True,False,True,True,False,False,True,True,True,True,True,False,False,True,True
CDW,CDW Corporation,Technology,,4,135.83,22424100000.0,17254800000.0,1.1668313967503978,5817000000.0,14,,16.325722,6.9692154,5,6,industrial,,5,8.08,19.49002394253791,60.40304290422024,-1.2487277704764412,2,5,22436316928.0,1655600000.0,0.07379107744434871,0.2824373507661636,0.05780538489676431,2.795817958179582,True,sec,15,-0.008032547465053202,241840289.29000002,2026-11-03,,True,True,True,True,False,True,False,True,True,False,False,True,True,False,True,True,False,True,False,False
CENT,Central Garden & Pet Company,Consumer Defensive,,4,39.2,3084065024.0,3625643000.0,3.787,1408593024.0,0,,14.518518,1.4044642,5,6,industrial,,8,2.700000096428575,27.910999796221223,41.17758247125908,0.04802570604137286,3,5,2866743808.0,274447000.0,0.09573474938155338,0.27507837920059974,0.06319860901339372,1.5542705807212305,True,yahoo,0,,3841835.2,2026-11-25,CENTA,True,True,True,True,False,True,True,True,False,True,False,True,True,True,True,True,True,True,True,False
CF,"CF Industries Holdings, Inc.",Basic Materials,,4,114.54,7084000000.0,15099000000.0,4.860103626943006,3216000000.0,22,,8.497033,3.0208087,5,6,industrial,,8,8.97,37.905183362367815,107.23910324528597,-0.06808054649631701,3,5,18070269952.0,2300000000.0,0.1272808876740349,0.18040929862904828,0.09755242099508754,0.23014383989993747,True,sec,14,-0.06318299225114246,287727114.42,2026-11-04,,True,True,True,True,True,False,True,True,True,False,False,True,True,True,True,False,True,True,True,True
CHD,"Church & Dwight Company, Inc.",Consumer Defensive,,4,94.11,6203200000.0,9105700000.0,1.1465491259795058,2256200000.0,37,,30.163464,5.1328063,5,6,industrial,,7,3.02,14.803037916498187,35.87641073115556,-1.6231721089722502,3,5,24324659392.0,1077600000.0,0.04430072309067587,0.30473220070944573,0.05318219795562012,1.510490566037736,True,sec,14,-0.0525604840923817,168542163.66,2026-10-30,,True,True,True,True,False,True,False,True,True,True,False,True,True,True,True,True,False,True,False,True
CHE,Chemed Corp,Healthcare,,4,502.9,2529978000.0,1579585000.0,0.91054757602096,140000000.0,39,,25.271357,7.8810863,5,6,industrial,,5,18.34,22.08059909194929,169.030692850792,-1.975199305630981,3,5,6672661456.0,338246000.0,0.05069131743464253,0.5211394132003027,0.07047059378136036,0.24753465132837327,True,sec,13,-0.2456384189518133,80597268.5,2026-10-27,,True,True,True,True,False,True,False,True,True,True,False,True,True,False,True,False,False,True,False,True
CHRD,Chord Energy Corporation,Energy,,4,136.85,4877126000.0,13717388000.0,1.2212331158042193,1481357000.0,6,,9.246622,0.9038492,5,6,industrial,,5,0.74,151.4084280581971,224.54144841671825,0.3905356852155639,3,5,8355193160.0,197425000.0,0.023629016854470903,0.2844563411051725,0.09119614457798361,0.5215825655614429,True,sec,13,-0.14552318560938862,101866897.64999999,2026-11-03,,True,True,True,True,False,True,False,True,True,False,True,True,True,False,True,False,True,True,False,False
CHRW,"C.H. Robinson Worldwide, Inc.",Industrials,,4,153.14,16232763000.0,5843506000.0,1.5815242929130977,1685017000.0,30,,28.254612,11.018852,5,6,industrial,,7,4.83,13.898457045759224,41.16869048633976,-2.719817127795541,2,5,19425027704.0,794961000.0,0.04092457483786763,0.2687128549628824,0.03666066713929847,1.7046812188745784,True,sec,12,-0.056034510788557416,263005545.65999997,2026-10-28,,True,True,True,True,False,True,False,True,True,False,False,True,True,True,True,False,True,True,True,False
CHWY,"Chewy, Inc.",Consumer Cyclical,,4,17.72,12601500000.0,3740600000.0,0.8378586996004359,591700000.0,0,,28.126984,19.198267,5,6,industrial,,6,0.52,0.9229999770291766,3.617115526694773,-3.8989311702167493,2,5,7101650912.0,254300000.0,0.03580857509769976,1.0035555793188258,0.03685684328279507,-0.05344108446298227,True,sec,14,-0.1253274875688392,149359753.6,2026-12-09,,True,True,True,True,False,True,False,True,False,True,False,True,True,False,True,True,True,False,True,False
CI,The Cigna Group,Healthcare,,4,267.96,274900000000.0,157082000000.0,0.845739894172276,31878000000.0,45,,11.077304,1.6579323,5,6,industrial,,7,22.18,104.97536945812809,296.5929301960729,0.09653948992359382,2,5,95426880832.0,9200000000.0,0.09640889359253703,0.38138679161202427,0.07102517391079745,2.056033402922756,True,sec,14,-0.023198074890821353,446877159.96,2026-11-05,,True,True,True,True,False,True,False,True,True,False,False,True,True,True,True,False,True,True,False,True
CL,Colgate-Palmolive Company,Consumer Defensive,,4,84.53,20382000000.0,16790000000.0,1.026024723487313,8938000000.0,54,,33.279526,285.5743,5,6,industrial,,5,2.63,0.1610145158952575,4.1129552383276975,-19.552132250865288,3,5,74846016320.0,3306000000.0,0.044170687533527236,0.7296605122096486,0.04501000616512131,1.8955792682926829,True,sec,15,-0.12304943418701608,396576045.26,2026-10-30,,True,True,True,True,False,True,False,True,True,True,False,True,True,False,True,True,False,True,False,False
CMG,"Chipotle Mexican Grill, Inc.",Consumer Cyclical,,4,32.32,11925601000.0,8864585000.0,0.7153473552939745,0.0,0,,29.925924,18.628242,5,6,industrial,,6,1.14,1.7350726196880044,6.493111956749314,-3.977582431241576,2,5,40220453144.0,1935798000.0,0.04812969145497502,0.3364496714725871,0.059306020015495335,-0.2950822312574548,True,sec,13,-0.06519493016311537,527772542.72,2026-10-28,,True,True,True,True,False,True,False,True,False,True,False,True,True,True,True,False,False,True,False,True
CNM,"Core & Main, Inc.",Industrials,,4,41.38,7647000000.0,6709000000.0,2.4680672268907564,2449000000.0,0,,17.099173,3.7577188,5,6,industrial,,8,2.31,11.012000152858697,24.486801092425083,-0.6898899878269841,2,5,9769272384.0,722000000.0,0.07390519699117849,0.30690117752273066,0.020308499513845443,2.3380743982494527,True,sec,13,-0.028022059919511105,93282851.24000001,2026-12-08,,True,True,True,True,False,True,False,True,False,True,False,True,True,True,True,True,True,True,True,False
CNS,Cohen & Steers Inc,Financial Services,,4,73.12,556116000.0,900979000.0,6.638,134390000.0,23,,22.498463,6.378784,5,6,financial,,3,2.97,11.462676407307912,28.95223323294695,-1.5255392014731075,3,5,3717716480.0,177736000.0,0.04780784144142159,0.3202542734409041,0.04105887087231152,-0.054488049946085304,True,sec,10,0.3037373790066139,19809597.28,2026-10-15,,True,True,True,True,False,True,True,True,True,False,False,True,False,False,False,True,True,False,False,False
CNXN,"PC Connection, Inc.",Technology,,4,92.57,2872746000.0,1427634000.0,2.88018276262669,7546000.0,6,,24.489418,2.4523802,5,6,industrial,,5,3.27,37.77209468300226,56.660237449356906,-0.6337735979793474,3,5,2003146880.0,99282000.0,0.04956301556878345,0.37777889851320434,0.039191610638938536,-1.3803395929048277,True,sec,15,0.0128072040873221,13450050.719999999,2026-10-28,,True,True,True,True,False,True,True,True,True,False,False,True,True,False,False,True,False,True,True,False
COKE,"Coca-Cola Consolidated, Inc.",Consumer Defensive,,4,187.11,7228055000.0,4432475000.0,1.2113936937458787,2513112000.0,40,,25.115437,-24.90483,5,6,industrial,,6,7.449999775038755,-7.513,,,4,5,14796270440.0,950656000.0,0.06424970426534053,0.6480266668170718,0.21619730352912353,2.043597265340999,True,sec,13,-0.08151698543138991,97749819.09,2026-10-28,,True,True,True,True,False,True,False,True,True,True,True,True,True,True,True,False,False,True,False,True
COLM,Columbia Sportswear Company,Consumer Cyclical,,4,57.69,3397351000.0,2797909000.0,2.4925782090178332,461244000.0,21,,15.062663,1.8439558,5,6,industrial,,6,3.24,31.28556638602934,51.92370392244649,-0.11105325009490992,3,5,2789978368.0,207039000.0,0.07420810224719276,0.6135732077061834,0.09027962397670136,0.05612018410784795,True,sec,15,-0.03777928445850098,37846716.839999996,2026-10-29,,True,True,True,True,False,True,True,True,True,False,False,True,True,False,True,False,False,True,True,True
COO,"The Cooper Companies, Inc.",Healthcare,,4,57.41,4092400000.0,12673400000.0,1.2222757955641272,2542600000.0,0,,19.728521,1.3104314,5,6,industrial,,6,1.87,43.809573908469226,53.558005588789094,-0.07192191659984465,1,5,13304715872.0,682900000.0,0.05132766506026443,0.21163223760001262,0.026573682601358433,2.252098462699236,True,sec,14,-0.033234964571464645,173900803.23,2026-09-09,,True,True,True,True,False,True,False,True,False,False,False,True,True,False,True,True,False,True,False,True
COP,ConocoPhillips,Energy,,4,127.06,51824000000.0,124261000000.0,1.5415194346289753,23290000000.0,45,,16.806879,2.3357906,5,6,industrial,,7,6.35,28.96721860204538,96.19214742405617,-0.3208978425220628,2,5,168239929216.0,13889000000.0,0.08255471851850449,0.23739548209011677,0.05970181356332577,0.6270724122281353,True,sec,13,-0.09502579248517234,851831204.9,2026-11-05,,True,True,True,True,False,True,False,True,True,False,False,True,True,False,True,True,True,True,False,True
CRC,California Resources Corporatio,Energy,,4,51.66,2910000000.0,7103000000.0,0.6606635071090048,1403000000.0,6,,,1.3487546,5,6,industrial,,5,4.15,38.30223033481925,,,2,5,5935435968.0,598000000.0,0.10075081312038846,0.19694718357422666,0.11114898487344435,1.2146077547339946,True,sec,12,-0.07067436294523441,43014957.3,2026-11-03,,True,True,True,True,True,False,False,True,True,False,False,True,True,False,True,False,False,True,False,True
CRH,CRH PLC,Basic Materials,,4,81.7,37447000000.0,58552000000.0,1.5788313120176405,17926000000.0,38,,14.4346285,2.2635338,5,6,industrial,,6,5.51,36.09424465427793,67.79802114740424,-0.2050499205923803,2,5,69254739776.0,5440000000.0,0.07855058032988543,0.23104249214373548,0.0217280357316181,1.9616903633491312,True,sec,14,-0.03197158081705151,378567652.7,2026-10-29,,True,True,True,True,False,True,False,True,True,False,False,True,True,False,True,False,True,True,True,False
CRM,"Salesforce, Inc.",Technology,,4,236.69,41525000000.0,109620000000.0,0.8385100243013366,39288000000.0,3,,21.265947,5.0756993,5,6,industrial,,7,7.8,41.31108719052745,108.06395609328938,-1.1902770225779111,3,5,222680864064.0,8331000000.0,0.03741228522270155,0.2942437511403029,0.07280955408447579,2.925716084356311,True,sec,15,-0.06877394636015326,3248907059.87,2026-12-02,,True,True,True,True,False,True,False,True,True,True,False,True,True,True,True,False,False,True,True,True
CRUS,"Cirrus Logic, Inc.",Technology,,4,120.17,1997379000.0,2560280000.0,7.583468862583634,130464000.0,0,,14.690708,2.7691493,5,6,industrial,,8,7.85,43.26687880464859,89.3702085038802,-0.34463152779578166,3,5,5261829120.0,460380000.0,0.08749428943827046,0.41174090333869734,0.04648536008502634,-1.2777961144307162,True,sec,14,-0.09225162872810787,96628216.32000001,2026-11-03,,True,True,True,True,False,True,True,True,False,True,False,True,True,True,True,True,True,True,True,False
CSCO,"Cisco Systems, Inc.",Technology,,4,108.76,56654000000.0,129637000000.0,0.9311258278145695,29533000000.0,16,,32.660664,8.534882,5,6,industrial,,7,2.55,12.743284338570705,30.89933924440061,-2.5198163669376465,3,5,442410756544.0,11760000000.0,0.026581632173381407,0.28379243580150726,0.027288049896546318,1.0926966292134832,True,sec,15,-0.03095566852056126,2153186214.6800003,2026-11-12,,True,True,True,True,False,True,False,True,True,True,False,True,True,True,True,True,False,True,False,True
CSGP,"CoStar Group, Inc.",Real Estate,,4,27.72,3247000000.0,10139000000.0,2.214190093708166,994000000.0,0,,153.99998,1.4146466,5,6,financial,,5,0.02,18.98061737257717,8.908409506913863,-2.1116665638783627,2,5,10960076800.0,-72000000.0,-0.006569297032663129,0.25258901272314827,0.044515365137104475,-1.4240837696335078,True,sec,14,-0.0417694052667916,194189189.04,2026-10-27,,True,True,True,True,False,True,True,True,False,False,False,True,True,False,True,True,False,False,False,True
CSL,Carlisle Companies Incorporated,Industrials,,4,325.21,5019900000.0,6234700000.0,2.6002943174100066,2889900000.0,40,,18.456865,7.984924,5,6,industrial,,5,17.12,40.63316582914573,127.06934438518377,-1.5593112294197005,2,5,15140032448.0,1002500000.0,0.06621518173380338,0.2621136542255441,0.11467676409312594,1.8553794829024186,True,sec,14,-0.05791778273212825,182334840.28,2026-10-28,,True,True,True,True,False,True,False,True,True,False,False,True,True,False,True,False,True,True,False,False
CTAS,Cintas Corporation,Industrials,,4,195.6,11264761000.0,10529140000.0,1.433978709760737,2428073000.0,40,,38.42829,15.014969,5,6,industrial,,8,4.91,12.844996963615872,38.62534395803049,-4.0640325743774595,3,5,80284582808.0,2606512000.0,0.03246590950386396,0.5420948909407606,0.0211603791846258,0.6857356545802052,True,sec,14,-0.02624259911065861,424863542.4,2026-12-17,,True,True,True,True,False,True,False,True,True,True,False,True,True,True,True,True,False,True,True,True
CTVA,"Corteva, Inc.",Basic Materials,,4,12.57,17401000000.0,41642000000.0,1.5160811938085086,4875000000.0,8,,7.6181817,0.33325377,5,6,industrial,,7,1.6,37.429909114307094,37.42082326225329,0.6640907680756595,4,5,10896653696.0,1868000000.0,0.17142877548597465,0.19761298688823783,0.18434050767320487,0.08280697139189563,True,sec,13,-0.055520868354065604,55932741.57,2026-11-03,,True,True,True,True,True,False,True,True,True,False,True,True,True,True,True,True,False,True,True,False
CVCO,"Cavco Industries, Inc.",Consumer Cyclical,,4,577.2,2244505000.0,1541448000.0,2.2285858031954255,41112000.0,0,,25.095654,4.007443,5,6,industrial,,8,23.98,144.03220812521508,273.01382873322257,-1.114178621200962,2,5,4217960960.0,228569000.0,0.054189453664360135,0.34181302256060536,0.03602441986300208,-0.773674880891192,True,sec,15,-0.04950085893263996,61530097.2,2026-10-29,,True,True,True,True,False,True,True,True,False,False,False,True,True,True,True,True,False,True,True,True
CVSA,Covista Inc.,Consumer Defensive,,4,123.32,1788290000.0,3012708000.0,1.0931956033644985,662850000.0,0,,16.31217,2.9020567,5,6,industrial,,6,6.18,42.493609144066056,85.01899344870081,-0.4504994119273999,2,5,4454201328.0,341542000.0,0.07667861752296617,0.3375235834339073,0.050772246428004694,0.6711262962924206,True,sec,13,-0.033469556292876707,44491882.879999995,2026-10-29,,True,True,True,True,False,True,False,True,False,True,False,True,True,False,True,False,True,True,True,False
CVX,Chevron Corporation,Energy,,4,207.1,184432000000.0,330135000000.0,1.252159730893708,50699000000.0,43,,20.145916,2.1394627,5,6,industrial,,5,6.63,77.73562884039278,149.63234733382487,-0.3840590199254622,2,5,447365062976.0,20960000000.0,0.04685211639140549,0.23086918987686855,0.06112029142516032,0.6075954798368488,True,sec,13,-0.06554591303557636,1765835664.8,2026-10-30,,True,True,True,True,False,True,False,True,True,False,False,True,True,False,True,False,True,False,True,False
CW,Curtiss-Wright Corporation,Industrials,,4,544.94,3498372000.0,5455666000.0,1.6017452246903396,957387000.0,40,,37.5303,7.26577,5,6,industrial,,8,12.87,75.00066745844659,156.53379178101235,-2.481293040945179,3,5,20607293872.0,633521000.0,0.030742561538407123,0.23856555734900195,0.024826134690425924,0.633276982031759,True,sec,14,-0.02917590629631653,189186274.86,2026-11-04,,True,True,True,True,False,True,False,True,True,True,False,True,True,True,True,True,False,True,True,True
DCI,"Donaldson Company, Inc.",Industrials,,4,87.76,3690900000.0,3986800000.0,2.0764830244994403,1324800000.0,40,,22.794806,5.7698884,5,6,industrial,,6,3.05,11.635207314348706,36.298294243183584,-1.4177444651267699,3,5,11246672640.0,495400000.0,0.044048583599566746,0.3226146282733019,0.04555520839834667,1.8060178181206925,True,sec,14,-0.012992876492425002,59399566.160000004,2026-08-26,,True,True,True,True,False,True,False,True,True,True,False,True,True,False,True,False,True,True,False,True
DFH,"Dream Finders Homes, Inc.",Consumer Cyclical,,4,10.89,4322848000.0,3959670000.0,7.59,1817113000.0,0,,7.723405,0.69147253,5,6,industrial,,3,2.14,15.74899873462797,22.35255995812811,0.5128074806465268,2,5,2599546488.0,269554000.0,0.10369270226338033,0.3310970358640998,0.04229418543202236,7.786297546525475,True,sec,9,0.08030416676137153,8160769.98,2026-10-29,,True,True,False,True,True,True,False,True,False,False,True,True,False,False,False,False,True,True,False,False
DFIN,"Donnelley Financial Solutions, ",Technology,,4,47.49,767000000.0,834300000.0,1.3257142857142856,204000000.0,0,,30.638712,3.0279267,5,6,industrial,,7,1.15,15.68421052631579,23.38759139633177,-1.0305639514229146,1,5,1346259936.0,141100000.0,0.1048088829110042,0.6079460269865068,0.15682278429944346,0.8917165668662674,True,sec,12,-0.1588157737025051,11341419.33,2026-10-29,,False,True,True,True,True,True,False,True,False,False,False,True,True,False,True,False,True,True,True,True
DGX,Quest Diagnostics Incorporated,Healthcare,,4,231.09,11035000000.0,16939000000.0,1.5906040268456376,5642000000.0,23,,24.531847,3.3821182,5,6,industrial,,8,8.75,46.39506172839506,120.34080081121716,-0.9202963453975929,3,5,30522179072.0,1556000000.0,0.05097932216207397,0.2163646023968357,0.03148256733136136,2.359360301034807,True,sec,13,-0.05277761379066061,234790213.08,2026-10-22,,True,True,True,True,False,True,False,True,True,True,False,True,True,True,True,True,False,True,True,True
DOV,Dover Corporation,Industrials,,4,188.06,8092571000.0,13694216000.0,1.9786871607495637,3941780000.0,45,,22.740023,3.2876472,5,6,industrial,,6,7.94,29.582833913674072,103.16909895642684,-0.8228326301408001,3,5,27513771112.0,1373361000.0,0.04991540397750184,0.23500206218450184,0.03252164530085665,1.2469402796904396,True,sec,14,-0.017821319599457174,230105326.44,2026-10-22,,True,True,True,True,False,True,False,True,True,True,False,True,True,False,True,True,False,True,True,False
DRI,"Darden Restaurants, Inc.",Consumer Cyclical,,4,197.41,13210900000.0,12862400000.0,0.3137352765022959,1927700000.0,32,,19.353922,10.20154,5,6,industrial,,7,10.38,19.34706397896582,66.64123639959557,-1.962279973563006,3,5,24122478656.0,1582800000.0,0.06561514770399886,0.20852251523821372,0.05976993596630335,0.796772237511078,True,sec,13,-0.05025500684164697,245825197.32,2026-12-24,,True,True,True,True,False,True,False,True,True,True,False,True,True,True,True,True,False,True,False,True
DT,"Dynatrace, Inc.",Technology,,4,59.26,2018387000.0,4109494000.0,1.2076477540791455,159272992.0,0,,113.96154,7.020495,5,6,industrial,,6,0.54,8.440784889983394,9.937791581041886,-4.9630954741543425,2,5,16176674816.0,245387000.0,0.015169186671001943,0.4005804607574558,0.027833539073493223,-3.218595412903374,True,sec,15,-0.09705574457585289,366070709.15999997,2026-11-04,,True,True,True,True,False,True,False,True,False,True,False,True,True,False,True,False,False,True,True,True
DXC,DXC Technology Company,Technology,,4,11.64,12644000000.0,12926000000.0,1.4078140960163432,3504000000.0,0,,16.166666,0.6125994,5,6,industrial,,6,0.1,18.166522258562598,17.54469096267278,0.3365514374254474,2,5,3406824000.0,970000000.0,0.2847226625149993,0.23514352211016293,0.13388363630106934,0.7188661710037175,True,sec,12,-0.09515704781061426,38063382.0,2026-10-29,,True,False,True,True,True,True,False,False,False,True,True,True,True,False,True,False,True,True,False,True
EAT,"Brinker International, Inc.",Consumer Cyclical,,4,194.33,5807400000.0,2815000000.0,0.4547066646963204,444800000.0,0,,17.795788,18.482975,5,6,industrial,,9,10.87,10.514218009478673,50.826073479706054,-2.823431296096334,2,5,8473585280.0,619900000.0,0.07315675472850142,0.38468916518650087,0.05454130865091455,0.4002390914524806,True,sec,12,-0.10742451154529307,233838066.32000002,2026-10-28,,True,True,True,True,False,True,False,True,False,True,False,True,True,True,True,True,True,True,True,True
ECL,Ecolab Inc.,Basic Materials,,4,271.26,16081200000.0,29927000000.0,1.8407443290014365,13176200000.0,41,,36.45968,7.562309,5,6,industrial,,6,7.28,35.87406350338922,77.48959315600906,-2.500599099209036,3,5,84082836896.0,2737600000.0,0.03255836864051186,0.23892805827513616,0.020217791165717546,2.357896897542666,True,sec,13,-0.02930464129381495,344987925.47999996,2026-10-27,,True,True,True,True,False,True,False,True,True,True,False,True,True,False,True,True,False,True,True,False
EFOR,"Everforth, Inc.",Technology,,4,36.19,3980400000.0,4023500000.0,2.1266149870801034,1169400000.0,0,,16.911213,0.82000273,5,6,industrial,,4,2.6,44.13447432762836,46.098289739639505,0.2149383370966897,2,5,2500289952.0,230300000.0,0.09210931708771672,0.28559711693798934,0.1146388676987078,2.9566608493310063,True,sec,14,-0.05328693923201193,30434450.97,2026-10-28,,True,True,True,True,False,True,False,True,False,False,True,True,True,False,True,False,False,True,False,False
EFX,"Equifax, Inc.",Industrials,,4,139.73,6074500000.0,11981800000.0,0.6022852789944773,5467100000.0,40,,24.514034,3.7514427,5,6,industrial,,8,5.32,37.24659863945578,69.11532704207944,-1.021693392479041,2,5,21713163840.0,1095200000.0,0.05043944807262137,0.28901232278619715,0.07068033745940001,2.907085231326491,True,sec,12,-0.07973760202974511,217328636.30999997,2026-10-20,,True,True,True,True,False,True,False,True,True,False,False,True,True,True,True,True,False,True,True,True
ELV,"Elevance Health, Inc.",Healthcare,,4,381.67,199125000000.0,126438000000.0,1.5181452524065622,31044000000.0,16,,16.865665,1.8439412,5,6,industrial,,4,25.21,206.9856243980559,324.64148408446613,-0.17566613852928312,2,5,77865508672.0,7199000000.0,0.09245428589345002,1.4073854379221438,0.049944118721611676,-0.5611206403659234,True,sec,14,0.010851168161470444,466873247.46000004,2026-10-21,,True,True,True,True,False,True,False,True,True,False,False,True,True,False,False,False,,True,,True
EMR,Emerson Electric Company,Industrials,,4,158.57,18016000000.0,42208000000.0,0.8963052357965094,13113000000.0,55,,33.88248,4.340222,5,6,industrial,,7,4.04,36.53460021513087,62.02527777794487,-1.556538328900234,2,5,99383351104.0,3321000000.0,0.033416059763619055,0.225525966641395,0.02667032940577348,2.023440185374768,True,sec,13,-0.019072213798332068,404587073.60999995,2026-11-04,,True,True,True,True,False,True,False,True,True,False,False,True,True,True,True,False,False,True,True,True
ENS,EnerSys,Industrials,,4,189.59,3751376000.0,3956935000.0,2.79543500885202,1038932000.0,14,,20.342276,3.4946177,5,6,industrial,,6,7.7,54.25159974607861,106.66135051225783,-0.7774948384720834,4,5,7345874888.0,426460000.0,0.05805435111570607,0.27737680805977355,0.059790957053768114,0.9412075153050454,True,sec,13,-0.06419008651898503,97383282.68,2026-11-04,,True,True,True,True,False,True,True,True,True,True,False,True,True,False,True,True,False,True,False,True
EOG,"EOG Resources, Inc.",Energy,,4,141.31,22632000000.0,54783000000.0,1.8513589503280226,7926000000.0,37,,10.996886,2.3304636,5,6,industrial,,4,9.12,54.09439562011953,132.4061421678471,-0.06724656187675772,2,5,77140216000.0,6385000000.0,0.08277135236437502,0.2762987702465299,0.06374693043352123,0.27835146597824084,True,sec,12,-0.09243743497070259,431826685.42,2026-11-05,,True,True,True,True,False,True,False,True,True,False,False,True,True,False,True,False,False,True,False,False
ESNT,Essent Group Ltd.,Financial Services,,4,58.86,1260935000.0,7591882000.0,1.791,495972000.0,8,,8.243698,0.93409294,5,6,financial,,5,6.9,63.013496372780274,100.61330965900268,0.41498793549792223,4,5,5087883264.0,854558000.0,0.1679594353208808,,0.13416417782570092,0.4344497612917445,False,sec,9,-0.021876525478135723,37991010.42,2026-11-06,,True,True,True,True,True,False,True,True,True,False,True,True,True,False,True,True,,True,,False
EXE,Expand Energy Corporation,Energy,,4,85.96,12124000000.0,28030000000.0,0.9585160202360877,4560000000.0,6,,7.4103446,1.037851,5,6,industrial,,8,7.57,82.82493113380072,147.02830809649745,0.4153506823761937,2,5,23797065792.0,2471000000.0,0.10383633098290171,0.2191112525188249,0.04346719297519798,0.7149146945514584,True,sec,12,-0.0983232251159472,287647346.28,2026-10-27,,True,False,True,True,True,True,False,False,True,False,True,True,True,True,True,True,True,False,True,True
EXEL,"Exelixis, Inc.",Healthcare,,4,57.94,2320126000.0,2494234000.0,3.4560063217168104,165928992.0,0,,18.220125,7.8212743,5,6,industrial,,7,2.78,7.408088072804709,23.022650211011374,-1.5166520565164214,3,5,13683015680.0,872191000.0,0.0637426003446632,0.8966396095955712,0.06599888052264084,-0.3102543224670435,True,sec,14,-0.040760810733876614,137889378.1,2026-10-27,,True,True,True,True,False,True,True,True,False,True,False,True,True,True,True,True,,True,False,True
EXLS,"ExlService Holdings, Inc.",Technology,,4,36.48,2087679000.0,1747887000.0,1.2439237912245646,381155000.0,0,,23.088606,6.3899107,5,6,industrial,,8,1.54,5.708534640255072,14.246226271663769,-1.5606781265688559,2,5,5628154680.0,313750000.0,0.055746513349203115,0.4583110921930308,0.058264920135729224,0.2609424179218119,True,sec,14,-0.057050026689368365,80782333.44,2026-10-27,,True,True,True,True,False,True,False,True,False,True,False,True,True,True,True,True,False,True,True,True
EXP,Eagle Materials Inc,Basic Materials,,4,173.07,2308658000.0,3908165000.0,3.231414355304745,1757011000.0,31,,13.638299,3.5854568,5,6,industrial,,5,13.16,48.270053009564435,117.39800096874758,-0.4742159029272807,2,5,6832450688.0,716902000.0,0.10492604085077592,0.1669691530424125,0.07801764225126985,1.7279821425330744,True,sec,14,-0.04870751362851875,76571533.17,2026-10-29,,True,True,True,True,True,False,False,True,True,False,False,True,True,False,True,False,True,True,False,False
EXPD,Expeditors International of Was,Industrials,,4,187.74,11069009000.0,5134910000.0,1.5655862732365464,567284992.0,34,,26.896849,11.521326,5,6,industrial,,8,5.95,16.295075410895162,50.587840141716875,-2.711168523385557,3,5,23942647808.0,1052546000.0,0.04396113614670099,0.2922847991616871,0.035843598992731006,-0.5911147456042207,True,sec,12,-0.0382030064791788,200636987.04000002,2026-11-03,,True,True,True,True,False,True,True,True,True,False,False,True,True,False,True,True,True,True,True,True
EXPE,"Expedia Group, Inc.",Consumer Cyclical,,4,262.67,14733000000.0,29061000000.0,0.800923651370738,5459000000.0,2,,16.561792,26.071466,5,6,industrial,,7,9.81,10.561442436207665,59.96051357234547,-3.3807163139634393,3,5,29858201344.0,1871000000.0,0.06266285026495667,0.542982169147718,0.06756284960431419,-0.6047860768672951,True,sec,13,-0.08874436530057465,478877354.38000005,2026-11-05,,True,True,True,True,False,True,False,True,True,True,False,True,True,False,True,True,True,True,True,False
FAF,First American Corporation (New,Financial Services,,4,61.51,7452200000.0,18941000000.0,0.396,2789199872.0,17,,8.531206,1.1162124,5,6,financial,,7,6.0,55.10588235294118,94.54930705260962,0.3494399703450573,4,5,6364271104.0,983200000.0,0.15448744780561754,,0.05498257922597002,0.9657033508464682,False,sec,9,-0.017369727047146403,49181981.269999996,2026-10-21,,True,True,True,True,True,False,False,True,True,True,True,True,True,True,True,True,,True,,True
FCN,"FTI Consulting, Inc.",Industrials,,4,141.72,3788857000.0,3534725000.0,2.027984871936778,1019320000.0,0,,17.157385,2.8830662,5,6,industrial,,5,8.24,48.15703971119134,95.58055480289312,-0.48272836762933596,2,5,4768685576.0,389077000.0,0.08158998822613923,0.34443273521985446,0.21943682511627285,1.967553657543792,True,sec,14,0.033592146489472306,58822444.92,2026-10-29,,True,True,True,True,False,True,False,True,False,True,False,True,True,False,False,False,False,True,True,True
FDS,FactSet Research Systems Inc.,Financial Services,,4,277.61,2321748000.0,4191997000.0,0.683301853742471,1389701000.0,28,,19.040466,4.8871555,5,6,financial,,6,15.55,56.80365228905479,136.50843877889628,-1.0336471685069006,3,5,10958815656.0,748303000.0,0.06828319989033677,0.29197683109028943,0.04663361163215634,1.1980929233526934,True,sec,14,-0.030825403739554204,245297306.44,2026-12-17,,True,True,True,True,False,True,False,True,True,True,False,True,True,True,True,False,True,True,False,False
FDX,FedEx Corporation,Industrials,,4,287.07,94720000000.0,98937000000.0,1.4754124365482233,25714000000.0,25,,15.467134,2.1770322,5,6,industrial,,5,18.55,99.51886792452831,234.6614327648045,-0.22333694385870112,3,5,80343982784.0,5463000000.0,0.0679951355496895,0.20843567118469328,0.03193948499242245,1.2614930838079739,True,sec,12,-0.09020887602211508,450117434.96999997,2026-10-28,,True,True,True,True,False,True,False,True,True,True,False,True,True,False,True,False,True,False,True,False
FELE,"Franklin Electric Co., Inc.",Industrials,,4,96.47,2131250000.0,2150732000.0,2.406483588088557,242808000.0,34,,27.721264,3.030408,5,6,industrial,,5,3.22,31.834011851449766,49.92596538215331,-0.9322610842190038,3,5,4410605064.0,268978000.0,0.06098437654176692,0.35147335883782826,0.04930763241118843,0.43852247832624686,True,sec,14,-0.042677562801873965,26723540.58,2026-10-27,,True,True,True,True,False,True,True,True,True,False,False,True,True,False,True,False,True,True,False,False
FERG,Ferguson Enterprises Inc.,Industrials,,4,221.49,30762000000.0,19303000000.0,1.7291830014113219,4904000000.0,14,,21.821676,6.909902,5,6,industrial,,3,9.32,30.798151453329304,85.55893825852804,-1.588741801946369,3,5,47314842304.0,2606000000.0,0.05507785449767184,0.4887841268196653,0.033537278022185285,1.499496475327291,True,sec,14,-0.0026938817800341917,513359111.97,2026-11-09,,True,True,True,True,False,True,True,True,True,False,False,,True,,,True,False,True,,
FLS,Flowserve Corporation,Industrials,,4,73.06,4729260000.0,6320288000.0,2.1525985072515277,2135164000.0,20,,25.456446,4.114665,5,6,industrial,,7,2.64,12781.116899424751,33.86139142618705,-1.1576195461211414,3,5,10691016776.0,399924000.0,0.03740748035283038,0.25021597117093397,0.03924889669831922,2.8345162683849505,True,sec,14,-0.025257867995888795,124203095.9,2026-10-27,,True,True,True,True,False,True,False,True,True,True,False,True,True,True,True,False,True,True,True,False
FNF,"Fidelity National Financial, In",Financial Services,,4,39.11,2099000000.0,114528000000.0,0.94,4378000000.0,22,,13.627178,1.4063287,5,6,financial,,5,2.21,27.809701492537314,42.37724221612017,0.07709898155848671,2,5,11285021440.0,1639000000.0,0.14523676438846003,,0.06482968920311408,0.9995849431189026,False,sec,9,-0.04563076278290025,77770469.66,2026-11-05,,True,True,True,True,True,False,False,True,True,False,False,True,True,False,True,True,,True,,False
FOX,Fox Corporation,Communication Services,,4,54.92,16300000000.0,22482000000.0,3.1694788151481066,6606000000.0,8,,14.302083,1.9817414,5,6,industrial,,6,4.91,27.713000293580183,48.93264024320366,-0.12235922130990959,3,5,25559315008.0,2679000000.0,0.10481501554957477,,0.05514218109386899,0.8663060563851559,False,sec,10,-0.04719331020371853,65131001.0,2026-10-29,FOXA,True,True,True,True,True,False,False,True,True,True,False,True,True,False,True,False,True,True,,True
FTDR,"frontdoor, inc.",Consumer Cyclical,,4,75.45,2093000000.0,2186000000.0,1.5908045977011493,1160000000.0,0,,19.907652,18.406927,5,6,industrial,,9,3.42,4.099032391650883,18.696049016967482,-3.0356120125447807,2,5,5731000128.0,417000000.0,0.07276216902572716,0.529277218664227,0.05444401558891227,1.197674418604651,True,sec,14,-0.0736505032021958,41410128.9,2026-11-04,,True,True,True,True,False,True,False,True,False,True,False,True,True,True,True,True,True,True,True,True
FTV,Fortive Corporation,Technology,,4,55.84,4159100000.0,11615000000.0,1.2413337478625837,3509300000.0,11,,29.544973,2.7880967,5,6,industrial,,6,1.73,20.028420356906807,29.183740420264073,-0.9133942118408799,2,5,19999732832.0,720200000.0,0.036010481042409954,0.22738699956952216,0.10093904901208109,2.7078079115564,True,sec,14,-0.04739560912613001,135961856.48000002,2026-10-28,,True,True,True,True,False,True,False,True,True,False,False,True,True,True,True,False,False,True,False,True
GAP,"Gap, Inc. (The)",Consumer Cyclical,,4,22.73,15366000000.0,12856000000.0,1.8224153989444272,1493000000.0,41,,6.8463855,2.0193675,5,6,industrial,,6,2.13,11.256410256410257,28.99695128325763,0.21612448915883326,3,5,6992370176.0,1115000000.0,0.15945952115450474,0.48755444928438085,0.05034836701439029,-0.6157666045934203,True,sec,15,-0.037103298070939636,164085256.05,2026-11-19,,True,False,True,True,True,True,True,False,True,True,False,True,True,False,True,True,True,True,False,False
GDDY,GoDaddy Inc.,Technology,,4,96.98,4951100000.0,7996600000.0,0.6321253484571758,3774400000.0,0,,14.410105,1829.8114,5,6,industrial,,5,6.22,0.0528249522998565,2.832935659291092,-33.23304009109338,2,5,14901194272.0,1127300000.0,0.07565165445284117,0.3919899438698677,0.1279402663053211,2.1053943243025968,True,sec,12,-0.09058850011254783,210733175.9,2026-10-29,,True,True,True,True,False,True,False,True,False,True,False,True,True,False,True,False,False,True,False,True
GGG,Graco Inc.,Industrials,,4,77.76,2236604000.0,3130453000.0,2.992367509012696,1624000.0,40,,24.452831,4.991976,5,6,industrial,,6,3.08,15.275118564536262,33.384639694210044,-1.3292148938029742,4,5,12087578856.0,624797000.0,0.051689176752701384,0.3747646107448347,0.04474019646934484,-0.6909727817762179,True,sec,14,-0.05167047708430697,140080907.52,2026-10-21,,True,True,True,True,False,True,True,True,True,True,False,True,True,True,True,False,False,True,False,True
GIII,"G-III Apparel Group, LTD.",Consumer Cyclical,,4,27.57,2957012000.0,2751847000.0,2.7044761438004707,7835000.0,2,,9.069079,0.6441288,5,6,industrial,,5,1.51,36.827151996113045,54.107824643886005,0.49046186607105974,4,5,660750344.0,107986000.0,0.1634293511620177,0.42299917110217244,0.045671902486551993,-3.8054553948117547,True,sec,14,-0.10868214947996746,16835978.91,2026-09-02,,True,False,True,True,True,True,True,False,True,True,True,True,True,False,True,False,True,True,False,False
GILD,"Gilead Sciences, Inc.",Healthcare,,4,147.5,29443000000.0,49362000000.0,1.265426497277677,26246000000.0,12,,,15.474193,5,6,industrial,,8,6.78,9.531829170024174,,,3,5,205960395968.0,10022000000.0,0.04865984041687857,0.4701794902961792,0.03016511323878137,2.219688221709007,True,sec,14,-0.03057007414610429,928226792.5,2026-10-29,,True,True,True,True,False,True,False,True,True,True,False,True,True,True,True,True,False,True,True,True
GOLF,Acushnet Holdings Corp.,Consumer Cyclical,,4,83.41,2558730000.0,2576076000.0,2.5501672475967574,960066000.0,10,,22.422045,5.2677784,5,6,industrial,,5,3.11,15.833821061383025,36.4047473800447,-1.2911846943819554,2,5,5763689800.0,299428000.0,0.051950748633280024,0.4740752990206811,0.05494743701243592,2.515011840324763,True,sec,14,-0.0022611910518167944,29991817.11,2026-11-04,,True,True,True,True,False,True,False,True,True,False,False,True,True,False,True,False,True,True,False,False
GPI,"Group 1 Automotive, Inc.",Consumer Cyclical,,4,256.7,22571400000.0,10286500000.0,1.0198250728862974,3363000000.0,17,,9.949614,1.0257988,5,6,industrial,,4,25.24,118.45561515607537,381.13858577546705,0.3264917025451084,3,5,6258935200.0,734000000.0,0.11727234370472472,0.35209254848587956,0.189646230706012,5.588636139326717,True,sec,13,-0.035901424196762746,57642755.099999994,2026-10-27,,True,True,False,True,True,True,False,True,True,False,True,True,,False,,False,True,True,False,True
GWW,"W.W. Grainger, Inc.",Industrials,,4,1281.68,17942000000.0,9618000000.0,2.8054256314312442,2408000000.0,42,,32.66259,14.613368,5,6,industrial,,6,35.4,37.671251333643,278.27256824897546,-3.605843860445698,4,5,62187338944.0,2495000000.0,0.04012070692149667,0.7287377833229362,0.025046241563853357,0.6438938053097345,True,sec,14,-0.03212726138490331,336757574.96000004,2026-11-04,,True,True,True,True,False,True,True,True,True,True,False,True,True,False,True,False,True,True,False,True
HCSG,"Healthcare Services Group, Inc.",Healthcare,,4,20.58,1837173000.0,820857000.0,3.0221722535855156,17729000.0,0,,12.035088,2.6965408,5,6,industrial,,7,0.81,7.6319373961137345,17.13596224078639,-0.20098303852562388,3,5,1265457664.0,69446000.0,0.05487816935770678,0.29165250463844494,0.04360223016861881,-0.7924194380945359,True,sec,13,-0.10465769311828979,14536003.86,2026-10-21,,True,True,True,True,False,True,True,True,False,True,False,True,True,True,True,False,True,True,False,True
HD,"Home Depot, Inc. (The)",Consumer Cyclical,,4,282.46,164683000000.0,109384000000.0,1.0780839144849663,52896000000.0,40,,19.780111,16.964565,5,6,industrial,,4,14.23,16.650300601202403,73.14126841438974,-2.8618416951657495,2,5,332618388672.0,20890000000.0,0.06280470566706985,0.5015815841439333,0.03136184626545291,2.0820767087362726,True,sec,14,-0.019792657061361806,1158854856.12,2026-11-17,,True,True,True,True,False,True,False,True,True,False,False,True,True,False,True,True,False,False,False,False
HIG,"The Hartford Insurance Group, I",Financial Services,,4,125.74,1506000000.0,87983000000.0,1.772,4371000000.0,31,,8.6837015,1.7697146,5,6,financial,,7,13.32,60.04705868996397,152.14604064618757,0.17355719895198765,4,5,38227444224.0,4959000000.0,0.12972355596000412,,0.06479847367693795,0.7610096844628069,False,sec,9,-0.02370912562654149,201305842.06,2026-10-26,,True,True,True,True,True,False,True,True,True,True,False,True,True,True,True,True,,True,,True
HMN,Horace Mann Educators Corporati,Financial Services,,4,44.94,1701400000.0,15604400000.0,2.872,594200000.0,35,,10.499999,1.2108638,5,6,financial,,5,3.9,22.23864311752838,59.78359820299247,0.24828880577899837,4,5,2368117376.0,237600000.0,0.10033286458179343,,0.042799437567701125,2.0191965872733735,False,sec,9,-0.025063443644100382,12703594.26,2026-11-03,,True,True,True,True,True,False,True,True,True,True,False,True,True,True,True,False,,True,,False
HOG,"Harley-Davidson, Inc.",Consumer Cyclical,,4,24.83,3603979000.0,7245865000.0,1.9030997143624908,2242454000.0,34,,13.794445,0.8338091,5,6,industrial,,8,2.78,27.755941269828604,34.72822186176773,0.2850195412010044,4,5,2930785320.0,386635000.0,0.1319219791915704,0.11898620799587074,0.17013836259760537,0.6201454009438181,True,sec,13,-0.03176763574811289,52489428.16,2026-11-04,,True,True,True,True,True,False,True,True,True,False,True,True,True,True,True,True,True,True,False,True
HPQ,HP Inc.,Technology,,4,32.15,55295000000.0,45701000000.0,0.7875040485233931,9160000000.0,62,,12.270993,-315.1961,5,6,industrial,,5,2.65,-0.10188261351052048,,,3,5,33983581632.0,3174000000.0,0.09339804245386728,0.24927244480427124,0.06684468546467659,1.2202933985330073,True,sec,14,-0.025557427627404216,493383287.79999995,2026-11-24,,True,True,True,True,False,True,False,True,True,False,True,True,True,False,True,False,True,True,False,False
HRMY,"Harmony Biosciences Holdings, I",Healthcare,,4,39.57,868453000.0,1373084000.0,3.4790190968513692,153961000.0,0,,12.805825,2.301518,5,6,industrial,,5,2.71,17.192550777309183,34.57373827994281,-0.14451031241118817,2,5,1790583952.0,208469000.0,0.11642514709637027,0.48803350705419335,0.04339498114616518,-2.4616261689406715,True,sec,15,-0.13801923261796073,35115090.69,2026-11-03,,False,True,True,True,True,True,True,True,False,False,False,True,True,False,True,True,True,False,False,False
HST,"Host Hotels & Resorts, Inc.",Real Estate,,4,22.51,6114000000.0,13253000000.0,1.671,1274000000.0,5,,15.107383,2.4136822,5,6,financial,,8,1.1,9.325547445255474,17.682028671930382,-0.2730439712346954,3,5,14959292480.0,855000000.0,0.057155109517585956,0.24645566710092728,0.05288301143220465,-0.4115151515151515,True,sec,10,-0.056213687466988606,202014239.22000003,2026-11-04,,True,True,True,True,False,True,False,True,True,True,False,True,True,True,True,True,True,True,False,True
HSY,The Hershey Company,Consumer Defensive,,4,159.3,11692576000.0,13973052000.0,1.1800970090419873,5610680000.0,42,,21.556158,7.01484,5,6,industrial,,4,7.389999646504726,22.49407285526061,61.44866766174453,-1.5924077130019498,2,5,36826925816.0,1441528000.0,0.03914331614868887,0.280732584406041,0.03390759654613625,2.4775833590800875,True,sec,13,-0.09977118814128796,241733926.8,2026-11-05,,True,True,True,True,False,True,False,True,True,False,False,True,True,False,True,False,True,False,False,False
IBP,"Installed Building Products, In",Consumer Cyclical,,4,192.7,2970800000.0,2251200000.0,2.9834796076406813,1062200000.0,6,,20.698174,7.95985,5,6,industrial,,8,9.71,24.06019631615256,71.21221839643593,-1.7059963070837905,3,5,5789507360.0,386400000.0,0.06674142996512228,0.44833866382373844,0.050802379260121176,1.4910674408217954,True,sec,14,-0.04708599857853589,72960459.39999999,2026-11-04,,True,True,True,True,False,True,False,True,True,True,False,True,True,True,True,False,True,True,True,True
IDXX,"IDEXX Laboratories, Inc.",Healthcare,,4,517.75,4303702000.0,3442335000.0,1.172268408320487,449864000.0,0,,37.14132,25.324041,5,6,industrial,,8,13.08,20.444950173694753,80.07854902605838,-5.46552673964558,2,5,41041857464.0,1360031000.0,0.03313765711488462,0.7726089994146416,0.029835646718333792,0.1680365715439798,True,sec,14,-0.0355401202962524,295585028.25,2026-11-02,,True,True,True,True,False,True,False,True,False,True,False,True,True,True,True,True,False,True,True,True
IEX,IDEX Corporation,Industrials,,4,229.85,3457500000.0,6930000000.0,3.0490027510316366,1858900000.0,32,,33.071945,4.2437506,5,6,industrial,,8,6.41,44.483906770255274,92.03032847425818,-1.4975462307981586,2,5,18182118144.0,699300000.0,0.03846086547571825,0.22204906204906205,0.02717102936108137,1.5966972003612436,True,sec,14,-0.028455988455988457,145500106.7,2026-10-28,,True,True,True,True,False,True,False,True,True,False,False,True,True,False,True,True,True,True,True,True
INTU,Intuit Inc.,Technology,,4,282.78,18831000000.0,36786000000.0,1.5065433435009348,7669000000.0,16,,17.17983,3.9960997,5,6,industrial,,8,13.67,70.7642780493621,161.88714374535218,-0.7467724332996558,3,5,78532996352.0,4923000000.0,0.06268702620149837,0.46743326265427065,0.05241567562376616,0.5817468105986261,True,sec,12,-0.06355678790844344,1128555185.3999999,2026-11-19,,True,True,True,True,False,True,False,True,True,True,False,True,True,True,True,False,True,True,True,True
IOSP,Innospec Inc.,Basic Materials,,4,95.17,1778000000.0,1846200000.0,2.7837544145612605,47900000.0,15,,19.462168,1.7449257,5,6,industrial,,6,4.67,45.455006851748465,77.4653076901251,-0.22854995142724785,3,5,2149436672.0,129500000.0,0.060248343990289936,0.2667099989166937,0.02828333342798083,-1.281299109481404,True,sec,14,-0.01175387281984617,16999455.740000002,2026-11-03,,True,True,True,True,False,True,True,True,True,False,False,True,True,True,True,False,True,True,False,False
IT,"Gartner, Inc.",Technology,,4,192.8,6497226000.0,7193674000.0,0.8801693771524285,2979281000.0,0,,17.338129,-74.21093,5,6,industrial,,6,9.65,-1.02287827451471,,,2,5,13665697432.0,1025711000.0,0.07505734742803283,0.6211312884070087,0.1635422568537502,1.2157835924373175,True,sec,14,-0.0780359243413032,248134756.8,2026-11-03,,True,True,True,True,False,True,False,True,False,False,True,True,True,False,True,False,False,True,True,True
ITW,Illinois Tool Works Inc.,Industrials,,4,260.84,16044000000.0,16494000000.0,1.1086846967915336,9694000000.0,40,,23.626812,25.668177,5,6,industrial,,5,10.49,10.16502808988764,50.24182137064687,-4.1916907644672365,3,5,83142226880.0,4216000000.0,0.050708288173288825,0.4289438583727416,0.043345271256409024,1.9534524597396867,True,sec,13,-0.0036376864314296106,336901726.52,2026-10-23,,True,True,True,True,False,True,False,True,True,True,False,True,True,False,True,True,False,True,False,False
J,Jacobs Solutions Inc.,Industrials,,4,139.79,12029783000.0,11743702000.0,1.287412651977654,3579376000.0,10,,46.28808,5.015787,5,6,industrial,,7,2.38,27.869960588097506,43.51742983311048,-2.2122761049100377,2,5,18767287856.0,863634000.0,0.04601805048372462,0.2541731729909359,0.053325242116677656,2.544654554913698,True,sec,14,-0.03383668965714559,119560569.72999999,2026-11-19,,True,True,True,True,False,True,False,True,True,False,False,True,True,False,True,False,True,True,True,True
JBHT,"J.B. Hunt Transport Services, I",Industrials,,4,227.2,11999096000.0,7944778000.0,1.2552034626760704,1145337000.0,23,,32.272728,5.834467,5,6,industrial,,8,6.12,38.66087670321998,78.5382379417228,-1.8928583827993146,2,5,22478648024.0,865069000.0,0.03848403156081199,0.2014119819784021,0.05128723531456168,0.7223294051222455,True,sec,12,-0.1359370897462459,233178768.0,2026-10-15,,True,True,True,True,False,True,False,True,True,False,False,True,True,True,True,True,False,True,True,True
JBSS,"John B. Sanfilippo & Son, Inc.",Consumer Defensive,,4,66.62,1175673000.0,658581000.0,2.0800616912697327,49619000.0,15,,12.836224,2.050351,5,6,industrial,,3,5.26,32.49199771161133,61.5975071490076,-0.08153727453357379,3,5,827491712.0,89198000.0,0.10779322464078045,0.32066063248104637,0.06002287141098684,0.41289311390507344,True,sec,13,-0.0939950362977371,8952662.08,2026-10-28,,False,True,True,True,True,True,True,True,True,False,False,True,True,False,True,False,False,False,False,False
JCI,Johnson Controls International ,Industrials,,4,151.77,23596000000.0,38759000000.0,0.9998227421784986,9475000000.0,39,,42.752113,6.8189783,5,6,industrial,,6,5.03,21.01203465921558,42.1637031255408,-2.599541519114455,3,5,100767384704.0,2196000000.0,0.02179276564982468,0.22167754586031632,0.07578313386841797,2.1031213679076757,True,sec,13,0.019014938465904692,504868672.26000005,2026-10-27,,True,True,True,True,False,True,False,True,True,True,False,True,True,True,False,False,False,True,True,True
JJSF,J & J Snack Foods Corp.,Consumer Defensive,,4,77.58,1583233000.0,1355885000.0,2.3426683289242964,57000000.0,23,,30.069769,1.6199963,5,6,industrial,,6,3.36,47.88903800730084,52.72528999666762,-0.47140015739891167,4,5,1443220168.0,84326000.0,0.058429061531795334,0.3465500392732422,0.044482265482602104,-0.03868500171256771,True,sec,14,-0.07340666796962869,16693819.56,2026-11-17,,True,True,True,True,False,True,True,True,True,True,False,True,True,False,True,True,True,True,False,False
JNJ,Johnson & Johnson,Healthcare,,4,258.66,94193000000.0,201061000000.0,1.0888787685581565,45844000000.0,65,,30.683273,7.3308015,5,6,industrial,,3,11.03,27.235665384444026,81.8076580737557,-2.1618066827777755,3,5,648430353280.0,33552000000.0,0.05174341366082202,0.31799802050124093,0.0294123142425653,0.8409899302997579,True,sec,14,0.011310000447625347,1803844142.64,2026-10-13,,True,True,True,True,False,True,False,True,True,True,False,True,True,True,False,False,False,False,False,False
KMB,Kimberly-Clark Corporation,Consumer Defensive,,4,94.34,16447000000.0,18554000000.0,0.9092730394962794,6517000000.0,42,,18.644268,17.928543,5,6,industrial,,4,6.07,5.261575466025255,24.476085627712834,-2.8543744876094226,3,5,36936505408.0,2351000000.0,0.06364976800135515,0.3192303546405088,0.05740146577976042,1.762040557667934,True,sec,14,-0.04074593079659373,366055803.84000003,2026-11-03,,True,True,True,True,False,True,False,True,True,True,False,True,True,False,True,True,False,False,False,False
KO,Coca-Cola Company (The),Consumer Defensive,,4,86.1,47941000000.0,107922000000.0,1.3046031746031745,43745000000.0,65,,25.855856,10.248779,5,6,industrial,,7,3.04,5.134943181818182,25.088742041106546,-2.4318181381485693,3,5,401287448960.0,13762000000.0,0.034294618572463215,0.2737532662478457,0.0248670905729831,2.081960572508777,True,sec,14,0.052806656659439226,1359245718.6,2026-10-27,,True,True,True,True,False,True,False,True,True,True,False,True,True,True,False,True,True,True,True,False
KR,Kroger Company (The),Consumer Defensive,,4,59.48,147642000000.0,49491000000.0,0.7018134433706157,15367000000.0,21,,31.638298,6.0700073,5,6,industrial,,7,1.54,3.0448383733055264,20.35921628272078,-1.9215269966202826,2,5,48819213504.0,1890000000.0,0.038714265641439365,0.6886873661241567,0.09684523238315604,2.621792416698583,True,sec,12,-0.12719484350690025,430414529.2,2026-12-03,,True,True,True,True,False,True,False,True,True,False,False,True,True,False,True,True,False,True,True,True
KSS,Kohl's Corporation,Consumer Cyclical,,4,18.92,15527000000.0,13410000000.0,1.4907270029673592,1325000000.0,16,,8.120172,0.51294565,5,6,industrial,,6,2.38,32.818897637795274,43.97381057673321,0.5697439054778964,3,5,2649082368.0,624000000.0,0.23555326460879603,0.46972408650261,0.026106223628238782,0.3806646525679758,True,sec,13,-0.08262490678598061,74001285.16000001,2026-11-24,,True,False,True,True,True,True,False,False,True,True,True,True,True,True,True,False,True,False,True,False
KTB,"Kontoor Brands, Inc.",Consumer Cyclical,,4,63.52,3152456000.0,2665291000.0,1.8305705676981203,1144166000.0,8,,12.858299,5.612299,5,6,industrial,,6,4.05,11.31808176753428,35.46823588229174,-0.7908982056734798,2,5,4557307080.0,336808000.0,0.07390504832954992,0.534046376174309,0.04342899048959031,2.8230003588199506,True,sec,13,-0.08567807417651581,47227310.56,2026-10-29,,True,True,True,True,False,True,False,True,True,False,False,True,True,False,True,True,False,True,True,False
KVUE,Kenvue Inc.,Consumer Defensive,,4,17.22,15124000000.0,26735000000.0,1.005454235554798,1406000000.0,4,,20.746988,3.1331878,5,6,industrial,,6,0.76,5.495664054377689,10.131031481279665,-0.6997282094937204,2,5,33371718144.0,2414000000.0,0.07233670108274064,0.3288573031606508,0.053755446586502394,0.09962975429148435,True,sec,14,-0.027192818402842715,379456630.97999996,2026-11-05,,True,True,True,True,False,True,False,True,True,False,False,True,True,True,True,True,False,False,True,False
L,Loews Corporation,Financial Services,,4,105.05,3174000000.0,87228000000.0,0.507,8936000000.0,40,,12.889571,1.1233132,5,6,financial,,7,7.97,92.7611557373231,130.95366366653707,0.1978078576900197,4,5,24305131392.0,2720000000.0,0.11191052441277007,,0.03995318977743836,2.6076613082762816,False,sec,10,-0.018480304489384144,86648811.7,2026-11-02,,True,True,True,True,True,False,False,True,True,True,True,True,True,True,True,True,,True,,True
LDOS,"Leidos Holdings, Inc.",Technology,,4,121.97,17107000000.0,15632000000.0,1.629192546583851,6031000000.0,15,,11.388422,2.8967369,5,6,industrial,,7,11.14,42.106265360489516,100.72980222470594,-0.2108630942003825,3,5,20589285056.0,2109000000.0,0.10243192001392047,0.19396110542476971,0.03991824258888283,2.202167569820759,True,sec,13,-0.019319344933469807,170732752.21,2026-11-03,,True,True,True,True,True,False,False,True,True,True,False,True,True,True,True,False,True,True,True,False
LECO,"Lincoln Electric Holdings, Inc.",Industrials,,4,269.4,4233003000.0,3813310000.0,1.9824160579585466,1313556000.0,32,,26.939999,9.44799,5,6,industrial,,6,9.32,28.51405219452323,80.09775621744718,-2.3633900963297934,3,5,15754963752.0,718059000.0,0.04557668372349296,0.40234127306723033,0.034496945559801886,1.311665982941569,True,sec,14,-0.03688134455368171,113461850.99999999,2026-10-27,,True,True,True,True,False,True,False,True,True,True,False,True,True,True,True,True,False,True,False,False
LEG,"Leggett & Platt, Incorporated",Consumer Cyclical,,4,9.2,3892900096.0,3536400000.0,2.35,1647100032.0,1,,5.897436,1.1617628,5,6,industrial,,7,1.5599999728695655,7.919000332942318,16.672039672824745,0.4481778966135796,2,5,2358418688.0,362600000.0,0.15374708564046113,0.21041171813143308,0.023396117520296245,2.9608830176026824,True,yahoo,0,,23047600.799999997,2026-10-26,,True,False,True,True,True,True,False,False,True,False,True,True,True,True,True,True,True,False,True,False
LEN,Lennar Corporation,Consumer Cyclical,,4,82.11,34186934000.0,33701455000.0,11.392,5874995000.0,40,,15.820809,0.9055218,5,6,industrial,,4,14.31,90.6769997144188,102.90192810636789,0.20205576794319777,4,5,23481116392.0,2750407000.0,0.11713271865289428,0.09837589339920373,0.11776237855598493,1.1316239100210588,True,sec,8,0.055231057531492336,264359467.47,2026-12-15,,True,True,True,True,True,False,True,True,True,False,True,True,True,False,False,False,False,True,False,True
LH,Labcorp Holdings Inc.,Healthcare,,4,304.6,13951700000.0,18532300000.0,1.7955850513037748,5858500000.0,5,,25.215233,2.8631048,5,6,industrial,,8,10.46,106.38813349814586,170.04780983836218,-0.791260941787698,2,5,30419759968.0,1384700000.0,0.04551975431287532,0.21651387037766495,0.027960098906561502,2.7673056443024495,True,sec,14,-0.04119834019522671,222755198.4,2026-10-28,,True,True,True,True,False,True,False,True,True,False,False,True,True,True,True,True,False,True,True,True
LII,"Lennox International, Inc.",Industrials,,4,360.46,5195300000.0,4545000000.0,1.5692243536280233,1581300000.0,28,,16.013327,9.603047,5,6,industrial,,4,22.79,14.881232859895912,137.880555385536,-1.6142917613879373,3,5,13986941312.0,1041500000.0,0.07446231286510456,0.3816941694169417,0.05260183074830572,1.3251299826689775,True,sec,15,0.010605060506050605,184877410.78,2026-10-28,,True,True,True,True,False,True,False,True,True,True,False,True,,False,,False,True,True,True,False
LNTH,"Lantheus Holdings, Inc.",Healthcare,,4,99.65,1541609000.0,2414662000.0,3.0596644989081767,571051000.0,0,,23.839714,4.9579577,5,6,industrial,,5,3.41,20.09925687581399,43.47770715636296,-1.2919791892801373,3,5,6484885928.0,310832000.0,0.04793176062787947,0.3900968334284467,0.04557567876381947,-0.05840180610610873,True,sec,14,-0.06484634288360028,134141057.30000001,2026-11-05,,True,True,True,True,False,True,True,True,False,True,False,True,True,False,True,True,False,True,False,False
LOW,"Lowe's Companies, Inc.",Consumer Cyclical,,4,182.38,86286000000.0,55881000000.0,1.1045807306454667,37936000000.0,42,,15.416738,-13.75726,5,6,industrial,,5,11.85,-13.256684491978609,,,4,5,136854035008.0,10153000000.0,0.07418853232501688,0.5169019881533974,0.027823103112326473,2.7965497691746983,True,sec,15,-0.057443496000429486,565396967.52,2026-11-18,,True,True,True,True,False,True,False,True,True,True,True,True,True,False,True,True,False,False,True,False
LPX,Louisiana-Pacific Corporation,Industrials,,4,64.55,2708000000.0,2607000000.0,3.220833333333333,348000000.0,9,,83.83118,2.5909128,5,6,industrial,,5,2.08,24.914285714285715,20.775826878089557,-2.1069762170609545,3,5,4633555968.0,209000000.0,0.04510574630874945,0.2259301879555044,0.03079611751476569,0.3389830508474576,True,sec,14,-0.09052550824702724,74007349.6,2026-11-04,,True,True,True,True,False,True,True,True,True,False,False,True,True,False,True,True,False,True,False,False
LSTR,"Landstar System, Inc.",Industrials,,4,170.14,4743760000.0,1742535000.0,1.82484324990365,0.0,22,,44.07772,6.900831,5,6,industrial,,7,3.31,12.191690032870484,46.274041397473404,-2.676791455031411,3,5,5426326288.0,151577000.0,0.02793363169760056,0.379985757380336,0.05275588978894868,-1.7563811784911474,True,sec,13,-0.06305468756725116,72706436.61999999,2026-10-27,,True,True,True,True,False,True,True,True,True,False,False,True,True,False,True,True,False,True,True,True
LVS,Las Vegas Sands Corp.,Consumer Cyclical,,4,36.69,13017000000.0,19909000000.0,0.9967524936209696,15262000000.0,4,,14.22093,40.903008,5,6,industrial,,8,2.35,0.8966049382716049,7.216013680708175,-4.084524728395368,2,5,35650156416.0,2818000000.0,0.07904593649230848,0.2956660583941606,0.12834455162677214,2.7758056982718355,True,sec,12,-0.07011904163945955,191611176.83999997,2026-10-21,,True,True,True,True,False,True,False,True,True,False,False,True,True,True,True,False,True,True,True,True
LZB,La-Z-Boy Incorporated,Consumer Cyclical,,4,29.44,2126635000.0,1994674000.0,1.6647225964154764,541510976.0,15,,14.944162,1.1636823,5,6,industrial,,5,2.47,25.298611804653948,33.48698649624653,0.12085251375784874,3,5,1460491520.0,129207000.0,0.08846816173229133,0.46955091408420624,0.07226963083922538,1.228910195451498,True,sec,14,-0.05119683717740343,18463266.560000002,2026-11-17,,True,True,True,True,False,True,False,True,True,False,True,True,True,False,True,False,False,True,True,False
MA,Mastercard Incorporated,Financial Services,,4,550.0,32791000000.0,57691000000.0,1.0607102863541833,24643000000.0,21,,30.219778,85.99125,5,6,financial,,9,16.52,6.395999592981845,51.177749322488005,-9.746857907608778,3,5,495157467648.0,18897000000.0,0.03816361710096149,0.4715918533153609,0.030059849820095998,0.6662674650698602,True,sec,11,-0.046454386299422785,1597814350.0,2026-10-29,,True,True,True,True,False,True,False,True,True,True,False,True,True,True,True,True,True,True,True,True
MAS,Masco Corporation,Industrials,,4,68.28,7562000000.0,5401000000.0,1.8645200486026732,3245000000.0,44,,15.732718,-36.88817,5,6,industrial,,6,3.86,-1.8509127789046653,,,3,5,16160957504.0,1248000000.0,0.07722314718611861,0.4960192556933901,0.061794609775975715,1.9319484240687679,True,sec,14,-0.0392519903721533,162312348.24,2026-10-28,,True,True,True,True,False,True,False,True,True,False,True,True,True,False,True,True,True,True,False,False
MAT,"Mattel, Inc.",Consumer Cyclical,,4,15.04,5347623000.0,6357023000.0,1.9021577579971019,2333889000.0,0,,11.22388,2.1504147,5,6,industrial,,5,1.24,4.52677390122338,14.521332770885003,-0.03571760507788335,2,5,6106960744.0,546424000.0,0.08947560380781121,0.4098863571832287,0.13963464962560934,2.5336088991040144,True,sec,14,-0.03071484875860918,66520190.4,2026-10-27,,True,True,True,True,False,True,False,True,False,True,False,True,True,False,True,True,False,True,False,False
MCO,Moody's Corporation,Financial Services,,4,447.36,7718000000.0,14675000000.0,1.1904334828101644,6946000000.0,27,,28.385786,25.611725,5,6,financial,,8,13.67,17.466999977549346,78.7006884788348,-4.684321301970691,3,5,82924242560.0,3351000000.0,0.04041037815419752,0.39148211243611586,0.029790546170394207,1.4226050639519707,True,sec,13,-0.03011925042589438,345025952.64,2026-10-21,,True,True,True,True,False,True,False,True,True,True,False,True,True,True,True,False,True,True,True,True
MDT,Medtronic plc.,Healthcare,,4,86.44,36364000000.0,93306000000.0,2.0671243325705566,28153000000.0,45,,21.290642,2.202742,5,6,industrial,,7,3.73,39.24231327146341,59.87283494831473,-0.4437265259715761,3,5,129902685568.0,6467000000.0,0.04978342034826314,0.2533920648189827,0.037605584064240506,2.051352785145889,True,sec,14,-0.0785586693138705,760376288.76,2026-11-17,,True,True,True,True,False,True,False,True,True,True,False,True,True,True,True,False,True,True,False,True
MEDP,"Medpace Holdings, Inc.",Healthcare,,4,598.08,2530234000.0,2057181000.0,0.7316871820201487,144112000.0,0,,35.09859,38.47411,5,6,industrial,,7,15.28,15.544664832596785,77.20073098729264,-6.747076903953731,2,5,16334826496.0,534935000.0,0.03274812867654227,0.38503102043461007,0.054955179862910125,-0.5774492801047121,True,sec,12,-0.1274073598774245,167186685.12,2026-10-21,,True,True,True,True,False,True,False,True,False,True,False,True,True,True,True,True,False,True,False,True
MET,"MetLife, Inc.",Financial Services,,4,94.35,2436000000.0,759372000000.0,2.027,460000000.0,27,,18.284883,2.192758,5,6,financial,,5,4.71,43.02769188929968,70.67921520239143,-0.3349044656173214,3,5,33100248000.0,6137000000.0,0.18540646583675144,,0.07325219463041399,-4.294371602174608,False,sec,11,-0.018329619738415428,316928537.54999995,2026-11-09,,True,True,True,True,True,False,True,True,True,False,False,True,True,False,True,True,,True,,False
MKTX,"MarketAxess Holdings, Inc.",Financial Services,,4,164.22,846268000.0,2422213000.0,7.465,115914000.0,18,,19.411348,4.664678,5,6,financial,,4,6.64,35.20512553183164,81.86129752691599,-1.0060761918170729,3,5,5650203712.0,341838000.0,0.06050011953976076,0.2598881794586348,0.09259623677920878,-0.31031903989372506,True,sec,10,-0.055832827253424866,174178957.68,2026-11-05,,True,True,True,True,False,True,True,True,True,False,False,True,True,False,True,False,False,True,False,False
MLI,"Mueller Industries, Inc.",Industrials,,4,61.32,4178547000.0,4257268000.0,4.775354802760547,5243000.0,23,,15.763495,3.8229425,5,6,industrial,,7,6.86,16.039763114162767,37.46866897207609,-0.6365673423227114,4,5,12152097136.0,958542000.0,0.07887873091142152,0.3247936193370049,0.02600229144167549,-1.3735195009653365,True,sec,13,0.002289496456412892,94342659.6,2026-10-20,,True,True,True,True,False,True,True,True,True,True,False,True,True,True,False,True,True,True,True,False
MO,"Altria Group, Inc.",Consumer Defensive,,4,66.95,23279000000.0,33374000000.0,0.5176319176319176,24577000000.0,65,,14.184322,-41.89612,5,6,industrial,,6,4.12,-0.9508327801370043,,,4,5,133999350912.0,9899000000.0,0.07387349216714391,0.4357284113381674,0.07120535127058812,2.1849483521888833,True,sec,14,-0.07020435069215557,563919046.6,2026-10-29,,True,True,True,True,False,True,False,True,True,True,True,True,True,False,True,False,True,True,True,False
MORN,"Morningstar, Inc.",Financial Services,,4,191.21,2445500000.0,3945700000.0,1.0556972355401408,1731500000.0,17,,18.19315,7.006339,5,6,financial,,6,8.87,27.291486564980687,80.33454477971921,-1.3801715753080581,3,5,8380670496.0,526600000.0,0.06283506794012965,0.3782852218871176,0.12043824807055221,1.6855547801814375,True,sec,14,-0.05461641787262083,67065760.24,2026-10-28,,True,True,True,True,False,True,False,True,True,True,False,True,True,False,True,False,False,True,True,True
MRK,"Merck & Company, Inc.",Healthcare,,4,143.81,65011000000.0,129802000000.0,1.3226713786015651,53906000000.0,65,,115.048,8.466384,5,6,industrial,,4,7.28,11.722612930294725,21.857064180054437,-5.579566167501725,3,5,401568941376.0,22424000000.0,0.055840971971494666,0.374639836057996,0.03737275281828914,1.3628207873914817,True,sec,13,0.013728602024622116,1413657477.16,2026-10-29,,True,True,True,True,False,True,False,True,True,True,False,True,True,False,False,False,True,True,False,False
MSA,MSA Safety Incorporated,Industrials,,4,179.03,1874814000.0,2601511000.0,3.2358713598870192,599744000.0,37,,22.604797,4.943395,5,6,industrial,,5,7.09,36.308307161382466,80.33487238139229,-1.2285465165121512,4,5,7306358104.0,371818000.0,0.05088964908473914,0.3348488628339453,0.024947763894564046,0.9013957768110255,True,sec,14,-0.032651409123390214,46894402.08,2026-10-27,,True,True,True,True,False,True,True,True,True,True,False,True,True,False,True,False,True,True,False,False
MSI,"Motorola Solutions, Inc.",Technology,,4,448.03,11682000000.0,19242000000.0,1.0991217063989962,8487000000.0,16,,35.08457,27.750387,5,6,industrial,,6,12.75,16.145015105740182,68.1091959287646,-5.578113188542035,3,5,81923185216.0,2988000000.0,0.03647319122323907,0.31363683608772475,0.02476189428561201,2.27864049223557,True,sec,14,-0.035495270761875065,413329628.46999997,2026-11-05,,True,True,True,True,False,True,False,True,True,True,False,True,True,True,True,False,False,True,True,False
MTD,"Mettler-Toledo International, I",Healthcare,,4,1481.17,4026399000.0,3670944000.0,1.1223539172395525,2111963000.0,0,,33.344666,2314.3281,5,6,industrial,,6,42.05,0.5913630829132271,25.291262769626897,-57.564493734128035,1,5,31738131616.0,1117424000.0,0.03520761755984017,0.65123466879364,0.026956233127017806,1.623019366462155,True,sec,12,-0.023584941638989863,271965029.55,2026-11-05,,True,True,True,True,False,True,False,True,False,False,False,True,True,False,True,True,True,True,False,False
MTG,MGIC Investment Corporation,Financial Services,,4,26.37,1213636000.0,6526982000.0,4.964,646873984.0,8,,8.240625,1.0867057,5,6,financial,,5,3.14,24.265664099746857,41.798946946053796,0.3691228624961909,4,5,5848738816.0,964140000.0,0.16484579502207677,,0.1702924494994193,0.30083346566823793,False,sec,9,-0.01753505678428407,50280127.29,2026-10-28,,True,True,True,True,True,False,True,True,True,False,True,True,True,False,True,True,,True,,False
MTH,Meritage Homes Corporation,Consumer Cyclical,,4,64.37,5391501824.0,7554933000.0,14.355,1907177984.0,4,,13.410417,0.8294355,5,6,industrial,,4,6.35,77.60655756268062,91.55083659466565,0.2968933720945307,4,5,5295167488.0,584600000.0,0.11040255125542876,0.15174212149188296,0.09917653246293368,2.6085415783496613,True,sec,8,0.044305488877267346,52287944.11000001,2026-10-28,,True,True,True,True,True,False,True,True,True,False,True,True,True,False,False,False,True,True,False,False
MUR,Murphy Oil Corporation,Energy,,4,37.47,2689845000.0,10278134000.0,0.8540185384637776,1550442000.0,44,,18.549505,1.0213984,5,6,industrial,,4,0.72,36.68503699242595,40.83299195531576,0.08235967521057341,3,5,6437875544.0,301237000.0,0.04679136742255731,0.26170557807477507,0.05377181326189703,0.8339134786042112,True,sec,13,-0.1112628031508443,62011650.96,2026-11-04,,True,True,True,True,False,True,False,True,True,False,True,True,True,False,True,False,False,True,False,False
MUSA,Murphy USA Inc.,Consumer Cyclical,,4,511.37,19384000000.0,5085000000.0,0.9249334679269524,2186100000.0,7,,15.753851,12.008501,5,6,industrial,,6,24.1,16.736101423639884,176.35539058710341,-1.8996561902508449,2,5,11409858784.0,718500000.0,0.0629718573736907,0.49925938465445,0.07355977443183069,2.0201949161056967,True,sec,12,-0.06751229105211407,141403521.03,2026-10-28,,True,True,True,True,False,True,False,True,True,False,False,True,True,False,True,False,True,True,True,False
MZTI,The Marzetti Company,Consumer Defensive,,4,99.69,1909122000.0,1605020000.0,1.5589843480063574,199276000.0,41,,14.282235,2.5833788,5,6,industrial,,5,6.07,38.58933244503791,77.84858481304359,-0.2805627775946014,3,5,2894819744.0,220317000.0,0.07610732946555446,0.2838880512392369,0.0409811700523331,0.6165991114572456,True,sec,14,-0.0586590821298177,36175208.13,2026-11-04,,True,True,True,True,False,True,False,True,True,True,False,True,True,False,True,False,False,True,True,False
NDSN,Nordson Corporation,Industrials,,4,329.02,2791687000.0,5947920000.0,1.8228126818875674,1731005000.0,41,,33.335358,5.60597,5,6,industrial,,7,8.51,58.45956723891273,114.16569127251144,-1.8819516295367162,2,5,19943780464.0,711725000.0,0.0356865641037674,0.25887772532246567,0.025996760482639075,2.0450018900389257,True,sec,13,-0.03945934040807543,121336653.64,2026-08-19,,True,True,True,True,False,True,False,True,True,False,False,True,True,True,True,True,False,True,False,True
NEU,NewMarket Corp,Basic Materials,,4,921.14,2725169000.0,3621011000.0,2.2522814265156486,854833000.0,21,,19.813723,4.6080503,5,6,industrial,,5,44.44,199.8980906236632,457.27267647582806,-1.0144216949483367,3,5,9232411728.0,543725000.0,0.05889306240004378,0.23678469907989785,0.02162025232862639,1.1427417672075382,True,sec,14,-0.04148565138299773,112018914.26,2026-11-05,,True,True,True,True,False,True,False,True,True,True,False,True,True,False,True,True,False,True,False,False
NFLX,"Netflix, Inc.",Communication Services,,4,67.85,45183036000.0,58450441000.0,1.1416085244391836,14309306000.0,0,,21.336477,9.370253,5,6,industrial,,7,2.53,7.2412317051059985,22.761668631957917,-1.9808886640558945,2,5,287704699936.0,13326603000.0,0.04632042160925597,0.3748082413954755,0.03230589078084538,0.3793117887623946,True,sec,14,0.014229610346310304,2534077676.8999996,2026-10-20,,True,True,True,True,False,True,False,True,False,True,False,True,True,True,False,True,False,True,True,True
NKE,"Nike, Inc.",Consumer Cyclical,,4,35.15,46398000000.0,38410000000.0,1.9608671395552721,7942000000.0,40,,16.738096,3.5065844,5,6,industrial,,4,2.1,10.023999422343863,21.763132843097463,-0.6151167322010076,3,5,52523984064.0,3797000000.0,0.07229078425150288,0.5183806300442593,0.04895964675847983,0.7060256370837169,True,sec,12,0.006248372819578235,928742649.9,2026-10-01,,True,True,True,True,False,True,True,True,True,False,False,True,True,False,False,True,False,False,True,False
NMIH,NMI Holdings Inc,Financial Services,,4,38.08,706440000.0,3997375000.0,2.029,426145984.0,0,,7.3513517,1.0609311,5,6,financial,,5,4.92,35.89347567048467,64.67865919020348,0.41124320638718853,4,5,3129178880.0,528282000.0,0.16882448088106744,,0.03669279004044722,0.7004102849097977,False,sec,9,-0.007598236342599831,19914012.16,2026-11-03,,True,True,True,True,True,False,True,True,False,True,True,True,True,False,True,True,,True,,False
NOG,"Northern Oil and Gas, Inc.",Energy,,4,23.52,2475723000.0,5827865000.0,0.796365378149128,2724814000.0,6,,,1.2504653,5,6,industrial,,6,0.39,18.726882494993294,,,2,5,5183246456.0,245847000.0,0.047431084376744904,0.34353180796054816,0.09194442937682044,2.256489228984772,True,sec,12,-0.2516405235879692,59354789.76,2026-11-09,,True,True,True,True,False,True,False,True,True,False,False,True,True,False,True,False,True,True,False,True
NTAP,"NetApp, Inc.",Technology,,4,215.05,6925000000.0,10955000000.0,1.2416812609457093,2488000000.0,14,,30.374294,28.192188,5,6,industrial,,8,6.35,7.627551020408164,34.858863070166116,-5.169162762627508,3,5,41151909888.0,1674000000.0,0.04067854941741459,0.4471930625285258,0.032268061262773116,-0.5871559633027523,True,sec,15,-0.07220447284345048,548180729.25,2026-12-01,,True,True,True,True,False,True,False,True,True,True,False,True,True,True,True,False,True,True,True,True
NXPI,NXP Semiconductors N.V.,Technology,,4,239.19,12269000000.0,26665000000.0,2.040361125862985,10976000000.0,9,,20.426132,5.2933364,5,6,industrial,,5,7.95,41.5234410297452,109.11299163310329,-1.1921312615484483,2,5,68069148288.0,3047000000.0,0.04476330432559797,0.25186574160885056,0.03189911746238365,1.9989688063934004,True,sec,14,-0.02996437277329833,898830813.09,2026-10-27,,True,True,True,True,False,True,False,True,True,False,False,True,True,False,True,True,False,True,False,False
NYT,New York Times Company (The),Communication Services,,4,63.71,2824918000.0,2984530000.0,1.5797063859285094,0.0,14,,26.545832,5.0264297,5,6,industrial,,9,2.09,12.675000706764088,26.16199672317732,-1.4352116802903778,4,5,9614565376.0,431557000.0,0.044885752306314135,0.47886616684850974,0.02683152121052189,-0.4581488434328425,True,sec,12,-0.08058488271185078,153590411.54,2026-11-04,,True,True,True,True,False,True,True,True,True,True,False,True,True,True,True,True,True,True,True,True
ODFL,"Old Dominion Freight Line, Inc.",Industrials,,4,178.1,5496389000.0,5735521000.0,1.8894070356298023,19997000.0,10,,33.414635,8.125742,5,6,industrial,,6,4.84,21.91798136740805,51.26905390860363,-2.4738304380942053,3,5,36775211152.0,1361045000.0,0.037009848682431845,0.33186670956608216,0.026079942919748966,-0.15294530771940884,True,sec,13,-0.060400790093872905,303511786.5,2026-10-28,,True,True,True,True,False,True,True,True,True,False,False,True,True,False,True,True,True,True,False,False
OPCH,"Option Care Health, Inc.",Healthcare,,4,22.58,5649519000.0,3378777000.0,1.4650710148057846,1158820000.0,0,,16.977444,2.6842606,5,6,industrial,,5,1.27,8.411810529218625,15.865972782621101,-0.42317148209992844,2,5,4347203912.0,337906000.0,0.0777295031105502,0.3219789290622021,0.09164316083598815,2.3802374680597076,True,sec,14,-0.015048936345902673,49784203.36,2026-10-29,,True,True,True,True,False,True,False,True,False,True,False,True,True,False,True,False,False,True,False,True
ORI,Old Republic International Corp,Financial Services,,4,37.49,9136300000.0,31592400000.0,0.294,2284000000.0,40,,8.387026,1.4805894,5,6,financial,,7,3.72,25.15315620460411,50.46443170547158,0.2571005214364642,3,5,8639542272.0,1254300000.0,0.14518130249389213,,0.09972024698894615,1.3018521635236815,False,sec,9,-0.007245413453868652,48431943.870000005,2026-10-22,,True,True,True,True,True,False,False,True,True,True,False,True,True,True,True,True,,True,,True
ORLY,"O'Reilly Automotive, Inc.",Consumer Cyclical,,4,85.03,17781992000.0,17389116000.0,0.7519453926055342,7014543000.0,0,,26.99365,-37.807915,5,6,industrial,,7,2.97,-2.2492059465862484,,,3,5,75538292240.0,3460612000.0,0.045812685161122725,0.5275794928275825,0.03048533315873639,1.7000580587042486,True,sec,14,-0.012869199331351864,566014694.41,2026-10-28,,True,True,True,True,False,True,False,True,False,True,True,True,True,False,True,True,True,True,True,False
OSIS,"OSI Systems, Inc.",Technology,,4,196.62,1713166000.0,2502452000.0,3.1531611022528296,1001049000.0,0,,21.944197,3.757453,5,6,industrial,,5,8.71,52.32802778930556,102.70990455628518,-0.9143236560233775,3,5,3775726568.0,217524000.0,0.057611163330405654,0.23464266247664292,0.025663663885807608,2.4557915619829647,True,sec,14,0.020797601712240633,46115451.42,2026-10-29,,True,True,True,True,False,True,True,True,False,True,False,True,True,False,True,False,True,True,False,False
OSK,Oshkosh Corporation (Holding Co,Industrials,,4,130.82,10422300000.0,10051500000.0,1.7183736422406721,1102800000.0,14,,14.98511,1.7869877,5,6,industrial,,5,8.729999312651024,73.20694526334829,119.91531554637487,-0.09093654471023722,4,5,8775994368.0,939500000.0,0.10705339595769439,0.1809680147241705,0.05056461529069846,0.6008937779305603,True,sec,13,-0.013570113913346267,93180077.14,2026-10-28,,True,True,True,True,True,False,True,True,True,True,False,True,True,False,True,False,True,True,False,False
OVV,Ovintiv Inc. (DE),Energy,,4,59.98,8663000000.0,19280000000.0,1.0076164874551972,3695000000.0,25,,16.75419,1.4427632,5,6,industrial,,8,4.78,41.57266811279826,57.86800018267139,-0.036496851639276955,2,5,19585468096.0,1131000000.0,0.05774689654882375,0.24502206964198137,0.037069478476516156,0.904833836858006,True,sec,13,-0.125,198318531.78,2026-11-04,,True,True,True,True,False,True,False,True,True,False,False,True,True,True,True,True,True,True,True,False
PAG,"Penske Automotive Group, Inc.",Consumer Cyclical,,4,202.84,31808500000.0,18485300000.0,0.9754453250235958,2496000000.0,16,,14.741279,2.2903469,5,6,industrial,,6,14.13,88.56298444327894,165.58715512670022,-0.22497424298880847,2,5,15745556384.0,1280700000.0,0.0813372337417937,0.2822242538665859,0.03775793010412711,1.669993117687543,True,sec,14,-0.00214765245898092,82754460.36,2026-10-28,,True,True,True,True,False,True,False,True,True,False,False,True,True,False,True,False,True,True,True,False
PARR,"Par Pacific Holdings, Inc. Comm",Energy,,4,86.21,7464650000.0,4534034000.0,1.8402946800134967,739198000.0,0,,5.059272,2.1427681,5,6,industrial,,7,7.16,40.232875830486066,124.19877249860897,0.3058707564846058,2,5,4873289640.0,538758000.0,0.11055324838028711,0.3157540948157245,0.028905403525128857,0.8113230749411126,True,sec,12,-0.01675020522563351,85922575.86,2026-11-03,,True,False,True,True,True,True,True,False,False,True,False,True,True,True,True,True,False,True,True,False
PAYC,"Paycom Software, Inc.",Technology,,4,227.47,2051700000.0,5202400000.0,1.073941599087293,900000000.0,4,,23.046606,17.3139,5,6,industrial,,6,8.08,12.900677200902935,54.01500810803716,-3.211236987043118,3,5,10954441600.0,567200000.0,0.051778084243016095,0.32798323850530525,0.04001973539649326,0.9441829186281103,True,sec,14,-0.04334537905582039,185819333.12,2026-11-04,,True,True,True,True,False,True,False,True,True,True,False,True,True,False,True,True,False,True,True,False
PAYX,"Paychex, Inc.",Technology,,4,100.84,6301100000.0,15660700000.0,1.2765930599369084,4558000000.0,39,,20.007936,9.600152,5,6,industrial,,7,4.89,10.40870786516854,34.51309418621993,-1.9217896099348422,3,5,39520869568.0,2510500000.0,0.06352339985030969,0.2954274074594367,0.061303054162440536,1.2271172666011987,True,sec,14,-0.0508725663603798,303766382.40000004,2026-12-18,,True,True,True,True,False,True,False,True,True,True,False,True,True,True,True,False,False,True,True,True
PEP,"Pepsico, Inc.",Consumer Defensive,,4,125.6,93925000000.0,112189000000.0,0.9336010938301145,49473000000.0,55,,16.461336,7.7641096,5,6,industrial,,5,6.0,16.177159590043924,52.699018896466335,-1.383346077974555,2,5,210326594368.0,11498000000.0,0.054667361655095364,0.45333321448626873,0.05034691625762275,2.592614890628136,True,sec,15,-0.0342903493212347,1037459768.0,2026-10-08,,True,True,True,True,False,True,False,True,True,False,False,True,True,False,True,False,True,True,False,False
PFE,"Pfizer, Inc.",Healthcare,,4,28.12,62579000000.0,201131000000.0,1.2668627090608344,63194000000.0,55,,37.0,1.8811882,5,6,industrial,,5,1.36,8.854588920070679,15.987832528781896,-0.7588375378199217,2,5,215211825216.0,10191000000.0,0.04735334589431448,0.23125226842207317,0.060964034662535235,2.455895692188578,True,sec,13,-0.019554419756278245,1044656256.5600001,2026-11-03,,True,True,True,True,False,True,False,True,True,False,False,True,True,False,True,False,False,False,True,True
PG,Procter & Gamble Company (The),Consumer Defensive,,4,143.95,84284000000.0,126521000000.0,0.6773143122964801,34138000000.0,65,,21.744713,6.273151,5,6,industrial,,6,6.51,13.546592836476105,58.463285433020104,-1.4622290542484109,3,5,358544681216.0,20451000000.0,0.05703891612794444,0.34081298756728134,0.04896684485327209,1.0385440810369988,True,sec,13,-0.014566751764529208,1238618782.6499999,2026-10-22,,True,True,True,True,False,True,False,True,True,True,False,True,True,False,True,True,False,True,False,True
PGR,Progressive Corporation (The),Financial Services,,4,210.96,87671000000.0,124925000000.0,0.293,0.0,17,,10.590362,3.569966,5,6,financial,,5,19.23,43.023809523809526,162.74360543120548,-0.2962721296547435,3,5,120270187328.0,14501000000.0,0.12057019550865898,,0.023447992155687436,0.5365631909365025,False,sec,10,-0.049949969981989195,568192913.28,2026-10-14,,True,True,True,True,True,False,False,True,True,True,False,True,True,True,True,True,,False,,False
PH,Parker-Hannifin Corporation,Industrials,,4,965.88,19850000000.0,30877000000.0,1.2623031496062993,7472000000.0,42,,33.92624,7.906874,5,6,industrial,,8,27.12,85.10497237569061,279.7332933575211,-2.4528603599769925,3,5,128780461248.0,4347000000.0,0.033755120597283236,0.23690773067331672,0.021566469247011246,1.482875983833227,True,sec,13,-0.007902322116785957,589643661.24,2026-11-05,,True,True,True,True,False,True,False,True,True,True,False,True,True,False,True,True,True,True,True,True
PM,Philip Morris International Inc,Consumer Defensive,,4,188.18,40648000000.0,68271000000.0,0.9798055911385728,49113000000.0,19,,25.813442,-34.171055,5,6,industrial,,7,7.26,-4.069090953243086,,,4,5,336413847168.0,14892000000.0,0.04426690555505927,0.3996133057960188,0.029403356610207286,2.552936996684036,True,sec,14,-0.012963044338005889,878686751.1,2026-10-21,,True,True,True,True,False,True,False,True,True,True,True,True,True,True,True,True,True,False,True,False
PNR,Pentair plc.,Industrials,,4,52.88,4176000000.0,6712200000.0,1.450919289498286,1606000000.0,37,,13.628866,2.2515543,5,6,industrial,,7,3.96,23.49185463659148,45.28054362050884,-0.16783050228330645,3,5,9953848256.0,857500000.0,0.08614758613414812,0.2518250350108757,0.04612751481949913,1.6510740377276196,True,sec,14,-0.023986174428652304,177705672.48000002,2026-10-20,,True,True,True,True,False,True,False,True,True,True,False,True,True,False,True,True,True,True,True,False
POOL,Pool Corporation,Industrials,,4,160.67,5289396000.0,3760474000.0,2.6709849813462583,1340716000.0,23,,14.753902,4.6339984,5,6,industrial,,5,10.85,34.6716453760871,92.17107776855015,-0.7431715445864351,3,5,7150821968.0,580204000.0,0.08113808490777966,0.41815420077362586,0.09097688163377905,2.1062641078085416,True,sec,14,0.010784278790386532,124730049.03999999,2026-10-22,,True,True,True,True,False,True,True,True,True,False,False,True,True,False,False,False,True,True,True,False
PPG,"PPG Industries, Inc.",Basic Materials,,4,104.67,15875000000.0,22534000000.0,1.5798431822528207,6886000000.0,44,,15.017217,2.7559242,5,6,industrial,,6,6.94,37.78863774301746,77.17650740219919,-0.3562417311076371,3,5,28560141056.0,2675000000.0,0.09366200239539882,0.29107127008076683,0.06094169691456077,1.6522010615048393,True,sec,14,-0.01619774562882755,179697456.0,2026-10-27,,True,True,True,True,False,True,False,True,True,True,False,True,True,True,True,False,True,True,False,False
PRDO,Perdoceo Education Corporation,Consumer Defensive,,4,31.82,846096000.0,1334491000.0,4.691724049241849,113773000.0,4,,11.570909,1.92685,5,6,industrial,,7,2.42,16.51418399283891,31.965664847257635,0.004556915926938134,4,5,1370970880.0,196000000.0,0.1429643786452999,0.5197941520392846,0.06707858136255715,0.011245917687746243,True,sec,13,-0.04896248831951658,22705892.86,2026-11-09,,False,True,True,True,True,True,True,True,True,True,False,True,True,True,True,False,True,True,False,True
PSN,Parsons Corporation,Technology,,4,41.01,6364245000.0,6106946000.0,1.6616037724324126,1474048000.0,0,,28.282757,1.6644343,5,6,industrial,,5,2.2,45.71877133278951,28.352204242353846,-0.44644838367583944,2,5,5588092832.0,418074000.0,0.0748151493844045,0.23441078404819693,0.02650950801538447,2.2598099371445675,True,sec,13,-0.038848059242704944,56245584.089999996,2026-11-04,,True,True,True,True,False,True,False,True,False,True,False,True,True,False,True,False,True,False,True,False
PVH,PVH Corp.,Consumer Cyclical,,4,75.85,8950200000.0,11416700000.0,1.6484685430463577,2248000000.0,41,,,0.7302256,5,6,industrial,,5,0.52,53.17566290615673,,,3,5,4781654560.0,230600000.0,0.048225984772936,0.45097094607023047,0.16722128201367434,2.549413402266852,True,sec,14,-0.057380854362469015,71726263.05,2026-12-02,,True,True,True,True,False,True,False,True,True,False,True,True,True,False,True,False,True,True,False,False
PYPL,"PayPal Holdings, Inc.",Financial Services,,4,53.06,33172000000.0,82737000000.0,1.2879808288228731,13400000000.0,2,,10.282947,2.307659,5,6,financial,,9,5.41,22.993039443155453,51.66707657272353,-0.026959594381460207,3,5,47534753792.0,6065000000.0,0.12759085755527205,0.19289536377583474,0.133617521043877,0.305065452475811,True,sec,13,-0.014298318769111763,757250671.52,2026-10-27,,True,True,True,True,True,False,False,True,True,True,False,True,True,True,True,True,True,True,True,True
QCOM,QUALCOMM Incorporated,Technology,,4,182.09,44284000000.0,57367000000.0,2.015596249890476,17300000000.0,24,,20.834097,6.9587646,5,6,industrial,,6,5.01,26.16650898770104,71.73381712841856,-1.5384122480756983,2,5,203479126272.0,12355000000.0,0.06071875885433328,0.42787665382537,0.06268924319402665,0.6445511213011392,True,sec,14,-0.14766329074206425,2305352630.08,2026-11-04,,True,True,True,True,False,True,False,True,True,False,False,True,True,False,True,False,True,True,False,True
RDN,Radian Group Inc.,Financial Services,,4,31.22,1197084000.0,10656320000.0,1.588,1232003000.0,34,,7.559322,0.86715,5,6,financial,,5,4.14,36.00346671059331,57.840977123649786,0.4602442497944093,4,5,5243403104.0,859005000.0,0.16382585564415153,0.10874420062460587,0.13956866786690605,1.4616826984408222,True,sec,10,0.043427562235368304,38589137.58,2026-11-03,,True,True,True,True,True,False,True,True,True,False,True,True,True,True,False,False,,True,,True
REGN,"Regeneron Pharmaceuticals, Inc.",Healthcare,,4,734.81,14342900000.0,41730600000.0,3.33526199689003,1986600000.0,2,,18.179367,2.3245316,5,6,industrial,,5,41.48,316.11099629706047,536.178272639079,-0.37045836710848445,4,5,69644358144.0,3577900000.0,0.05137386710639451,0.30183906288909657,0.04194185188464811,-1.4576863354037266,True,sec,12,-0.011358571408031516,550490994.41,2026-10-30,,True,True,True,True,False,True,True,True,True,True,False,True,True,False,True,True,False,True,False,False
RES,"RPC, Inc.",Energy,,4,5.72,1626566000.0,1459755000.0,3.3406837142738817,51879000.0,5,,52.0,1.1239928,5,6,industrial,,4,0.15,5.002093053568728,3.548982447268974,-0.6117295830532143,4,5,1118670464.0,44732000.0,0.039986753418028924,0.2696918318484951,0.029963450363982017,-0.7010398172701658,True,sec,13,-0.11594479895598919,9034762.879999999,2026-11-05,,True,True,True,True,False,True,True,True,True,False,True,True,True,False,True,False,False,False,False,True
RGA,"Reinsurance Group of America, I",Financial Services,,4,244.62,23698000000.0,167115000000.0,1.166,5709000000.0,19,,10.776211,1.1663289,5,6,financial,,6,17.69,160.519329614827,327.29521740045027,0.2526013611109263,4,5,16395092800.0,1906000000.0,0.1162542977493851,,0.0259169647493221,0.6660904499436712,False,sec,9,-0.017407174700056847,85030645.86,2026-10-29,,True,True,True,True,True,False,False,True,True,True,True,True,True,True,True,True,,True,,False
RHI,Robert Half Inc.,Industrials,,4,37.79,5378506000.0,2858499000.0,1.4683525438907954,240808992.0,23,,32.86087,3.1481175,5,6,industrial,,4,1.33,11.797942766341153,17.623946084489223,-1.1442416935931763,2,5,3717951488.0,76461000.0,0.02056535709160926,0.7004770685594083,0.08539073386049907,-3.654796084135519,True,sec,14,-0.06541020304712368,80627988.2,2026-10-21,,True,True,True,True,False,True,False,True,True,False,False,True,True,False,True,False,False,True,False,False
RL,Ralph Lauren Corporation,Consumer Cyclical,,4,362.66,8114500000.0,7658800000.0,2.0445190872254213,1239400000.0,24,,22.851923,7.9419236,5,6,industrial,,8,15.11,45.66400009186692,127.6928816460023,-1.840095668021553,4,5,20905895744.0,1179200000.0,0.05640514113529103,0.740220400062673,0.03888820236430733,-0.49723835150828494,True,sec,14,-0.02782420222489163,229623981.56,2026-11-05,,True,True,True,True,False,True,True,True,True,True,False,True,True,True,True,False,True,True,True,True
ROK,"Rockwell Automation, Inc.",Industrials,,4,442.45,8342000000.0,11091000000.0,1.0751633986928104,3258000000.0,45,,41.46673,14.062103,5,6,industrial,,7,7.67,24.71004243281471,86.91213663545015,-4.090773476848701,2,5,52012162240.0,1703000000.0,0.03274234191883502,0.3620953926607159,0.020636496901158628,1.3703155818540433,True,sec,14,-0.060860156883959966,331774672.09999996,2026-11-05,,True,True,True,True,False,True,False,True,True,False,False,True,True,False,True,False,True,True,True,True
ROL,"Rollins, Inc.",Consumer Cyclical,,4,30.57,3761050000.0,3354932000.0,0.6293576064837368,703025000.0,40,,27.790909,10.289465,5,6,industrial,,6,1.09,2.9713687382125387,8.575094693457926,-2.5649752093492717,3,5,15302555168.0,726068000.0,0.04744750089307438,0.6317559209087149,0.037036525449735666,0.6980860636662388,True,sec,12,-0.04512818739694277,186649628.79,2026-10-28,,True,True,True,True,False,True,False,True,True,True,False,True,True,True,True,False,False,True,True,False
ROST,"Ross Stores, Inc.",Consumer Cyclical,,4,234.1,22750559000.0,15982280000.0,1.6121786382584682,1018512000.0,33,,28.341404,11.097943,5,6,industrial,,6,6.61,21.094335372949434,62.612457131955075,-2.738872593781726,4,5,71825239584.0,2707357000.0,0.03769367169090653,0.39439322800001003,0.021014836126745037,-1.0164339886121014,True,sec,13,-0.05517604496980406,546714799.0,2026-11-19,,True,True,True,True,False,True,True,True,True,True,False,True,True,False,True,True,False,True,False,True
RPM,RPM International Inc.,Basic Materials,,4,99.22,7863422000.0,8344605000.0,1.6781801429650622,2533524000.0,40,,19.19149,3.824391,5,6,industrial,,6,5.17,25.943710191706558,54.9357415209977,-0.8061101434678157,3,5,14879874816.0,981884000.0,0.06598738310245741,0.3904588653387428,0.027572775488969074,2.200738977890281,True,sec,14,-0.028366591348541963,116878084.17999999,2026-10-06,,True,True,True,True,False,True,False,True,True,True,False,True,True,False,True,True,False,True,True,False
RS,"Reliance, Inc.",Basic Materials,,4,393.04,14294300000.0,11165200000.0,4.296535474299677,1664600000.0,33,,22.851162,2.7110507,5,6,industrial,,5,13.98,144.97678882729713,236.86726519713721,-0.6593259506453335,3,5,21495682176.0,1012700000.0,0.047111786995561504,0.39596849604272505,0.02960658449195236,1.1071345572856146,True,sec,12,-0.008239888224124959,125420636.16000001,2026-10-21,,True,True,True,True,False,True,True,True,True,False,False,True,True,False,True,False,True,True,False,False
RUSHA,"Rush Enterprises, Inc.",Consumer Cyclical,,4,46.19,7064640000.0,4659529000.0,1.4518730915649942,282715000.0,9,,20.900452,2.3095,5,6,industrial,,6,3.27,20.0,31.535694431121783,-0.46468948387628495,2,5,5409555792.0,393756000.0,0.07278897106160025,0.31347889454062844,0.04696892375196756,0.027494629592684183,True,sec,13,-0.12786893267538416,30620505.75,2026-10-28,,True,True,True,True,False,True,False,True,True,False,False,True,True,False,True,True,False,True,True,False
SBUX,Starbucks Corporation,Consumer Cyclical,,4,94.88,37184400000.0,28294700000.0,0.7597333844245682,13278600000.0,17,,54.84393,-14.091786,5,6,industrial,,5,1.63,-6.7330233374276185,,,3,5,117831494880.0,2936600000.0,0.02492202957274406,0.2644403289225071,0.02491050678550371,2.053546016439753,True,sec,13,-0.10217814643731865,654683860.0,2026-10-28,,True,True,True,True,False,True,False,True,True,False,True,True,True,False,True,True,False,False,False,True
SCSC,"ScanSource, Inc.",Technology,,4,62.22,3040810000.0,1932429000.0,1.7552345889673522,101413000.0,0,,17.093407,1.377341,5,6,industrial,,7,3.0,45.17389249461522,60.82557334880135,-0.02292500628316936,2,5,1266324760.0,85200000.0,0.06728131889326716,0.21146753645282698,0.08499577941426542,0.1129944971619221,True,sec,14,-0.02111384169871183,15917929.26,2026-11-05,,True,True,True,True,False,True,True,True,False,False,False,True,True,True,True,True,False,True,True,False
SEIC,SEI Investments Company,Financial Services,,4,103.87,2297381000.0,2626266000.0,5.058698141062337,32970000.0,32,,18.319223,4.9853616,5,6,financial,,6,5.63,20.834885893505717,51.55603785567835,-1.0147009801405797,4,5,12103699088.0,627311000.0,0.05182803996027433,0.30771216624667874,0.04877922553118839,-0.43696639215171545,True,sec,12,0.04098708965504637,79583012.73,2026-10-21,,True,True,True,True,False,True,True,True,True,True,False,True,True,True,False,True,False,True,True,False
SF,Stifel Financial Corporation,Financial Services,,4,70.34,3771017000.0,44907609000.0,0.895,617855000.0,10,,12.560714,2.001195,5,6,financial,,6,5.87,35.90116647964638,66.54903386518649,-0.05696500632140158,3,5,9047688504.0,928444000.0,0.10261670697322672,,0.023065658140147414,-1.5904215326032913,False,sec,10,-0.010477756675934362,84211048.0,2026-10-21,,True,True,True,True,True,False,False,True,True,True,False,True,True,False,True,True,,True,,True
SFM,"Sprouts Farmers Market, Inc.",Consumer Defensive,,4,64.48,8806159000.0,4331636000.0,0.9916673527989049,2106292992.0,0,,12.328873,4.1211815,5,6,industrial,,6,5.31,16.014065448551705,42.90853901636381,-0.5027311923952851,2,5,7894971904.0,686158000.0,0.08691075894169516,0.7887063917651437,0.07848941430626448,2.1950365544422814,True,sec,14,-0.044400776057822035,125789260.48,2026-10-28,,True,True,True,True,False,True,False,True,False,True,False,True,True,True,True,False,False,True,True,False
SHOO,"Steven Madden, Ltd.",Consumer Cyclical,,4,45.69,2521518000.0,1836062000.0,1.9059118955373797,124832000.0,9,,22.397058,3.557857,5,6,industrial,,4,0.63,12.841720424229171,24.2785466391944,-0.8819083645740033,3,5,3355870376.0,80771000.0,0.0240685696854222,0.5715869071959444,0.02227781081446535,0.10865263379097787,True,sec,15,-0.06401635674612295,47162954.22,2026-11-04,,True,True,True,True,False,True,True,True,True,False,False,True,True,False,True,False,False,False,True,False
SHW,Sherwin-Williams Company (The),Basic Materials,,4,320.78,23574300000.0,26951400000.0,0.7270385374467643,12072100000.0,42,,29.619576,20.08264,5,6,industrial,,6,10.26,15.876029654036245,62.3876636135325,-4.1417216388661116,3,5,89650555968.0,4161700000.0,0.04642135182614465,0.4272690843518333,0.03141310590689695,2.6163038649489114,True,sec,14,-0.03276638690383431,587063327.3599999,2026-10-27,,True,True,True,True,False,True,False,True,True,True,False,True,True,False,True,False,True,True,True,False
SIGI,"Selective Insurance Group, Inc.",Financial Services,,4,84.9,5336928000.0,15615949000.0,0.318,900958976.0,40,,10.533499,1.460419,5,6,financial,,5,7.49,34.46897124284833,102.67716829617386,0.17313652675826957,3,5,5778941440.0,638919000.0,0.11055986751788231,,0.03667464132845774,1.2578481217567372,False,sec,9,-0.04909147692528965,40546032.6,2026-10-21,,True,True,True,True,True,False,False,True,True,True,False,True,True,True,True,False,,True,,False
SKY,"Champion Homes, Inc.",Consumer Cyclical,,4,87.48,2663639000.0,2147560000.0,2.7380684519766336,23779000.0,0,,25.578947,3.0186336,5,6,industrial,,8,3.66,28.98002358838272,47.222992154986336,-0.85248744325412,2,5,3987493240.0,251765000.0,0.06313866503257069,0.3279624317830468,0.042119218008533285,-2.540219793426227,True,sec,14,-0.04515356963251318,53371198.080000006,2026-10-27,,True,True,True,True,False,True,True,True,False,False,False,True,True,True,True,True,True,True,False,True
SKYW,"SkyWest, Inc.",Industrials,,4,97.69,4058202000.0,7412230000.0,0.5688917129103263,2296458000.0,0,,9.701093,1.3773316,5,6,industrial,,8,10.35,32.343592682910916,126.76862473975807,0.22938345193420898,2,5,5488617944.0,617846000.0,0.11256859309644818,0.12842959938122855,0.021691533375055822,1.7259541728296532,True,sec,13,-0.06907907606752624,36150672.949999996,2026-10-29,,True,True,True,True,True,False,False,True,False,True,False,True,True,True,True,True,False,True,True,True
SMPL,The Simply Good Foods Company,Consumer Defensive,,4,9.88,1450920000.0,2062444000.0,4.795904027774908,397037000.0,0,,,0.61615217,5,6,industrial,,6,1.02,13.629145335086903,,,3,5,1146952168.0,156887000.0,0.13678600065212135,0.25491455768011156,0.05823534956719025,1.531830774234794,True,sec,14,-0.03628850043928465,23125424.400000002,2026-10-22,,False,True,True,True,True,True,True,True,False,False,True,True,True,False,True,True,False,True,False,True
SNA,Snap-On Incorporated,Industrials,,4,367.72,4709300000.0,8640900000.0,3.432506259959026,1186700000.0,42,,18.95464,3.148126,5,6,industrial,,6,19.19,89.54569002392712,225.8003897498325,-0.628518003921084,4,5,18563099008.0,1327700000.0,0.07152361787370799,0.317059543763299,0.041574884798580826,-0.32113308091431775,True,sec,12,-0.007499218831371732,117758285.08000001,2026-10-15,,True,True,True,True,False,True,True,True,True,True,False,True,True,False,True,True,True,True,False,False
SOLS,Solstice Advanced Materials Inc,Basic Materials,,4,56.98,3886000000.0,5918000000.0,1.459090909090909,1972000000.0,1,,43.166664,5.70656,5,6,industrial,,3,1.49,9.984750654208922,17.220758113181642,-2.3087974191092444,2,5,10273123712.0,675000000.0,0.06570542893507014,0.2112200067590402,0.16572527873100404,2.1210760896860985,True,sec,12,-0.03683676917877662,194255817.14,2026-11-04,,True,True,True,True,False,True,False,True,True,False,False,True,True,False,True,False,False,False,False,False
SOLV,Solventum Corporation,Healthcare,,4,87.77,8325000000.0,14243000000.0,1.0212940212940214,5079000000.0,0,,10.729828,3.1106462,5,6,industrial,,6,8.88,28.216447024846364,72.0635526141977,-0.21795272111949507,2,5,19616535808.0,2181000000.0,0.111181710234003,0.31250438812048026,0.0,1.751310861423221,True,sec,13,0.08333918416064032,91143001.1,2026-11-05,,True,True,True,False,True,True,False,True,False,True,False,True,True,True,False,True,True,False,False,True
SON,Sonoco Products Company,Consumer Cyclical,,4,48.5,7518753000.0,10974083000.0,0.9948358695950892,4453216000.0,37,,7.496136,1.3390392,5,6,industrial,,6,10.07,36.220261153647755,72.61354231705887,0.33208051208643424,3,5,9080005568.0,1017735000.0,0.11208528369043397,0.1434664746020237,0.045675915261962595,2.787452401972297,True,sec,14,0.028542612626494625,53787082.0,2026-10-21,,True,True,True,True,True,False,False,True,True,True,False,True,True,True,False,True,True,False,False,True
SSD,"Simpson Manufacturing Company, ",Basic Materials,,4,172.59,2332808000.0,3139851000.0,3.2875517660298503,292500000.0,23,,18.924341,3.3262665,5,6,industrial,,6,8.24,51.33336565264816,103.18533638950181,-0.6726213824463482,4,5,6915519728.0,458065000.0,0.06623724868361766,0.34065469985677665,0.023690947432014678,-0.2883601938629529,True,sec,14,-0.03617241709877316,47865420.24,2026-10-26,,True,True,True,True,False,True,True,True,True,True,False,True,True,False,True,True,True,True,False,False
STE,STERIS plc (Ireland),Healthcare,,4,209.34,5935900000.0,10736100000.0,1.9058676848749319,1893600000.0,22,,25.56044,2.832172,5,6,industrial,,9,7.93,73.9148717948718,116.70769821008388,-0.7937120105236762,3,5,21821973152.0,1101800000.0,0.05049039297800709,0.2446419090731271,0.023384824030325053,0.8885600956998049,True,sec,14,-0.05207663863041514,143139574.44,2026-11-04,,True,True,True,True,False,True,False,True,True,True,False,True,True,True,True,True,True,True,True,True
STRA,"Strategic Education, Inc.",Consumer Defensive,,4,78.79,1268220000.0,2068862000.0,1.0956276104804417,106713000.0,10,,13.15359,1.0593328,5,6,industrial,,8,5.41,73.55650584983924,100.12072814768116,0.21305007007357832,4,5,1708393472.0,174231000.0,0.10198528784825514,0.30468325370117827,0.11226565941666715,-0.13795227794529652,True,sec,13,-0.034600664519914816,23230364.810000002,2026-11-05,,False,True,True,True,True,True,False,True,True,True,True,True,True,True,True,True,False,True,True,True
SWKS,"Skyworks Solutions, Inc.",Technology,,4,83.16,4086900000.0,7425000000.0,3.100651950131534,496900000.0,13,,43.088085,2.1810744,5,6,industrial,,6,3.08,38.12823920265781,40.69039475510604,-1.0437255647308423,3,5,12211016864.0,500000000.0,0.040946630863648935,0.22654545454545455,0.09827130674983281,-0.38821112109926803,True,sec,15,-0.11093602693602693,514587926.15999997,2026-11-03,,True,True,True,True,False,True,True,True,True,False,False,True,True,False,True,True,False,True,False,True
SYY,Sysco Corporation,Consumer Defensive,,4,77.77,84553000000.0,28397000000.0,1.276917228927112,13516000000.0,40,,21.248632,13.959791,5,6,industrial,,6,3.66,3.484170743185643,21.41896160372494,-2.6308949723536146,2,5,49008025600.0,3095000000.0,0.06315292163086039,0.5507271894918477,0.03316707290119406,2.8769344141488578,True,sec,15,-0.031024403986336584,282087655.08,2026-11-03,,True,True,True,True,False,True,False,True,True,False,False,True,True,False,True,True,True,False,True,False
TDC,Teradata Corporation,Technology,,4,29.92,1663000000.0,1658000000.0,0.914792899408284,0.0,0,,6.068966,4.712553,5,6,industrial,,7,1.35,6.349036402569594,26.53795004494333,-0.12744201979915568,2,5,2368560000.0,205000000.0,0.08655047792751715,0.5952955367913149,0.050313380484158475,-1.4033898305084747,True,sec,14,-0.10554885404101327,73665643.04,2026-11-03,,True,True,True,True,False,True,False,True,False,True,False,True,True,True,True,True,True,True,False,False
TEL,TE Connectivity plc,Technology,,4,217.76,17262000000.0,26070000000.0,1.8761802575107296,5632000000.0,20,,21.30724,4.7665534,5,6,industrial,,5,6.16,44.7353379929728,102.49520222660873,-1.1245872515920305,2,5,67437395008.0,3211000000.0,0.04761453196137075,0.23317990026850785,0.034102952367568544,1.0849592491973328,True,sec,14,-0.08810893747602608,483260395.84,2026-10-28,,True,True,True,True,False,True,False,True,True,False,False,True,True,False,True,False,False,True,True,False
TGT,Target Corporation,Consumer Defensive,,4,156.7,104780000000.0,61235000000.0,0.9881019830028328,15357000000.0,44,,16.255186,3.989612,5,6,industrial,,6,8.13,39.27654717683544,92.29941599795038,-0.697735552340653,3,5,76523299776.0,5117000000.0,0.06686852259349177,0.47797828039519885,0.03457028764198252,0.6465882923282027,True,sec,14,-0.046656323997713724,624694422.0999999,2026-11-18,,True,True,True,True,False,True,False,True,True,True,False,True,True,False,True,True,True,True,False,False
THG,Hanover Insurance Group Inc,Financial Services,,4,216.94,6594400000.0,16863900000.0,0.36,844000000.0,22,,10.379905,2.061599,5,6,financial,,5,18.16,60.70247933884298,222.44984530327432,0.024768932950987387,3,5,8131798496.0,933000000.0,0.11473476629541904,,0.03439283704137292,0.6224687634640241,False,sec,10,-0.03057418509360231,68128271.48,2026-10-28,,True,True,True,True,True,False,False,True,True,True,False,True,True,True,True,False,,True,,False
TJX,"TJX Companies, Inc. (The)",Consumer Cyclical,,4,133.59,60372000000.0,37115000000.0,1.147380239520958,2871000000.0,40,,24.738888,14.190568,5,6,industrial,,7,4.87,9.672459719320294,33.820126845742585,-2.9500147533248198,3,5,143812523712.0,7373000000.0,0.05126813583193369,0.5036508150343527,0.027581649972159172,0.9083454590436808,True,sec,12,-0.037189653778795635,945422975.91,2026-11-18,,True,True,True,True,False,True,False,True,True,True,False,True,True,True,True,True,False,True,True,False
TMUS,"T-Mobile US, Inc.",Communication Services,,4,161.73,88309000000.0,213553000000.0,0.9242166935552347,87264000000.0,4,,16.917362,3.0895162,5,6,industrial,,6,9.72,52.34841848338186,106.11341365463862,-0.524123995542859,3,5,257922180032.0,18279000000.0,0.07087021363471786,0.2533103445130156,0.08124706958565144,2.656400415264102,True,sec,12,-0.0794088586908168,774422756.64,2026-10-28,,True,True,True,True,False,True,False,True,True,True,False,True,True,False,True,False,True,True,False,True
TOL,"Toll Brothers, Inc.",Consumer Cyclical,,4,136.36,10966723000.0,14685796000.0,4.502,2912773120.0,10,,10.856688,1.4764606,5,6,industrial,,4,13.49,82.87369944723471,161.55434466084174,0.15594965714932232,4,5,14430820352.0,1720614000.0,0.11923189105195507,0.18754420938436023,0.05953690195599767,0.9830897232971808,True,sec,11,0.015938870456868665,131885619.32000001,2026-08-18,,True,True,True,True,True,False,True,True,True,True,False,True,True,False,False,True,False,True,False,False
TPR,"Tapestry, Inc.",Consumer Cyclical,,4,119.24,8004200000.0,6691700000.0,1.7521580547112463,2396600000.0,18,,16.40165,34.522293,5,6,industrial,,8,7.27,3.4535928143712575,23.76947772286659,-4.016517459501827,3,5,25020063424.0,1914400000.0,0.07651459421016694,0.930854640823707,0.07910255907363466,0.5997494217424827,True,sec,15,-0.06732220511977524,356183831.08,2026-11-05,,True,True,True,True,False,True,False,True,True,True,False,True,True,True,True,True,False,True,True,True
TRIP,"TripAdvisor, Inc.",Consumer Cyclical,,4,8.375,1891000000.0,2531300000.0,1.561352764489932,824400000.0,0,,,1.4669819,5,6,industrial,,7,0.31,5.65714792253176,,,2,5,955724800.0,80000000.0,0.08370610451879035,0.6897641528068581,0.09235270359461349,-0.10930232558139535,True,sec,14,-0.08098605459645242,30826733.5,2026-11-05,,True,True,True,True,False,True,False,True,False,True,False,True,True,True,True,True,False,True,False,True
TRMB,Trimble Inc.,Technology,,4,57.53,3587300000.0,8540800000.0,0.9536945114168203,1459300000.0,0,,,2.3645704,5,6,industrial,,4,1.76,21.915951972555746,,,1,5,14659736224.0,592000000.0,0.04038271841691222,0.29012504683402024,0.06431684931467115,1.572041924485415,True,sec,14,0.004425814911952042,170742826.76,2026-11-04,,True,True,True,True,False,True,False,True,False,False,False,True,True,False,False,False,False,True,True,False
TRV,"The Travelers Companies, Inc.",Financial Services,,4,361.64,48828000000.0,143580000000.0,0.323,300000000.0,40,,9.905232,2.2776456,5,6,financial,,5,27.43,158.77756471716202,361.1539083338667,-0.0013459404838668562,3,5,75108076992.0,8221000000.0,0.10945560489953224,,0.05280457031739148,0.7280487703169887,False,sec,9,-0.030073826438222595,618643444.04,2026-10-16,,True,True,True,True,True,False,False,True,True,True,False,True,True,True,True,False,,True,,False
TSCO,Tractor Supply Company,Consumer Cyclical,,4,31.73,15524046000.0,12161821000.0,1.3338090238448228,2153826000.0,17,,16.612566,6.314428,5,6,industrial,,6,2.06,5.042809646542556,14.695215650738783,-1.1592061494112755,3,5,18454840880.0,1467389000.0,0.07951241679846985,0.46493925539604636,0.05134884120557791,0.9800336494340777,True,sec,14,-0.0443331635944979,319629521.41,2026-10-22,,True,True,True,True,False,True,False,True,True,True,False,True,True,False,True,True,False,True,True,False
TT,Trane Technologies plc,Industrials,,4,458.94,21321900000.0,23925600000.0,1.0734009462632137,4616800000.0,44,,34.19821,11.725002,5,6,industrial,,9,12.98,35.199973704420714,108.71488735688307,-3.221500947643148,3,5,103830942816.0,3967400000.0,0.03821018949072508,0.3599415518633845,0.022961563843767838,0.6569284250753965,True,sec,12,-0.011531581235162337,511946652.12,2026-10-29,,True,True,True,True,False,True,False,True,True,True,False,True,True,True,True,True,True,True,True,True
TTC,Toro Company (The),Industrials,,4,97.79,4510400000.0,3536000000.0,1.575570342205323,962000000.0,41,,26.147058,6.9266186,5,6,industrial,,6,3.17,14.11767589437743,34.467807015723146,-1.8371401741744473,2,5,10043832032.0,409900000.0,0.04081111658319696,0.4255656108597285,0.04764974707881535,1.4231186685962374,True,sec,14,-0.09782239819004525,70803480.44,2026-09-03,,True,True,True,True,False,True,False,True,True,False,False,True,True,False,True,False,True,True,False,True
TTEK,"Tetra Tech, Inc.",Industrials,,4,33.72,5442590000.0,4388299000.0,1.1843316970809759,801057000.0,13,,19.835295,4.6619663,5,6,industrial,,7,0.93,7.233413007139398,16.6331662424697,-1.0272748740947617,2,5,9204040112.0,408419000.0,0.044373883102433835,0.2190698491602327,0.03648710175653976,1.2218301031723073,True,sec,14,-0.04779437317283986,86868418.67999999,2026-11-11,,True,True,True,True,False,True,False,True,True,False,False,True,True,False,True,True,False,True,True,True
TXN,Texas Instruments Incorporated,Technology,,4,281.31,17682000000.0,35882000000.0,4.85727496917386,14052000000.0,55,,42.558243,14.263043,5,6,industrial,,7,5.45,10.34290637564618,54.15997921840227,-4.1940566458788,2,5,263956707520.0,6023000000.0,0.022818135809424874,0.2810044033219999,0.025207692201606093,0.8879234353356,True,sec,15,-0.05997436040354495,1865598690.75,2026-10-21,,True,True,True,True,False,True,False,True,True,False,False,True,True,True,True,False,True,True,False,True
TXRH,"Texas Roadhouse, Inc.",Consumer Cyclical,,4,156.7,5878075000.0,3672066000.0,0.45763935694929014,50000000.0,16,,25.071999,6.6934347,5,6,industrial,,4,6.1,23.76363502659098,57.37745211592485,-1.7310379638922415,3,5,10133506568.0,474740000.0,0.046848541204794134,0.26385868095311077,0.032150606244319854,-0.22370336669699728,True,sec,12,-0.08836088458105056,145184900.5,2026-11-05,,True,True,True,True,False,True,False,True,True,True,False,True,True,False,True,False,False,True,False,False
UAL,"United Airlines Holdings, Inc.",Industrials,,4,111.78,59070000000.0,84569000000.0,0.7802910243480766,26464000000.0,0,,10.388475,2.1729748,5,6,industrial,,7,10.2,51.44126552328069,111.59689723224386,-0.0016407514213866087,2,5,46107401920.0,4713000000.0,0.10221786098851175,0.22237337798241943,0.01755768862221028,1.2842394145321485,True,sec,13,-0.06004564320259197,424593647.28000003,2026-10-20,,True,True,True,False,True,True,False,True,False,True,False,True,True,True,True,True,False,True,False,True
UFPI,"UFP Industries, Inc.",Basic Materials,,4,77.08,6320343000.0,4104864000.0,3.980695133064024,234251000.0,33,,17.598173,1.3997748,5,6,industrial,,4,5.0,55.06587920185116,73.66650880750592,-0.04633708380851456,3,5,3842505936.0,363901000.0,0.09470408271608718,0.25826677814417237,0.1206315483809438,-0.8149985764373503,True,sec,15,-0.06113357226938578,33386277.04,2026-10-26,,True,True,True,True,False,True,True,True,True,False,False,True,True,False,True,False,False,True,False,False
ULTA,"Ulta Beauty, Inc.",Consumer Cyclical,,4,537.73,12392820000.0,6963950000.0,1.345087271257602,339578000.0,0,,19.575172,8.471524,5,6,industrial,,5,25.64,61.76243429505899,198.07148580594693,-1.7148279208993296,1,5,23118101400.0,1532992000.0,0.06631132779787877,0.6957580108989869,0.0392044625797774,0.06878038831605375,True,sec,15,-0.05022724172344718,319190075.24,2026-12-03,,True,True,True,True,False,True,False,True,False,False,False,True,True,False,True,True,False,True,,False
UNF,Unifirst Corporation,Industrials,,4,252.32,2432352000.0,2820694000.0,3.1111216324984614,85048000.0,41,,39.54859,2.0759048,5,6,industrial,,5,7.98,121.54699965046566,132.09114848994219,-0.9101961250583902,4,5,4479170560.0,184498000.0,0.04119021535987234,0.31550816926614517,0.02093360424573047,-0.4046133981882523,True,sec,13,-0.05268242496350189,58427219.199999996,2026-10-21,,True,True,True,True,False,True,True,True,True,True,False,True,True,False,True,False,False,True,True,False
UNH,UnitedHealth Group Incorporated,Healthcare,,4,365.2,447567000000.0,309727000000.0,0.7767841173314255,73328000000.0,37,,23.591732,3.3572042,5,6,industrial,,6,13.23,115.48397790055249,194.64947469927046,-0.87619309306756,2,5,369661634816.0,18964000000.0,0.05130096881554771,1.281489828138974,0.03854160156062569,1.7946409431939978,True,sec,14,-0.024670112712162646,1799386050.0,2026-10-13,,True,True,True,True,False,True,False,True,True,False,False,True,True,False,True,True,False,True,False,True
UPS,"United Parcel Service, Inc.",Industrials,,4,93.89,88661000000.0,71267000000.0,1.1790202271352732,24484000000.0,28,,17.451672,5.303022,5,6,industrial,,6,6.56,17.704999149541525,46.29460284922492,-1.028098184701717,2,5,99642880704.0,7867000000.0,0.07895195265750875,0.21931864824189357,0.07810477363028387,1.818625195546149,True,sec,12,-0.0403833471312108,453917307.85,2026-10-27,,True,True,True,True,False,True,False,True,True,False,False,True,True,False,True,False,True,True,True,False
URBN,"Urban Outfitters, Inc.",Consumer Cyclical,,4,78.77,6165376000.0,5122987000.0,1.580769400729041,1213373952.0,0,,12.327073,2.582877,5,6,industrial,,8,5.06,33.32402806338652,66.21711545203681,-0.18957160036751597,2,5,7244699648.0,605634000.0,0.08359684036966165,0.4329023282705968,0.022815425809443752,1.0880065482694632,True,sec,15,-0.02152474718362549,87468177.25,2026-11-25,,True,True,True,True,False,True,False,True,False,True,False,True,True,True,True,False,True,True,True,True
UTHR,United Therapeutics Corporation,Healthcare,,4,571.38,3182700000.0,7220100000.0,5.731655149720303,0.0,0,,20.472233,3.8099368,5,6,industrial,,7,27.86,149.97129004529037,306.88439139553503,-0.8618737740348732,3,5,21844584448.0,1492500000.0,0.0683235702447362,0.3875708092685697,0.04042945631597931,-1.0407031590729863,True,sec,15,-0.031370756637719696,341946932.04,2026-10-28,,True,True,True,True,False,True,True,True,False,True,False,True,True,True,True,,True,True,False,True
V,Visa Inc.,Financial Services,,4,359.85,40000000000.0,94590000000.0,0.9852226141672228,23858000000.0,19,,30.625532,19.069952,5,6,financial,,6,11.749999967347506,18.87000030204586,70.63112851986679,-4.094779136918124,3,5,687065321664.0,23994000000.0,0.034922443679574824,0.322653497545846,0.033971498081004727,0.4560561592765924,True,sec,10,-0.0317263981393382,2482747290.75,2026-10-27,,True,True,True,True,False,True,False,True,True,True,False,True,True,False,True,True,False,True,False,True
VC,Visteon Corporation,Consumer Cyclical,,4,88.36,3768000000.0,3456000000.0,1.7753694581280788,299000000.0,2,,17.025047,1.5162071,5,6,industrial,,7,7.28,60.337078651685395,82.49422435929452,-0.07110528871885308,4,5,2009808064.0,351000000.0,0.1746435424790892,0.15393518518518517,0.030523890900179658,-0.851010101010101,True,sec,13,-0.11863419762731481,42177585.68,2026-10-22,,True,True,True,True,True,False,True,True,True,True,False,True,True,False,True,True,True,True,True,False
VGNT,Versigent PLC,Consumer Cyclical,,4,46.26,9244000256.0,5359000000.0,1.3981042654028435,2377000000.0,1,,6.853333,38.549995,5,6,industrial,,6,6.750000328307409,1.2002985156529589,13.500001203793893,-2.426666361111108,3,5,5099839168.0,662000000.0,0.12980801515346924,0.21652991795077045,0.0,1.765957514893617,True,mixed,6,,40731004.8,2026-11-04,,True,True,True,False,True,True,False,True,True,True,False,True,True,False,True,False,True,True,True,False
VMI,"Valmont Industries, Inc.",Industrials,,4,468.28,4104102000.0,3465705000.0,2.3535517451732764,730685000.0,41,,18.292187,5.235279,5,6,industrial,,5,16.79,61.89078853046595,226.98342082593936,-1.063058166521762,4,5,9631712848.0,415576000.0,0.04314663513731031,0.3577730937861128,0.02771767859695553,1.1736790422250216,True,sec,14,-0.03064628986021603,89599758.64,2026-10-20,,True,True,True,True,False,True,True,True,True,True,False,True,True,False,True,False,True,True,False,False
VNT,Vontier Corporation,Technology,,4,31.69,3075600000.0,4031000000.0,1.2523977294969662,1900000000.0,6,,13.149378,3.5475206,5,6,industrial,,6,2.76,8.737728937728937,22.008904715813298,-0.43987174324176526,3,5,5918688192.0,561600000.0,0.09488589055241788,0.33208203625709576,0.07349769351400748,2.6672107067080137,True,sec,12,-0.026023319275613993,45785712.0,2026-10-29,,True,True,True,True,False,True,False,True,True,True,False,True,True,False,True,True,False,True,False,True
VOYA,"Voya Financial, Inc.",Financial Services,,4,95.38,2255000000.0,182946000000.0,5.669,2689000000.0,14,,16.084316,1.8441964,5,6,financial,,5,6.29,51.718664770455455,83.06990116742085,-0.14818964100810844,4,5,10245079296.0,1038000000.0,0.10131693176891932,,0.043165904075508674,2.9434823376325157,False,sec,9,-0.0034655034819017633,98873101.74,2026-11-02,,True,True,True,True,True,False,True,True,True,True,False,True,True,False,True,True,,True,,False
VRRM,Verra Mobility Corporation,Technology,,4,2.99,979079000.0,1616191000.0,2.058024929539659,1034657000.0,0,,11.074074,2.032631,5,6,industrial,,8,0.85,1.4562800784073666,2.9893685719627414,-0.00021122455196089033,2,5,1434287576.0,238414000.0,0.16622468463744122,0.5488636184100988,0.2936589093376029,2.7797891595317936,True,sec,13,-0.07375489654378721,16406303.420000002,2026-10-28,,False,True,True,True,True,True,False,True,False,True,False,True,True,True,True,True,True,True,False,True
VRSK,"Verisk Analytics, Inc.",Industrials,,4,168.38,3072700000.0,4495900000.0,1.005464480874317,4473500000.0,8,,25.864822,-18.891506,5,6,industrial,,7,6.48,-9.136580396651459,,,3,5,25837770528.0,1343900000.0,0.05201300160722598,0.47759069374318824,0.03993033199152865,2.4465722662341713,True,sec,13,-0.11737360706421406,245860562.14,2026-11-05,,True,True,True,True,False,True,False,True,True,False,True,True,True,False,True,True,True,True,True,False
VRSN,"VeriSign, Inc.",Technology,,4,286.9,1656600000.0,1802800000.0,0.5909641409088515,2340300032.0,2,,30.915949,-11.505916,5,6,industrial,,8,9.279999782636462,-24.934734513274336,,,4,5,27213268992.0,1121000000.0,0.04119314002039024,0.8100177501664078,0.04228910304016639,1.7136593861720066,True,sec,13,-0.1472154426447748,216767008.1,2026-10-22,,True,True,True,True,False,True,False,True,True,True,True,True,True,True,True,False,True,True,True,True
VRTS,"Virtus Investment Partners, Inc",Financial Services,,4,132.78,852865000.0,4536350000.0,2.659,418627000.0,13,,7.565812,0.9671287,5,6,financial,,4,19.97,142.7348563756168,232.83808297039604,0.42973246340942356,5,5,1011049768.0,168680000.0,0.16683649543154833,0.1042069817300522,0.1416915611136293,0.5668846291266149,True,sec,10,0.04479350138327069,17945084.22,2026-10-30,,True,True,True,True,True,False,True,True,True,True,True,True,False,True,False,False,,True,True,False
VSNT,"Versant Media Group, Inc.",Communication Services,,4,30.84,6688000000.0,12740000000.0,2.380064829821718,2954000000.0,1,,5.6587157,0.5288882,5,6,industrial,,5,5.4499999001540225,58.311000321050834,84.55995673704655,0.6352883659117496,3,5,5768005376.0,1272000000.0,0.22052684023018498,0.3041433552258169,0.0,1.1023151605675878,True,sec,10,-0.08571428571428572,52568907.96,2026-11-05,,True,True,True,False,True,True,False,True,True,False,True,True,True,False,True,,True,True,False,False
WEX,WEX Inc.,Technology,,4,168.66,1845400000.0,16498800000.0,1.0445396069826496,5357200000.0,0,,16.832335,4.302441,5,6,industrial,,5,8.47,39.201166180758015,94.00992588944128,-0.7940658755369048,2,5,5003805056.0,663900000.0,0.13267902977233811,0.0451426770431789,0.13913908641188183,-0.748140703517588,True,sec,14,-0.009103692389749557,109131790.32,2026-10-28,,True,True,True,True,True,False,False,True,False,True,False,True,True,False,True,False,True,True,False,False
WSM,"Williams-Sonoma, Inc.",Consumer Cyclical,,4,233.39,7806816000.0,5506306000.0,1.4466332170708815,1527945984.0,21,,23.912909,14.6971035,5,6,industrial,,4,8.84,18.177383064892723,59.05292599383269,-2.9522173723343457,2,5,27987490816.0,1415722000.0,0.0505840987785391,0.654349939868943,0.042579507688247226,0.30616677339117715,True,sec,14,-0.041205301703174504,243877146.26,2026-11-18,,True,True,True,True,False,True,False,True,True,False,False,True,True,False,True,False,False,True,False,False
WSO,"Watsco, Inc.",Industrials,,4,301.15,7239290000.0,5084717000.0,3.198907363948382,488236000.0,35,,25.651619,3.880899,5,6,industrial,,5,12.25,77.5979998448813,143.16951902724503,-1.1034505252664248,3,5,12447144344.0,720347000.0,0.057872470993496176,0.39932684552552283,0.03613857217474283,0.03147105283477664,True,sec,14,0.0035351033302345046,146901873.45,2026-10-28,,True,True,True,True,False,True,True,True,True,False,False,True,True,False,True,False,True,False,True,False
WU,Western Union Company (The),Financial Services,,4,6.02,3879600000.0,7968600000.0,0.277,2510300000.0,21,,4.854839,2.0518064,5,6,financial,,5,1.52,2.933611289288005,9.04757400684801,0.3346282666001375,2,5,3468011424.0,757300000.0,0.21836721608215787,0.16677960996912883,0.28953219301423544,2.0069400630914824,True,sec,11,-0.005534221820646035,59745020.44,2026-10-22,,True,True,True,True,True,False,False,True,True,False,False,True,True,False,True,True,False,True,False,False
YELP,Yelp Inc.,Communication Services,,4,18.11,1464955000.0,990565000.0,1.7486222571746888,123303000.0,0,,8.748793,1.6045009,5,6,industrial,,7,2.24,11.722935612950163,22.927972719616623,0.2101351383541416,3,5,1011875200.0,184521000.0,0.182355492060681,1.3796446032146799,0.2960667578687702,-0.44948344704605364,True,sec,13,-0.22858570613740642,21263403.75,2026-11-05,,False,True,True,True,True,True,True,True,False,True,False,True,True,True,True,True,False,True,False,True
YETI,"YETI Holdings, Inc.",Consumer Cyclical,,4,41.37,1868494000.0,1301719000.0,1.750577401036148,100791000.0,0,,18.144737,4.9538975,5,6,industrial,,6,2.03,8.351393188218175,20.69797856675848,-0.9987459097305933,3,5,3060514624.0,213557000.0,0.06977813414950701,0.8240518883107645,0.0986174539029075,0.15298611966884376,True,sec,14,-0.06864000602280523,66166640.19,2026-11-05,,True,True,True,True,False,True,True,True,False,True,False,True,True,False,True,True,False,True,False,True
ZBRA,Zebra Technologies Corporation,Technology,,4,375.45,5396000000.0,8637000000.0,0.5157578789394698,2768000000.0,0,,34.25639,5.1796923,5,6,industrial,,5,8.18,47.60792227426662,133.69666987358093,-1.8082225260734832,1,5,20373787328.0,700000000.0,0.03435787312052578,0.30021998379066805,0.03304661532904212,2.9502824858757064,True,sec,14,-0.05765890934352206,255699847.04999998,2026-11-03,,True,True,True,True,False,True,False,True,False,False,False,True,True,False,True,False,False,True,False,True
ZD,"Ziff Davis, Inc.",Communication Services,,4,54.42,1451268000.0,3998027000.0,2.1641202910736714,867640000.0,0,,,0.85037893,5,6,industrial,,7,1.15,63.99529237502443,,,3,5,1127437760.0,183086000.0,0.16239122592452465,0.3113210591124072,0.09314062433544482,-1.7933784548432767,True,sec,13,-0.08997287912262723,33808261.74,2026-11-05,,False,True,True,True,True,True,True,True,False,False,True,True,True,False,True,True,False,True,True,True
ZTS,Zoetis Inc.,Healthcare,,4,69.1,9467000000.0,15077000000.0,3.083939835031538,9048000000.0,14,,11.27243,,5,6,industrial,,6,6.02,7.6010364510600485,,,3,5,35925750528.0,3582000000.0,0.0997056414230857,0.45108443324268754,0.1444293629993012,1.7080669657237018,True,sec,13,-0.015321350401273463,381617740.79999995,2026-11-05,,True,True,True,True,False,True,False,True,True,True,False,True,True,False,True,False,True,True,True,False
ZWS,Zurn Elkay Water Solutions Corp,Industrials,,4,47.2,1695900000.0,2781100000.0,3.052850736707239,499100000.0,7,,29.31677,4.724725,5,6,industrial,,8,1.15,9.99031455532951,19.023347003500024,-1.4811617004786737,4,5,7962885664.0,278900000.0,0.035024991161294663,0.27499910107511416,0.028586808938853073,0.4341210747814827,True,sec,14,-0.05339613821869044,42494962.400000006,2026-10-27,,True,True,True,True,False,True,True,True,True,True,False,True,True,True,True,True,True,True,False,True
A,"Agilent Technologies, Inc.",Healthcare,,4,166.68,6948000000.0,13967000000.0,2.0502402795980776,3949000000.0,15,,32.875736,6.383027,4,6,industrial,,5,4.57,26.11309478145849,54.578760432075256,-2.0539352429492745,3,5,49189061056.0,1479000000.0,0.03006766074099709,0.26082909715758573,0.015043173784501073,1.2399547255234862,True,sec,13,-0.01832891816424429,376784473.68,2026-11-25,,True,True,True,False,False,True,False,True,True,True,False,True,True,False,True,True,False,True,False,False
AAMI,Acadian Asset Management Inc.,Financial Services,,4,94.06,563700000.0,856900000.0,1.048,200000000.0,9,,32.32302,36.288578,4,6,financial,,4,2.21,2.592000160491271,13.027326348823543,-6.220207545387413,2,5,3452401344.0,132100000.0,0.03826322227268835,0.3555391432791728,0.015067994652392063,0.9003456221198156,True,sec,8,0.09616057883066868,39614779.9,2026-10-29,,True,True,True,False,False,True,False,True,True,False,False,True,False,False,False,True,False,True,False,True
AAP,Advance Auto Parts Inc.,Consumer Cyclical,,4,38.74,8601000000.0,12019000000.0,1.7476613657623947,3387000000.0,21,,21.64246,1.0298536,4,6,industrial,,4,0.73,37.61666666666667,38.923314732291956,0.004709638260583983,3,5,2606896064.0,-43000000.0,-0.016494712080703806,0.31059156335801646,0.028420493124945913,1.165938864628821,True,sec,14,0.007488143772360429,75860939.18,2026-11-05,,True,False,True,True,False,True,True,False,True,False,True,True,False,True,False,False,True,False,True,False
ABBV,AbbVie Inc.,Healthcare,,4,259.93,61160000000.0,135115000000.0,0.8085346525142885,70822000000.0,14,,74.05413,-77.38315,4,6,industrial,,7,2.36,-3.218242054868949,,,3,5,523551783488.0,15075000000.0,0.028793713392718343,0.3179217703437812,0.02751200333679245,4.055376649617983,True,sec,14,-0.10956592532287311,1292789667.51,2026-10-30,,True,True,False,True,False,True,False,True,True,False,True,True,True,False,True,True,True,False,True,True
ABG,Asbury Automotive Group Inc,Consumer Cyclical,,4,178.47,17999000000.0,11411500000.0,0.9098798594916905,3457700000.0,0,,6.7043576,0.8166244,4,6,industrial,,6,25.13,97.83717790814977,361.7984660672591,0.5067143265145241,2,5,6625878400.0,860600000.0,0.12988466555619252,0.269175831398151,0.0039951578686631805,3.6288441145281016,True,sec,15,-0.02481707049905797,44581092.12,2026-10-27,,True,True,False,False,True,True,False,True,False,False,True,True,True,True,True,True,False,True,False,False
ACI,"Albertsons Companies, Inc.",Consumer Defensive,,4,11.72,83172500000.0,26917000000.0,0.8423685691220002,9162800000.0,7,,73.25,3.5515153,4,6,industrial,,5,0.4,2.684546137907171,3.446737515870711,-2.4003169507496738,2,5,14557417408.0,727600000.0,0.049981392963297795,0.8398669985511016,0.31661295506358617,3.3579676674364896,True,sec,14,-0.07984916595460118,96875820.60000001,2026-10-13,,True,True,False,True,False,True,False,True,True,False,False,True,True,False,True,False,False,True,False,True
ACLS,"Axcelis Technologies, Inc.",Technology,,4,136.71,839048000.0,1386838000.0,4.896382326924903,69809000.0,0,,44.100002,3.9610016,4,6,industrial,,5,3.8,34.51381108124737,49.06476565137297,-1.786317190861269,2,5,3889401344.0,119315000.0,0.03067695756933435,0.271731810060007,0.028679889987162432,-0.761093111705874,True,sec,15,0.0013938181676590921,54405795.150000006,2026-11-03,,False,True,True,True,False,True,True,True,False,False,False,True,True,False,False,True,False,True,True,False
ACT,"Enact Holdings, Inc.",Financial Services,,4,44.15,1235827000.0,6956141000.0,0.922,745232000.0,6,,9.314346,1.1302835,4,6,financial,,5,4.52,39.060717284915874,64.54343722085913,0.31596453642646083,3,5,6317566872.0,908786000.0,0.1438506340198499,,0.08290609054310902,,False,sec,9,-0.007227426816103929,16893732.599999998,2026-11-09,,True,True,False,True,True,False,False,True,True,False,True,True,True,False,True,True,,True,,False
ADAM,"Adamas Trust, Inc.",Real Estate,,4,7.78,381671008.0,12963898000.0,0.844,668321000.0,23,,4.630953,0.7503134,4,6,financial,,6,1.1,16.382582397336815,19.79768081141271,0.6070246775816748,3,5,1155278768.0,137802000.0,0.11928030170463584,,0.11012852859762555,2.8336699248727686,False,sec,9,0.001157676495140582,7425512.08,2026-10-28,,True,False,True,True,True,False,False,False,True,True,True,True,True,True,False,True,,True,,True
ADI,"Analog Devices, Inc.",Technology,,4,404.6,11019707000.0,48424417000.0,1.250391159944373,9121583000.0,24,,48.109394,5.843528,4,6,industrial,,8,4.56,69.239141918626,114.46286961622619,-2.5347707195927596,2,5,202851836456.0,2932496000.0,0.014456344350799502,0.13987732676265363,0.020856632528112484,2.035353249501317,True,sec,15,-0.05255323982527244,1478238468.0,2026-11-24,,True,True,True,True,False,False,False,True,True,False,False,True,True,True,True,False,True,True,True,True
ADM,Archer-Daniels-Midland Company,Consumer Defensive,,4,79.52,24956000000.0,53527000000.0,1.3891165300819508,8011000000.0,44,,21.726774,1.625943,4,6,industrial,,4,2.23,48.90700350504292,63.46252517255082,-0.25302294202428693,2,5,45276424128.0,1867000000.0,0.041235588630450244,0.09402731331851215,0.025753139657465972,2.7803004841605237,True,sec,12,-0.08171576961159789,293270316.64,2026-11-03,,True,True,True,True,False,False,False,True,True,False,False,True,True,False,True,True,False,False,False,False
ADP,"Automatic Data Processing, Inc.",Technology,,4,263.96,20560900000.0,63193300000.0,1.0506987520214932,4965100000.0,44,,24.127972,17.41046,4,6,industrial,,6,9.98,15.161387631975867,61.08911672263733,-3.3209005819883846,3,5,105329554880.0,6189600000.0,0.058764133267739486,0.14975638240129888,0.03517773945518798,0.20036807087596706,True,sec,13,-0.013609037666967859,599169403.0,2026-10-28,,True,True,True,True,False,False,False,True,True,True,False,True,True,False,True,False,True,True,True,False
AFG,"American Financial Group, Inc.",Financial Services,,4,138.08,8174000000.0,33034000000.0,2.085,1821000000.0,41,,12.059389,2.3748345,4,6,financial,,4,10.08,58.14272665725706,122.38909135421342,-0.12820512410190724,3,5,11832795584.0,1073000000.0,0.09068017717223839,,0.060525098017330685,0.33045729076790337,False,sec,10,-0.020917842223164014,54593518.080000006,2026-11-03,,True,True,True,True,False,False,True,True,True,False,False,True,True,False,True,False,,True,,False
AFL,AFLAC Incorporated,Financial Services,,4,111.18,17164000000.0,115961000000.0,0.892,16176000000.0,43,,11.993527,1.8421924,4,6,financial,,3,6.82,60.35157299948035,112.19589750661122,0.009054676054900743,2,5,62980345856.0,4753000000.0,0.07546798823346239,,0.08482338346644265,1.6374278820767327,False,sec,9,0.009408335561093816,228772862.4,2026-11-04,,True,True,True,True,False,False,False,True,True,False,False,True,True,False,False,False,,True,,False
AGCO,AGCO Corporation,Industrials,,4,111.81,10082000000.0,11878400000.0,1.3208205483519746,2727000000.0,14,,15.46473,1.9181019,4,6,industrial,,8,9.75,58.29244783668035,97.37890747578199,-0.14819526012660403,1,5,9983847424.0,595700000.0,0.05966637656821627,0.21608970905172414,0.04297437638670459,2.527106313072049,True,sec,14,-0.022023168103448277,111800048.91,2026-10-30,,True,False,True,True,False,True,False,False,True,False,False,True,True,True,True,True,True,True,True,False
AGO,Assured Guaranty Ltd.,Financial Services,,4,68.27,0.0,12641000000.0,0.99,1706000000.0,23,,9.078457,0.5407567,4,6,financial,,6,10.26,126.18252994133931,146.15517151651844,0.5328937095305989,4,5,3609460416.0,751000000.0,0.2080643402185464,,0.18917818099221195,,False,sec,9,0.019302270390000792,27896828.75,2026-11-05,,True,True,False,True,True,False,False,True,True,True,True,True,True,True,False,True,,True,,True
AIT,Applied Industrial Technologies,Industrials,,4,339.39,4563424000.0,3009973000.0,2.5778913180854035,280300000.0,40,,31.337952,6.891308,4,6,industrial,,8,10.12,50.5868815042252,109.54792733303896,-2.0980960412716283,4,5,12620287056.0,498529000.0,0.03950219181131755,0.4595253844469701,0.017368811011186192,0.2926285945727015,True,sec,14,-0.16345396187939226,96386081.22,2026-10-27,,True,True,True,False,False,True,True,True,True,True,False,True,True,True,True,True,False,True,True,True
AIZ,"Assurant, Inc.",Financial Services,,4,266.24,12814300000.0,36081400000.0,0.382,2208100096.0,23,,12.738756,2.1560688,4,6,financial,,6,16.93,123.48381541681636,240.97375578756282,-0.10485060553528225,3,5,13306160128.0,1197100000.0,0.08996584953768565,,0.03595046172156518,0.21530141564121508,False,sec,9,-0.026639764532418366,98181058.56,2026-11-03,,True,True,True,True,False,False,False,True,True,True,False,True,True,True,True,False,,True,,True
ALG,"Alamo Group, Inc.",Industrials,,4,156.36,1603715000.0,1723602000.0,4.390638407034243,262742000.0,34,,18.748201,1.5745431,4,6,industrial,,5,8.59,98.11993837184873,136.5085469222468,-0.14542278505872816,4,5,1970799032.0,151613000.0,0.07692971101479615,0.23080560361382732,0.008295621840359644,0.3791166052032211,True,sec,14,-0.04278365887252394,25804090.8,2026-11-05,,True,True,True,False,False,True,True,True,True,True,False,True,True,False,True,True,True,False,False,False
ALL,Allstate Corporation (The),Financial Services,,4,224.41,67685000000.0,124756000000.0,0.363,7492000000.0,34,,4.4935927,1.7982868,4,6,financial,,5,38.06,132.66929133858267,374.46146660073174,0.4007127034000633,2,5,58690854080.0,13555000000.0,0.23095591659858156,,0.03998670934126299,0.39839914898398093,False,sec,10,0.0004408605598127545,419876047.02,2026-11-04,,True,False,True,True,True,False,False,False,True,True,False,True,True,True,False,True,,True,,False
ALLE,Allegion plc,Industrials,,4,154.28,4067300000.0,5360800000.0,1.9297568506368197,2031100000.0,13,,20.16732,6.1942425,4,6,industrial,,6,7.44,24.907461421209685,65.4760833252148,-1.3562802196597923,3,5,14829974688.0,859500000.0,0.05795694315617971,0.3429152365318609,0.01945962060763877,1.7291750909826122,True,sec,13,-0.0261155051484853,200367755.84,2026-10-22,,True,True,True,False,False,True,False,True,True,True,False,True,True,False,True,True,False,True,True,False
AMAT,"Applied Materials, Inc.",Technology,,4,529.3,28368000000.0,43522000000.0,2.422998937916385,7743000000.0,22,,45.590008,16.391563,4,6,industrial,,6,8.66,32.31525851197982,91.84343859337581,-4.76306819634011,4,5,418561124224.0,8289000000.0,0.019803559194293455,0.3172648315794311,0.014326827504908166,-0.1707932141219624,True,sec,15,-0.02205780984329764,3945912974.4999995,2026-11-12,,True,True,True,False,False,True,True,True,True,True,False,True,True,False,True,False,True,True,True,False
AMD,"Advanced Micro Devices, Inc.",Technology,,4,615.73,34639000000.0,84464000000.0,2.6092210909692906,4100000000.0,0,,157.07397,14.948167,4,6,industrial,,7,2.65,41.19117647058823,60.27476034944475,-9.2153869452203,3,5,996152773952.0,3694000000.0,0.003708266539624169,0.20306876302329988,0.0013092393837731398,-2.137841043890866,True,sec,15,-0.03994601250236787,14732513831.380001,2026-11-03,,True,True,True,False,False,True,True,True,False,True,False,True,True,True,True,False,True,False,True,True
AMG,"Affiliated Managers Group, Inc.",Financial Services,,4,371.95,2074400000.0,9403500000.0,101.314,3004000000.0,10,,13.060042,3.18325,4,6,financial,,6,22.74,51.93162393162393,273.63280438307663,-0.35930339506838743,2,5,12211601984.0,1322800000.0,0.10832321604758913,0.11453830614505724,0.07353459485864511,4.1767903836317135,True,sec,8,-0.027287712022119423,101550532.89999999,2026-11-02,,True,True,False,True,True,False,False,True,True,False,False,True,True,True,True,True,False,True,False,False
AMGN,Amgen Inc.,Healthcare,,4,407.27,36751000000.0,95639000000.0,1.370912085326641,57304000000.0,16,,25.296272,18.837648,4,6,industrial,,7,14.23,21.620421753607104,88.4977195531437,-3.6020394882088524,3,5,263498183360.0,9080000000.0,0.034459440608721775,0.2584092263616307,0.02327153201169886,3.040289183687794,True,sec,13,-0.023494599483474314,1101216538.46,2026-11-03,,True,True,False,True,False,True,False,True,True,True,False,True,True,True,True,True,False,False,True,True
AMP,"Ameriprise Financial, Inc.",Financial Services,,4,494.82,18911000000.0,197871000000.0,2.182,4302000128.0,22,,12.080566,6.874983,4,6,financial,,5,36.28,18.815655176039254,257.54851404352894,-0.9212690930780101,4,5,37712044032.0,4830000000.0,0.12807579445711229,,0.08014359923196678,,False,sec,9,-0.024056076939015823,275805245.7,2026-10-29,,True,True,False,True,True,False,True,True,True,True,False,True,True,False,True,False,,True,,True
AMSF,"AMERISAFE, Inc.",Financial Services,,4,23.68,317252000.0,1127291000.0,2.042,0.0,14,,9.548388,1.754594,4,6,financial,,4,2.47,13.486740276708241,27.44224314662384,0.13709677909791068,3,5,349894784.0,,,,0.11568485617113117,-1.0445299058799717,False,sec,9,0.03196157868731321,9889123.2,2026-10-28,,True,True,True,True,False,False,True,True,True,False,False,True,True,False,False,,,True,,True
ANDE,"The Andersons, Inc.",Consumer Defensive,,4,65.49,1531075000.0,3474281000.0,1.5095385570308473,900765000.0,31,,12.667311,1.6736518,4,6,industrial,,6,3.32,38.546198591096434,67.4670123108224,0.02930339202978564,2,5,3059275840.0,188628000.0,0.06165772877806272,0.20540969484045762,0.01897207402745627,2.6527805545823515,True,sec,13,-0.023396207733341085,23314309.02,2026-11-03,,True,True,True,False,False,True,False,True,True,False,False,True,True,False,True,False,False,True,True,True
ANET,"Arista Networks, Inc.",Technology,,4,204.49,9005700000.0,23720100000.0,2.9572040361375103,0.0,0,,64.30503,17.428621,4,6,industrial,,4,2.75,11.73303203298446,28.97405955400394,-6.057692403056493,3,5,244564525056.0,3856100000.0,0.01576720907955492,0.24319880607585972,0.006215785956663384,-0.42329078925312075,True,sec,15,-0.1843118911387389,1343026519.1200001,2026-11-03,,True,True,True,False,False,True,True,True,False,True,False,True,True,False,True,,False,True,False,False
APOG,"Apogee Enterprises, Inc.",Industrials,,4,35.71,1404733000.0,1101459000.0,1.7595879070337892,237411000.0,40,,11.194357,1.4690032,4,6,industrial,,7,2.52,24.30904460881243,41.77054693614424,0.1450913952697139,2,5,950044784.0,84474000.0,0.08891580841519572,0.29004620235523976,0.049940500810040936,1.5232762210720447,True,sec,15,-0.06203953120361266,7693969.47,2026-10-06,,False,True,True,True,False,True,False,True,True,False,False,True,True,False,True,True,True,True,False,True
APP,Applovin Corporation,Communication Services,,4,281.31,5480717000.0,8269131000.0,4.300236531048089,3515072000.0,0,,22.326189,29.81874,4,6,industrial,,9,9.75,9.433644207568948,51.715947655141996,-4.439521322820235,2,5,94964915568.0,4151914000.0,0.04372050430589817,0.5823558727029479,0.023143017031683952,0.10623389004788009,True,sec,13,-0.07704485513653128,1632798631.08,2026-11-04,,True,False,True,True,False,True,True,False,False,True,False,True,True,True,True,True,True,True,True,True
ARCB,ArcBest Corporation,Industrials,,4,129.61,4010158000.0,2452285000.0,0.9683461717700594,215549000.0,24,,185.15715,2.2849638,4,6,industrial,,4,2.62,41.45176687823993,29.88958354206486,-3.336293271453396,2,5,2944076976.0,90309000.0,0.030674809366805087,0.1122274491960164,0.02987166912507911,0.18077531038504627,True,sec,13,-0.06885618922759794,39496832.96,2026-11-04,,True,True,True,True,False,False,False,True,True,False,False,True,True,False,True,False,,True,False,False
ATEN,"A10 Networks, Inc.",Technology,,4,27.6,290557000.0,677679000.0,1.2901908848416235,0.0,6,,46.779663,8.404386,4,6,industrial,,5,0.57,3.2843735335523228,6.602657982034337,-3.1801347389337584,2,5,1646661088.0,47142000.0,0.02862884192961509,0.3401536715760707,0.043058187967658555,-5.763584458315188,True,sec,15,-0.0630932934324363,35418058.800000004,2026-11-03,,False,True,True,True,False,True,False,True,True,False,False,True,True,False,True,False,True,True,False,False
AVGO,Broadcom Inc.,Technology,,4,343.64,63887000000.0,188148000000.0,2.503743161531817,59419000000.0,17,,43.887615,16.45628,4,6,industrial,,8,4.77,20.88186007540846,60.65381818525347,-4.665595510416652,3,5,1675854251264.0,25484000000.0,0.015206572994506468,0.23010608669770607,0.008151009779228778,1.3601964847647556,True,sec,14,-0.023444309798669134,7738213697.719999,2026-12-09,,True,True,True,False,False,True,False,True,True,True,False,True,True,True,True,True,True,False,True,True
AYI,Acuity Inc.,Industrials,,4,299.28,4345600000.0,4635400000.0,2.053152353165039,697300000.0,25,,20.569073,3.1381598,4,6,industrial,,5,12.53,51.845454545454544,176.69492140127724,-0.6937668475503599,4,5,9244511168.0,563900000.0,0.060998357809545135,0.44839711783233377,0.015526093759929556,0.4094691535150646,True,sec,14,-0.044181731889373084,87196724.39999999,2026-10-01,,True,True,True,False,False,True,True,True,True,True,False,True,True,False,True,False,False,True,True,False
BCO,Brinks Company (The),Industrials,,4,99.97,5261200000.0,7331300000.0,1.6203926474833992,4242300000.0,31,,23.357475,13.265658,4,6,industrial,,7,4.69,7.536407766990291,26.93913250904131,-2.710958397284993,3,5,6700967328.0,585500000.0,0.08737544466953115,0.18523317829034414,0.06113872028085914,2.948875955722926,True,sec,13,-0.05998936068637213,48623108.69,2026-11-04,,True,True,True,True,False,False,False,True,True,True,False,True,True,True,True,True,False,True,True,False
BCPC,Balchem Corporation,Basic Materials,,4,163.69,1037161000.0,1687004000.0,2.664910294672567,166715008.0,38,,32.478176,4.016341,4,6,industrial,,9,4.75,40.755945433426334,67.98330954282704,-1.4077968710376063,4,5,5321654272.0,209326000.0,0.03933476120411905,0.2196989455863768,0.0260483050817107,0.3420226567487714,True,sec,14,-0.03657726952633189,33004487.32,2026-10-20,,False,True,True,True,False,True,True,True,True,True,False,True,True,True,True,True,True,True,True,True
BDC,Belden Inc,Technology,,4,108.28,2715194000.0,3567356000.0,2.135218892562034,1230566000.0,23,,17.577923,3.048166,4,6,industrial,,8,5.91,35.54969574036511,70.16756732662309,-0.5431630898071086,2,5,5113297624.0,315692000.0,0.06173941421251407,0.28905777836582613,-0.0008654373436900102,1.9812659365346812,True,sec,14,-0.0328932688523377,50284690.6,2026-10-29,,True,True,True,False,False,True,False,True,True,False,False,True,True,True,True,False,True,True,True,True
BFAM,Bright Horizons Family Solution,Consumer Cyclical,,4,64.83,2933607000.0,3790050000.0,0.4786080076404383,1081433000.0,0,,20.259375,3.383612,4,6,industrial,,8,3.36,19.15996524754867,37.14188840148155,-0.7454686013599136,2,5,4055369816.0,314665000.0,0.07759218376546698,0.1839519267555837,0.0714903529700903,2.2112618761134812,True,sec,15,-0.041585203361433225,54571495.29,2026-10-29,,True,True,True,True,False,False,False,True,False,True,False,True,True,True,True,True,False,True,True,True
BGC,"BGC Group, Inc.",Financial Services,,4,11.62,2441991000.0,5751056000.0,1.509,1774054000.0,19,,29.05,4.967935,4,6,financial,,6,0.31,2.339000007045181,4.588136883682376,-1.5326184232485118,3,5,6532120832.0,339065000.0,0.05190733740548172,0.2545493653769309,0.058011328984777025,,True,sec,8,-0.04162557276437579,35705447.96,2026-11-05,,True,True,False,True,False,True,False,True,True,True,False,True,True,False,True,False,True,True,False,True
BIIB,Biogen Inc.,Healthcare,,4,222.82,9890600000.0,32086600000.0,1.8650787572438794,7290300000.0,0,,39.577267,1.7461015,4,6,industrial,,4,8.79,128.39237057220708,127.14163319296614,-0.7525337248249778,1,5,38927848224.0,1824000000.0,0.046855916348221324,0.2333185815885759,0.0,1.5916290069064063,True,sec,13,-0.028410613776467437,240343901.72,2026-10-28,,True,True,True,False,False,True,False,True,False,False,False,True,True,False,True,False,True,False,False,False
BJRI,"BJ's Restaurants, Inc.",Consumer Cyclical,,4,59.25,1399126000.0,991788000.0,0.28911387512548115,44000000.0,0,,31.349207,3.1576424,4,6,industrial,,7,2.16,18.763775437933802,28.24781507633339,-1.0975073590608744,2,5,1290043528.0,46310000.0,0.03589801351261072,1.0544924923471548,0.05376880973769186,0.24066373157770526,True,sec,13,-0.06221692539131347,27145150.5,2026-10-29,,False,True,True,True,False,True,False,True,False,True,False,True,True,True,True,False,False,True,True,True
BKNG,Booking Holdings Inc. Common St,Consumer Cyclical,,4,160.28,26917000000.0,29682000000.0,1.094252764463006,20180000000.0,3,,17.789124,-11.266695,4,6,industrial,,6,165.57,-6.664400494437578,,,4,5,123397263744.0,8825000000.0,0.07151698289119561,,0.06383724425861988,0.3139288738357324,False,sec,12,-0.13493026076409945,1085983230.64,2026-10-27,,True,True,True,True,False,False,False,True,True,True,True,True,True,False,True,False,True,True,,True
BLK,"BlackRock, Inc.",Financial Services,,4,1064.36,24216000000.0,175875000000.0,2.447,12744000000.0,24,,25.52422,2.863461,4,6,financial,,3,35.31,371.7044313048333,590.551705453163,-0.8023146663902319,4,5,175185152768.0,7045000000.0,0.04021459517936309,0.06653019447287616,0.029092166073843472,0.2756088606045772,True,sec,10,0.009245202558635394,676208130.8399999,2026-10-14,,True,True,True,True,False,False,True,True,True,True,False,True,True,False,False,True,False,False,False,False
BMY,Bristol-Myers Squibb Company,Healthcare,,4,61.46,48194000000.0,87634000000.0,1.5316469264162067,43120000000.0,55,,13.749441,5.625629,4,6,industrial,,8,3.46,7.6962068965517245,33.147879405138305,-0.8541155905880661,2,5,157598242624.0,11219000000.0,0.07118734202364452,0.3909213319031426,0.04018471663724808,1.8406762791128666,True,sec,13,-0.08104160485656252,677336954.42,2026-10-29,,True,False,True,True,False,True,False,False,True,True,False,True,True,True,True,True,True,False,True,True
BOOT,"Boot Barn Holdings, Inc.",Consumer Cyclical,,4,120.98,2253859000.0,2568971000.0,2.530169223367443,806049024.0,0,,15.313924,2.7753437,4,6,industrial,,7,7.35,44.79637554050309,88.02442736409219,-0.3743912186965431,2,5,4330647552.0,299145000.0,0.06907627471597116,0.3341240520037011,0.013648445477923876,1.7122344806312122,True,sec,14,-0.030760565222417848,82162478.18,2026-10-28,,True,True,True,False,False,True,False,True,False,True,False,True,True,True,True,False,True,True,True,False
BOX,"Box, Inc.",Technology,,4,34.6,1177253000.0,1404234000.0,1.0588089011087267,452212000.0,0,,50.88235,-13.5209055,4,6,industrial,,6,0.58,-2.559354523655075,,,3,5,4755222240.0,83189000.0,0.017494240185081233,0.6641385979829573,0.05533366505262749,0.06956252099537456,True,sec,15,-0.1716715305283877,100596697.4,2026-08-25,,False,True,True,True,False,True,False,True,False,True,True,True,True,False,True,False,False,True,True,True
BSX,Boston Scientific Corporation,Healthcare,,4,43.23,20074000000.0,45216000000.0,1.24019912881145,12624000000.0,0,,17.502024,2.5087047,4,6,industrial,,7,1.94,14.246382033992193,30.946218338505457,-0.39693966891619187,2,5,74735191872.0,3613000000.0,0.04834402521088104,0.30639596602972397,0.0,2.426219634611524,True,sec,14,-0.03631457891012031,859791440.64,2026-10-28,,True,True,True,False,False,True,False,True,False,True,False,True,True,True,True,False,True,False,True,True
BWA,BorgWarner Inc.,Consumer Cyclical,,4,60.38,14316000000.0,13934000000.0,2.1266126612661265,3865000000.0,14,,29.59804,2.1877604,4,6,industrial,,6,1.28,27.14707854910345,35.59205081960966,-0.6964462178934985,3,5,13849374720.0,536000000.0,0.038702108278286226,0.19190469355533227,0.05098649218034075,1.2366533864541833,True,sec,14,-0.09839242141524329,136258942.20000002,2026-10-29,,True,True,True,True,False,False,True,True,True,False,False,True,True,False,True,False,True,True,False,True
CAH,"Cardinal Health, Inc.",Healthcare,,4,230.09,222578000000.0,57299000000.0,0.8826758381924198,8886000000.0,41,,30.760695,-18.596136,4,6,industrial,,8,6.45,-10.638376383763838,,,4,5,57309490048.0,2275000000.0,0.03969674129179227,0.14255048081118343,0.023630106047669654,1.3148450244698207,True,sec,14,-0.01459013246304473,456876137.69,2026-11-05,,True,True,True,True,False,False,False,True,True,True,True,True,True,True,True,True,False,True,True,True
CARG,"CarGurus, Inc.",Communication Services,,4,29.73,906980000.0,555127000.0,1.8498096255512642,0.0,0,,15.324741,11.269901,4,6,industrial,,7,1.55,2.6380001031064957,10.730736881898867,-1.7705459864690207,3,5,2526018624.0,244445000.0,0.09677086212963726,1.515892759674813,0.13289631836845492,-0.4477273810352981,True,sec,13,-0.25107227715459707,31673806.86,2026-11-05,,False,True,True,True,False,True,True,True,False,True,False,True,True,True,True,False,False,True,True,True
CART,Maplebear Inc.,Consumer Cyclical,,4,44.11,3742000000.0,3510000000.0,2.278794402583423,34000000.0,0,,24.103825,4.426937,4,6,industrial,,6,1.6,9.964168472547042,20.255066028837867,-1.177726793741329,2,5,9595467776.0,498000000.0,0.051899502100938535,0.7857549857549857,0.13239368889945288,-0.9648,True,sec,15,-0.1492877492877493,179497219.99,2026-11-09,,True,False,True,True,False,True,True,False,False,True,False,True,True,True,True,False,False,True,False,True
CASY,"Caseys General Stores, Inc.",Consumer Cyclical,,4,619.5,17561101000.0,9121263000.0,1.0185155172325286,2430523000.0,37,,29.84104,5.5958014,4,6,industrial,,9,19.16,110.93326967315583,227.40208696201887,-1.7242494045512875,3,5,24803288320.0,1033657000.0,0.04167419201294032,0.4835512986435289,0.012387787757634331,1.5120108626186841,True,sec,11,-0.07269738850858702,298027201.5,2026-12-08,,True,True,True,False,False,True,False,True,True,True,False,True,True,True,True,True,True,True,True,True
CB,Chubb Limited,Financial Services,,4,331.3,59402000000.0,281322000000.0,0.41,18115000000.0,34,,11.735742,1.6950626,4,6,financial,,6,25.68,195.4495465207223,352.34210727455593,0.059720671586263895,3,5,143177491584.0,13808000000.0,0.09643973956548234,,0.04067582055640909,1.5280520813695715,False,sec,8,-0.008907941789124206,585524048.9,2026-10-20,,True,True,True,True,False,False,False,True,True,True,False,True,True,True,True,True,,True,,False
CBOE,"Cboe Global Markets, Inc.",Financial Services,,4,277.19,4714200000.0,10609300000.0,1.5652449491614948,1443800000.0,17,,21.604834,5.1515603,4,6,financial,,8,10.42,53.807167975949234,124.63039078925209,-1.2240963720375688,4,5,28000332768.0,1467100000.0,0.05239580586973115,0.2289594977991008,0.012125511367981826,-0.5957219251336898,True,sec,15,-0.06151206959931381,303342599.31,2026-10-30,,True,True,True,False,False,True,True,True,True,True,False,True,True,True,True,True,True,True,True,False
CCK,"Crown Holdings, Inc.",Consumer Cyclical,,4,106.19,12365000000.0,14556000000.0,1.0485607558778292,6062000000.0,6,,15.279138,3.9820755,4,6,industrial,,8,6.38,25.277364633981556,64.57593575535164,-0.644420615170097,3,5,16955279232.0,1553000000.0,0.09159389112678223,0.19086322869955158,0.054115931171556594,2.904889844169801,True,sec,12,-0.05441055234954658,104806238.11,2026-10-19,,True,True,True,True,False,False,False,True,True,True,False,True,True,True,True,True,False,True,True,True
CDNS,"Cadence Design Systems, Inc.",Technology,,4,350.73,5296759000.0,12080325000.0,1.7426545913604299,2651358976.0,0,,65.803,14.084411,4,6,industrial,,7,4.06,25.231744781989633,54.6477118639951,-5.418018029243053,2,5,97708113920.0,1492042000.0,0.0152704001759939,0.450550903030272,0.008066512039724402,-0.16232459197204122,True,sec,13,-0.051314265137734294,833555790.63,2026-10-26,,True,True,True,False,False,True,False,True,False,True,False,True,True,False,True,True,False,True,True,True
CHEF,"The Chefs' Warehouse, Inc.",Consumer Defensive,,4,112.56,4149537000.0,2026172000.0,2.1478752792788827,724681000.0,0,,53.600002,7.081918,4,6,industrial,,8,1.68,15.89444247307114,27.404223044510427,-3.1073961417252387,2,5,5181222168.0,145106000.0,0.028006133552078944,0.4955601005245359,0.003267416502429989,2.9644844484247175,True,sec,14,-0.028061783501104547,73638890.64,2026-10-28,,True,True,True,False,False,True,False,True,False,True,False,True,True,True,True,True,True,False,True,True
CHH,"Choice Hotels International, In",Consumer Cyclical,,4,102.31,1596793000.0,2988816000.0,0.9259713420856307,2002339000.0,23,,14.512056,32.22362,4,6,industrial,,6,7.9,3.146962423615698,22.441801010497965,-3.5589032694898592,3,5,6614156712.0,448399000.0,0.06779382762226877,0.28845594360639065,0.04120100524677924,3.8564436327280887,True,sec,12,0.03327504938410394,57517351.97,2026-11-04,,True,True,False,True,False,True,False,True,True,True,False,True,True,True,False,True,True,True,False,False
CHTR,"Charter Communications, Inc.",Communication Services,,4,111.37,889000000.0,155618000000.0,0.3609377268108579,95114000000.0,0,,2.8979964,0.78362256,4,6,industrial,,7,36.21,142.12199301663802,350.5557480469978,0.6823044533702268,2,5,109078377792.0,12908000000.0,0.11833692672450705,0.20081316101755364,0.3545820522170475,4.3760118414357745,True,sec,11,-0.07126424963693145,324506899.01,2026-10-30,,False,True,False,True,True,True,False,True,False,False,True,True,True,False,True,True,True,True,True,False
CIEN,Ciena Corporation,Technology,,4,379.14,4769507000.0,7997240000.0,3.7971619118673123,3229843000.0,0,,84.8188,17.600039,4,6,industrial,,7,0.85,21.54187186553258,46.546602614060326,-7.145385027208693,2,5,54365129936.0,197531000.0,0.003633413554470273,0.2507011168853254,0.0055543457770649,1.9884440967433967,True,sec,15,-0.08537382897099499,854486395.86,2026-09-03,,True,True,True,False,False,True,True,True,False,False,False,True,True,True,True,True,False,True,False,True
CINF,Cincinnati Financial Corporatio,Financial Services,,4,162.15,12631000000.0,43231000000.0,1.151,859000000.0,41,,7.524362,1.492036,4,6,financial,,5,15.17,84.0695915279879,229.55339508824048,0.29362839553007075,2,5,23853464512.0,3033000000.0,0.12715134099175338,,0.029333214432608595,-0.12714776073027031,False,sec,10,-0.016631583817168234,114639239.25,2026-10-26,,True,False,True,True,True,False,False,False,True,True,False,True,True,False,True,True,,True,,False
CLH,"Clean Harbors, Inc.",Industrials,,4,312.51,6030837000.0,7837033000.0,2.1306462677665894,2771927000.0,0,,37.83414,5.633653,4,6,industrial,,7,7.28,55.471894558578384,101.53556689468417,-2.0778377425532577,1,5,18751752744.0,673372000.0,0.035909816495178506,0.24068266651422804,0.015154810842782074,2.0146983414003135,True,sec,14,-0.06070549913468528,135581213.46,2026-11-04,,True,True,True,False,False,True,False,True,False,False,False,True,True,False,True,True,True,True,True,False
CLX,Clorox Company (The),Consumer Defensive,,4,80.65,7104000000.0,6436000000.0,0.8402535657686212,4078000000.0,44,,16.907757,108.400536,4,6,industrial,,4,6.52,-0.5540842321992356,8.935871548022916,-8.025420695292338,3,5,12644085952.0,921000000.0,0.0728403779835362,0.4992231199502797,0.0957645615548452,4.785087831578948,True,sec,13,-0.026569297700435052,229701281.25000003,2026-11-03,,True,True,False,True,False,True,False,True,True,True,False,True,True,False,True,False,False,True,False,False
CME,CME Group Inc.,Financial Services,,4,265.1,6520600000.0,194676600000.0,1.0183584272161887,0.0,24,,22.22129,3.5913622,4,6,financial,,6,11.16,73.81600218435223,140.76242807004886,-0.8833150552651448,3,5,93048863104.0,4229500000.0,0.045454612328500135,0.02829090403287502,0.04125908368043002,-0.524694489278303,True,sec,12,-0.0010525147860605743,574616709.7,2026-10-21,,True,True,True,True,False,False,False,True,True,True,False,True,True,False,True,True,True,True,False,False
CMI,Cummins Inc.,Industrials,,4,517.0,33670000000.0,35630000000.0,1.7271619975639465,7236000000.0,42,,26.404495,5.5400176,4,6,industrial,,5,20.5,57.73932584269663,202.7623411371636,-1.5497831456299005,4,5,74484538368.0,4025000000.0,0.054038060625602506,0.2390120684816166,0.01482313296941985,0.6456140350877193,True,sec,15,-0.018635980914959303,516997932.0,2026-11-05,,True,True,True,False,False,True,True,True,True,True,False,True,True,False,True,False,True,False,True,False
CNX,CNX Resources Corporation,Energy,,4,31.52,2239134000.0,9136899000.0,0.7164625804843349,2223745000.0,0,,5.0512824,0.9698163,4,6,industrial,,8,3.98,32.50074097431952,67.55101885070128,0.5333897173384711,2,5,6880766360.0,973533000.0,0.14148612946073058,0.11127582702673698,0.11182639835118986,1.3005002649133668,True,sec,11,-0.04331830744763623,54057745.6,2026-10-29,,True,False,True,True,True,False,False,False,False,True,True,True,True,True,True,False,True,True,True,True
COST,Costco Wholesale Corporation,Consumer Defensive,,4,914.94,275235000000.0,86430000000.0,1.0724510385756676,5670000000.0,23,,44.072254,11.3275795,4,6,industrial,,6,18.21,75.55342108704573,194.23732269927604,-3.710423245570251,3,5,391235769984.0,10383000000.0,0.02653898440938727,0.40898993405067685,0.007609198470856233,-1.1184323522523225,True,sec,14,-0.06058081684600255,1948357410.48,2026-12-10,,True,True,True,False,False,True,False,True,True,True,False,True,True,False,True,True,True,False,True,False
CPRT,"Copart, Inc.",Industrials,,4,27.29,4646958000.0,10027810000.0,7.91227738614064,88367000.0,0,,17.606453,2.7787395,4,6,industrial,,6,1.59,9.82112896973675,18.506953831342894,-0.47458086558698637,3,5,20894707712.0,1696714000.0,0.08120305023580508,0.208072875943102,-0.0005806668065037127,-1.4425426332185198,True,sec,12,-0.024661516323105443,298829484.34,2026-11-19,,True,True,True,False,False,True,True,True,False,True,False,True,True,False,True,True,True,False,True,False
CR,Crane Company,Industrials,,4,206.32,2305000000.0,4030800000.0,2.804170616113744,1145600000.0,4,,36.00698,5.476166,4,6,industrial,,5,6.26,37.67576059801619,69.69489003452314,-1.9603318105215466,2,5,12720569856.0,424200000.0,0.03334756263296763,0.21529224967748337,0.004435921119325659,1.6762225969645868,True,sec,14,-0.006996129800535874,88021476.32,2026-10-26,,True,True,True,False,False,True,False,True,True,False,False,True,True,False,True,False,True,False,True,False
CRS,Carpenter Technology Corporatio,Industrials,,4,383.69,2877100000.0,3838300000.0,3.81,690700000.0,40,,36.403225,8.544483,4,6,industrial,,8,7.42,44.90533040745822,103.19506157239714,-2.7181042789612553,4,5,19312527040.0,521800000.0,0.02701873239681429,0.20024490008597556,0.007478256637511269,0.4499243570347958,True,sec,13,-0.016778261209389574,277040294.98,2026-10-22,,True,True,True,False,False,True,True,True,True,True,False,True,True,True,True,True,True,True,True,False
CSX,CSX Corporation,Industrials,,4,46.54,14092000000.0,44726000000.0,0.8204140587385652,18864000000.0,46,,26.901733,6.122073,4,6,industrial,,5,1.54,7.574193548387097,17.20197281841617,-1.7055036356164326,2,5,103688180864.0,4521000000.0,0.04360188367013455,0.10725241518245501,0.027466479136830646,2.817932591517497,True,sec,13,-0.038545812279211195,526351204.08,2026-10-21,,True,True,True,True,False,False,False,True,True,False,False,True,True,False,True,True,False,True,False,False
CTS,CTS Corporation,Technology,,4,59.81,541318000.0,791530000.0,2.6085530810219977,89888000.0,41,,25.025105,2.982745,4,6,industrial,,8,2.19,20.051620368636307,32.837421236664056,-0.8213975929760337,4,5,1689798016.0,82642000.0,0.048906436874405705,0.2628150543883365,0.03567325665131992,0.05989965447058267,True,sec,14,-0.04647707604260104,12996413.950000001,2026-10-27,,False,True,True,True,False,True,True,True,True,True,False,True,True,True,True,True,False,True,True,True
CURB,Curbline Properties Corp.,Real Estate,,4,27.95,182893000.0,2841214000.0,2.654,595823000.0,3,,103.51852,1.5278233,4,6,financial,,5,0.37,18.293783119764097,10.542108451142093,-1.6512722886067444,3,5,3656414896.0,52329000.0,0.014311559680288535,0.05544924872155123,0.024067331081920308,2.3069446821331727,True,sec,9,-0.029818239667972916,39518700.65,2026-10-27,,True,True,True,True,False,False,False,True,True,True,False,True,True,True,True,False,False,False,False,True
CVS,CVS Health Corporation,Healthcare,,4,85.2,402067000000.0,253768000000.0,0.8656380326512793,61410000000.0,42,,22.480211,1.3661509,4,6,industrial,,6,1.39,62.364632237871675,72.92582080110095,-0.1683104703391113,2,5,156420271872.0,4660000000.0,0.02979153497325025,0.7128558368273383,0.03117421192097365,5.121087848046622,True,sec,14,-0.03495712619400397,652379978.4,2026-10-28,,True,True,False,True,False,True,False,True,True,False,False,True,True,False,True,True,True,False,False,True
DBD,Diebold Nixdorf Incorporated,Technology,,4,63.18,3805700000.0,3736600000.0,1.2672490376073438,942900000.0,0,,20.92053,2.2166865,4,6,industrial,,7,2.54,28.5019138805791,44.00807793823823,-0.4356455214578562,1,5,2805245472.0,242000000.0,0.0862669603838505,0.2572392014130493,0.06093963209448846,1.787550744248985,True,sec,15,-0.05515709468500776,16677308.7,2026-11-04,,True,False,True,True,False,True,False,False,False,True,False,True,True,True,True,True,False,True,True,False
DBX,"Dropbox, Inc.",Technology,,4,34.08,2521000000.0,2826300000.0,1.0740646474930007,3975399936.0,0,,18.828732,-3.421687,4,6,industrial,,6,1.86,-9.96,,,2,5,10272044032.0,689100000.0,0.06708499280700903,0.7147861161235538,0.23126816894985844,3.71533556787223,True,sec,14,-0.15688355800870396,142615700.64,2026-11-05,,True,True,False,True,False,True,False,True,False,False,True,True,True,True,True,False,False,True,False,True
DELL,Dell Technologies Inc.,Technology,,4,541.74,113538000000.0,127393000000.0,0.9622952582344719,34466000000.0,5,,31.478212,-242.93272,4,6,industrial,,7,8.68,-2.2296875,,,4,5,367342190144.0,8149000000.0,0.022183675653497766,0.17824370255822533,0.021681243384115485,2.04839864018608,True,sec,14,-0.041203205827635744,4176238988.64,2026-11-27,,True,True,True,True,False,False,False,True,True,True,True,True,True,True,True,True,True,True,False,False
DG,Dollar General Corporation,Consumer Defensive,,4,118.93,42724369000.0,32167333000.0,1.2087862944103047,4570815000.0,12,,15.445455,2.8247392,4,6,industrial,,7,6.85,42.178565265958895,85.40693689835783,-0.39250983958759383,2,5,29219179048.0,2203668000.0,0.07541854603032856,0.4072357817168119,0.01979994320630346,0.9173039514631756,True,sec,14,-0.06597342092364325,289799109.6,2026-08-27,,True,True,True,False,False,True,False,True,True,False,False,True,True,True,True,True,False,False,True,True
DINO,HF Sinclair Corporation,Energy,,4,112.7,26869000000.0,18994000000.0,1.9709178228388473,2772000000.0,39,,10.743566,1.948108,4,6,industrial,,7,3.08,46.07323733716381,116.85153777971999,0.035528311039827,3,5,20546239360.0,927000000.0,0.0451177455765803,0.057099663051489946,0.03643398278907365,0.2777777777777778,True,sec,13,-0.038749078656417815,311834926.90000004,2026-10-28,,True,True,True,True,False,False,True,True,True,False,False,True,True,True,True,False,True,True,True,False
DIS,Walt Disney Company (The),Communication Services,,4,101.33,94425000000.0,204740000000.0,0.7090727816550348,46041000000.0,4,,21.65171,1.5931889,4,6,industrial,,8,6.85,57.91157894736842,81.83697445118062,-0.23819337994280113,3,5,215821178368.0,17551000000.0,0.08132195428047159,0.18053910102575008,0.030308888028258568,1.7858985006775363,True,sec,12,-0.027825534824655662,971990292.25,2026-11-12,,True,True,True,True,False,False,False,True,True,True,False,True,True,True,True,True,False,True,True,True
DKS,Dick's Sporting Goods Inc,Consumer Cyclical,,4,132.85,17215120000.0,18245422000.0,1.484980701834467,7963150848.0,16,,14.663356,2.068155,4,6,industrial,,4,9.97,64.23599778546578,114.43123533481955,-0.16095923994255718,2,5,18863308800.0,1095909000.0,0.05809738957356198,0.31061282112301924,0.05813814727292641,3.1725695241622263,True,sec,13,-0.03772688842165448,396050692.95,2026-11-24,,True,True,False,True,False,True,False,True,True,False,False,True,True,False,True,True,False,False,False,False
DLB,Dolby Laboratories,Industrials,,4,59.06,1349130000.0,3156602000.0,3.1850795884985192,47450000.0,13,,25.131916,2.1407082,4,6,industrial,,6,2.62,27.589000686782065,38.19382603372177,-0.5463232185184916,4,5,4918650880.0,264959000.0,0.05386822656541137,0.37667022956964485,0.04547856154444461,-1.8452062750936076,True,sec,14,-0.06880183184322888,57043868.78,2026-11-17,,False,True,True,True,False,True,True,True,True,True,False,True,True,False,True,True,True,False,False,True
DLTR,"Dollar Tree, Inc.",Consumer Defensive,,4,114.43,19395700000.0,14029600000.0,1.1336623172171596,2933500000.0,0,,14.023285,6.2697935,4,6,industrial,,8,6.22,18.251432421469858,57.886815440100484,-0.9767886543768968,0,5,23345935680.0,1653100000.0,0.07080889893036833,0.5025588755203284,0.07209880661906243,0.8149661046410568,True,sec,14,-0.06473456121343445,299369362.97,2026-08-27,,True,False,True,True,False,True,False,False,False,False,False,True,True,True,True,False,True,True,True,True
DLX,Deluxe Corporation,Industrials,,4,22.94,2133200000.0,2562400000.0,1.1955896452540749,1352200000.0,40,,10.522936,1.4849819,4,6,industrial,,6,1.8,15.456331877729257,27.52679369675389,0.16663014760396122,3,5,2369243296.0,232400000.0,0.0980903904602628,0.4396073993131439,0.052474311314970344,3.5573859033216313,True,sec,14,-0.07356384639400562,9626771.0,2026-11-04,,True,True,False,True,False,True,False,True,True,True,False,True,True,True,True,True,True,False,False,False
DOCS,"Doximity, Inc.",Healthcare,,4,28.5,644863000.0,1083845000.0,6.0784767529245896,9673000.0,0,,33.928574,5.5948176,4,6,industrial,,6,0.98,5.093550700865726,9.812063484149341,-1.9045878113242571,3,5,4401894400.0,214920000.0,0.04882443340758016,0.5300914798702766,0.08497068629826396,-1.0052877931589164,True,sec,14,-0.12027365536585029,126731691.0,2026-11-05,,False,True,True,True,False,True,True,True,False,True,False,True,True,False,True,True,False,True,False,True
DOCU,"DocuSign, Inc.",Technology,,4,69.74,3219500000.0,3960790000.0,0.6431168225601674,183098000.0,0,,42.52439,7.6360445,4,6,industrial,,6,1.48,9.132514241986225,18.357770259611335,-2.798936309462046,1,5,12439998464.0,298579000.0,0.02400153029472271,0.6454363902150834,0.06667543374901151,-0.9494875107740695,True,sec,14,-0.21609502144774148,225883954.55999997,2026-12-03,,True,False,True,True,False,True,False,False,False,True,False,True,True,False,True,False,False,True,True,True
DORM,"Dorman Products, Inc.",Consumer Cyclical,,4,122.89,2130319000.0,2500163000.0,3.5975402716818565,440479000.0,0,,16.997234,2.406305,4,6,industrial,,8,6.64,51.070014973400475,91.14720167791593,-0.3482586161476753,3,5,3955333736.0,299547000.0,0.07573242107831075,0.35907138854546683,0.011130468112077282,0.8683232051430003,True,sec,14,0.03622163834917963,30838508.16,2026-10-26,,True,True,True,False,False,True,True,True,False,True,False,True,True,True,False,True,True,True,True,True
DPZ,Domino's Pizza Inc,Consumer Cyclical,,4,295.0,4939994000.0,1763322000.0,1.5380756620857186,4883644000.0,15,,16.71388,-2.4495964,4,6,industrial,,8,17.57,-118.42607194625239,,,4,5,14477920192.0,953974000.0,0.06589164654513935,1.1192283655509316,0.06092336969825872,4.5251279966168045,True,sec,14,-0.10795419100992332,255861170.0,2026-10-13,,True,True,False,True,False,True,False,True,True,True,True,True,True,True,True,False,True,True,True,True
DRH,Diamondrock Hospitality Company,Real Estate,,4,12.51,1120491000.0,3066291000.0,5.588,1099038000.0,5,,17.375,1.6794201,4,6,financial,,7,0.44,7.448956490853224,10.985162578039247,-0.13880881699548975,2,5,3562475728.0,161537000.0,0.04534402823586059,0.20586136902441354,0.0527064939749649,3.766600364352902,True,sec,8,-0.04638079034246913,33448412.34,2026-11-03,,True,True,False,True,False,True,False,True,True,False,False,True,True,True,True,False,False,True,True,True
DV,"DoubleVerify Holdings, Inc.",Communication Services,,4,13.49,748291000.0,1310095000.0,4.497643489543581,111830000.0,0,,38.54286,1.9096829,4,6,industrial,,5,0.3,7.063930035176042,7.45848482288368,-0.8086783469225256,3,5,1992428544.0,79198000.0,0.039749480722155325,0.46927283899259215,0.0616331761639799,-1.0253323567944859,True,sec,14,-0.1225353886550212,49069308.42,2026-11-05,,False,True,True,True,False,True,True,True,False,True,False,True,True,False,True,False,False,True,False,True
DVA,DaVita Inc.,Healthcare,,4,176.35,13643069000.0,17709489000.0,1.4672522406416963,10781013000.0,0,,14.819328,-14.741285,4,6,industrial,,6,9.84,-11.963036510046127,,,3,5,21343266368.0,2043615000.0,0.09574987093184555,0.25169148030763894,0.11628751576118969,3.6673778202216893,True,sec,13,-0.04561306088504304,140971368.4,2026-10-28,,True,True,False,True,False,True,False,True,False,True,True,True,True,False,True,False,True,True,False,True
DVN,Devon Energy Corporation,Energy,,4,47.16,16786000000.0,70893000000.0,0.7171875,12885000000.0,34,,10.252174,1.2989947,4,6,industrial,,6,4.17,36.30173913043478,61.298998868526986,0.23065627709274772,2,5,63810999744.0,3963000000.0,0.062105279903135066,0.13896009367385043,0.03217287393469535,1.1720080560248698,True,sec,11,-0.05739635789147025,542917191.24,2026-11-04,,True,True,True,True,False,False,False,True,True,False,False,True,True,False,True,True,False,True,False,True
DXCM,"DexCom, Inc.",Healthcare,,4,86.23,4662000000.0,6455300000.0,1.733299401959537,1398400000.0,0,,34.083004,12.414339,4,6,industrial,,7,2.09,6.945945945945946,19.884693999111782,-3.336501230738163,3,5,31991218176.0,911800000.0,0.028501571743336666,0.4340464424581352,0.014502231405580258,0.3425741163055872,True,sec,14,-0.09362849131721221,394575200.58000004,2026-10-29,,True,True,True,False,False,True,True,True,False,True,False,True,True,True,True,False,True,True,False,True
EBAY,eBay Inc.,Consumer Cyclical,,4,105.89,11100000000.0,17933000000.0,1.0188391038696538,6735000000.0,8,,22.245796,10.101116,4,6,industrial,,5,4.34,10.48314606741573,33.50715486818766,-2.160220568310143,2,5,51520051648.0,2277000000.0,0.04419638426523963,0.44225729102771427,0.061331398577193316,1.6304670126019274,True,sec,15,0.004014944515697318,465568151.35,2026-11-04,,True,False,True,True,False,True,False,False,True,True,False,True,True,True,False,False,False,True,False,True
ECG,"Everus Construction Group, Inc.",Industrials,,4,119.63,3746387000.0,2057671000.0,1.5873637159141971,274499000.0,0,,24.022087,7.9005413,4,6,industrial,,5,3.95,15.14185107440812,41.190548031676734,-1.9043070732635319,3,5,6203936392.0,264750000.0,0.04267451876866374,0.2206805655520246,0.0,0.3333935399442464,True,sec,14,0.021832936363490568,63358320.97,2026-11-03,,True,True,True,False,False,True,True,True,False,True,False,True,True,True,False,True,False,False,True,False
EG,"Everest Group, Ltd.",Financial Services,,4,368.72,17496000000.0,62167000000.0,0.388,3588999936.0,32,,7.7904077,0.92478704,4,6,financial,,6,37.8,207.11409395973155,651.6088790033048,0.43413907962090553,4,5,14106732544.0,2038000000.0,0.1444700247660696,,0.08006940776152707,,False,sec,8,-0.023758585744848553,132522023.92000002,2026-10-28,,True,True,False,True,True,False,False,True,True,True,True,True,True,True,True,True,,True,,False
EHC,Encompass Health Corporation,Healthcare,,4,119.06,5935200000.0,7457500000.0,1.1918937485688115,2634000000.0,14,,20.282793,4.5282016,4,6,industrial,,9,5.54,22.38692135664209,58.92917772449599,-1.0203913340964286,3,5,14271971168.0,1076200000.0,0.07540654246927077,0.8012750892139301,0.019505058222995537,1.8927911468607335,True,sec,11,-0.08171639289306068,109249932.24000001,2026-10-28,,True,True,True,False,False,True,False,True,True,True,False,True,True,True,True,True,True,True,True,True
EIG,Employers Holdings Inc,Financial Services,,4,48.65,858700000.0,3380300000.0,1.115,125000000.0,20,,61.58228,1.0170803,4,6,financial,,5,0.46,47.83253932691909,29.158729726305385,-0.6684540258319509,3,5,863778624.0,12500000.0,0.014471300461355247,,0.2434255017893411,-2.2127659574468086,False,sec,10,-0.010028695677898412,8680765.45,2026-10-28,,True,True,True,True,False,False,False,True,True,False,True,True,True,False,True,False,,True,,True
EIX,Edison International,Utilities,,4,53.8,19317000000.0,94475000000.0,0.7397938144329896,41549000000.0,23,,5.552116,1.1866163,4,6,utility,,6,11.55,45.011103748122686,99.42351527397257,0.4588805288995455,4,5,62083992384.0,7093000000.0,0.11424845161581418,0.09875991746963605,0.062116624309530535,4.005905130687318,True,sec,12,-0.014194231278115903,247254362.79999998,2026-10-29,,True,True,False,True,True,False,False,True,True,True,True,True,True,True,True,True,False,False,True,False
EME,"EMCOR Group, Inc.",Industrials,,4,769.03,16986422000.0,10157082000.0,1.2768498068951262,548028032.0,16,,23.927505,8.340981,4,6,industrial,,6,28.19,92.19942736498449,258.21250284718445,-1.978283357778101,3,5,33546491904.0,1713418000.0,0.05107592188486619,0.3232215709196795,0.018609870655231533,-0.2833120399326499,True,sec,14,-0.0028793702758331575,313473546.65999997,2026-10-29,,True,True,True,False,False,True,False,True,True,True,False,True,True,True,True,False,False,True,True,False
ENPH,"Enphase Energy, Inc.",Technology,,4,32.82,1472985000.0,2919259000.0,3.451282196463675,572836000.0,0,,32.49505,3.669499,4,6,industrial,,6,1.29,8.94442636474408,14.256661697244098,-1.302081700258365,2,5,3972115136.0,157526000.0,0.03965796423480107,0.23533506276764068,0.02996481103696776,-1.5319749255786808,True,sec,15,0.012192477611613083,147168096.36,2026-10-27,,False,True,True,True,False,True,True,True,False,False,False,True,True,True,False,True,False,True,False,True
ENVA,"Enova International, Inc.",Financial Services,,4,171.49,3151653000.0,7222182000.0,20.146,5013901000.0,0,,12.731255,2.8506126,4,6,financial,,6,11.52,60.159032339624325,135.02847124775093,-0.27002844966932404,3,5,9161496952.0,739432000.0,0.08071082748530287,0.25341939596648216,0.05025736492349178,6.261239812969512,True,sec,11,-0.209179441891661,61685981.940000005,2026-10-22,,True,True,False,True,False,True,True,True,False,True,False,True,True,True,True,False,False,True,True,False
EPAC,Enerpac Tool Group Corp.,Industrials,,4,34.97,616899000.0,811543000.0,2.6701124599687196,184793000.0,21,,19.86932,4.2168093,4,6,industrial,,6,1.7,8.008637273786047,18.121886612891693,-0.9297107827130294,4,5,1871577640.0,133471000.0,0.07131470110959437,0.38424211656067514,0.039340022781251344,0.4633946830265849,True,sec,14,-0.022839208766510216,16219295.82,2026-10-14,,False,True,True,True,False,True,True,True,True,True,False,True,True,True,True,True,False,True,False,False
EPC,Edgewell Personal Care Company,Consumer Defensive,,4,26.67,2223500000.0,3535400000.0,1.8422796554009278,1245000000.0,7,,,0.8418295,4,6,industrial,,5,0.53,31.680945986667137,,,3,5,2077091424.0,96600000.0,0.046507341412045614,0.26161113311082196,0.0972183808532657,4.5733549083063645,True,sec,14,-0.02630536855801324,16513530.600000001,2026-11-12,,True,True,False,True,False,True,False,True,True,False,True,True,True,False,True,False,True,True,False,False
ERIE,Erie Indemnity Company,Financial Services,,4,222.11,4067258000.0,3557016000.0,1.245910340369551,63157000.0,31,,20.155172,4.7076154,4,6,financial,,4,11.020000226244658,47.180999535348626,108.15973869682192,-1.053536765862456,3,5,11372250112.0,717184000.0,0.06306438857189989,,0.021893641750361514,-0.30243887258729163,False,sec,11,-0.035794609863998364,61037826.99,2026-10-29,,True,True,True,True,False,False,False,True,True,True,False,True,True,False,True,,,True,,False
EW,Edwards Lifesciences Corporatio,Healthcare,,4,85.19,6067600000.0,13867100000.0,4.522116851250083,598700000.0,0,,50.708336,4.62612,4,6,industrial,,6,1.83,18.414845646895596,26.383460065505936,-2.2289168967408663,2,5,45449515648.0,1264200000.0,0.027815477942406432,0.3413402946542536,0.0181942166097508,-2.5717905405405403,True,sec,15,-0.03762142048445601,330099834.53999996,2026-10-29,,True,True,True,False,False,True,True,True,False,False,False,True,True,False,True,True,False,True,False,True
EZPW,"EZCORP, Inc.",Financial Services,,4,30.06,1274280000.0,2166233000.0,4.810665368358919,519494000.0,0,,15.105527,1.5866983,4,6,financial,,5,1.42,18.94500044526423,29.124945163464357,-0.0321049475385319,3,5,2055455904.0,149169000.0,0.07257222094120877,0.3444066266186509,0.003789413013936013,1.147275559004331,True,sec,12,-0.018175330169930934,28177642.799999997,2026-11-18,,True,True,True,False,False,True,True,True,False,True,False,True,True,True,True,False,True,False,False,False
FAST,Fastenal Company,Industrials,,4,50.225,8200500000.0,5293500000.0,4.179519165343615,120000000.0,36,,42.92735,14.163846,4,6,industrial,,7,1.09,3.5458124648040226,9.66170040948467,-4.198360316647292,4,5,57548367008.0,1655700000.0,0.028770581792005243,0.6973080192689147,0.017424024993509504,-0.04616055370864897,True,sec,14,-0.007084159818645509,380841408.85,2026-10-14,,True,True,True,False,False,True,True,True,True,True,False,True,True,True,True,True,True,False,False,True
FBIN,"Fortune Brands Innovations, Inc",Industrials,,4,38.52,4463200000.0,6342000000.0,2.0135856380397863,2551500000.0,14,,30.571428,1.9919331,4,6,industrial,,5,2.47,12.22022233986236,23.4143605013341,-0.6451442266725677,2,5,6936982592.0,516100000.0,0.07439834152030117,0.3136865342163355,0.08017091652492055,3.6878740157480316,True,sec,13,-0.02835067801955219,90100822.32000001,2026-11-12,,True,True,False,True,False,True,False,True,True,False,False,True,True,False,True,False,True,True,False,False
FCFS,"FirstCash Holdings, Inc.",Financial Services,,4,208.15,1668410000.0,5485573000.0,4.886514539394218,2208434000.0,11,,23.680319,3.89794,4,6,financial,,7,7.42,52.795597698797096,102.76762622291429,-1.025443300096275,3,5,11063976000.0,568856000.0,0.05141515129823131,0.33553595950687376,0.020683131291648945,3.2706754806489897,True,sec,12,-0.04658893428270848,87476702.7,2026-10-22,,True,True,False,True,False,True,False,True,True,True,False,True,True,True,True,False,True,True,True,False
FFIV,"F5, Inc.",Technology,,4,443.68,3088072000.0,6829074000.0,1.664800363355753,252380000.0,0,,35.4377,6.5390344,4,6,industrial,,8,11.8,67.85149403442087,138.25203627303824,-2.2092113212984623,3,5,23770945536.0,765949000.0,0.03222206701201707,0.36814566660135767,0.019984001253225123,-1.1825931654146413,True,sec,15,-0.03767509328497538,258856666.08,2026-10-26,,True,True,True,False,False,True,True,True,False,True,False,True,True,True,True,True,True,True,True,False
FICO,Fair Isaac Corporation,Technology,,4,661.75,1990869000.0,2037373000.0,1.183002746946756,5582389000.0,0,,17.15267,-3.4882371,4,6,industrial,,7,26.54,-189.70852433208316,,,3,5,19626180264.0,924850000.0,0.04712328061596571,0.8035578168553328,0.09896996333127252,5.675605074260323,True,sec,13,-0.062266948663794015,299927599.5,2026-11-04,,True,True,False,True,False,True,False,True,False,True,True,True,True,True,True,False,False,True,True,True
FISV,"Fiserv, Inc.",,,4,45.38,21193000000.0,80886000000.0,1.0434854157238656,27886000000.0,0,,8.660306,0.89565206,4,6,industrial,,5,6.34,34.316326530612244,77.28931661145857,0.4128554632184164,3,5,51390573760.0,5818000000.0,0.11321142330830439,0.15700148503113573,0.24188227664104076,4.2020965006936954,True,sec,12,-0.03192146972281977,334982680.5,2026-10-28,,True,True,False,True,True,False,False,True,False,True,True,True,True,True,True,False,False,True,False,False
FIVE,"Five Below, Inc.",Consumer Cyclical,,4,221.17,4764147000.0,5277826000.0,2.2220287158199437,2038637952.0,0,,19.677046,4.917621,4,6,industrial,,8,6.47,44.97534715982894,106.64978866405518,-1.0737968895248475,2,5,13027035136.0,457399000.0,0.03511151963780195,0.32488490526212876,0.0,1.6028511235330514,True,sec,14,-0.04316701611610538,248062502.64,2026-12-02,,True,True,True,False,False,True,False,True,False,True,False,True,True,True,True,True,True,False,True,True
FLEX,Flex Ltd.,Technology,,4,112.78,27914000000.0,25198000000.0,1.379500756429652,5219000000.0,0,,44.93227,7.5742106,4,6,industrial,,6,2.33,14.889512642157284,28.998496481920153,-2.8891671528665475,2,5,44040267968.0,1368000000.0,0.031062481295390833,0.10187316453686801,0.02265893589040751,1.3035616438356163,True,sec,14,-0.03194697991904119,430417313.74,2026-10-28,,True,True,True,True,False,False,False,True,False,True,False,True,True,False,True,False,True,True,True,False
FLO,"Flowers Foods, Inc.",Consumer Defensive,,4,5.56,5256479000.0,4185842000.0,0.7722817493444378,1686246000.0,25,,21.384617,0.89088285,4,6,industrial,,3,0.4,5.786313126043577,6.042337967740133,0.07982638017193378,3,5,2812519232.0,173981000.0,0.061859488113182086,0.614000799739762,0.18218647367282856,4.784539319523854,True,sec,12,-0.08657230731594742,36325470.48,2026-11-05,,True,True,False,True,False,True,False,True,True,False,True,True,True,False,True,False,False,False,False,False
FND,"Floor & Decor Holdings, Inc.",Consumer Cyclical,,4,46.03,4684088000.0,5711021000.0,1.3333741555387646,195328000.0,0,,21.409302,1.9712218,4,6,industrial,,6,1.92,23.350799290683664,33.60959142862503,-0.36954952569868504,1,5,4776446864.0,270070000.0,0.056542029606884786,0.3578883705733178,0.0,-0.24506777771257554,True,sec,14,-0.030325400659531807,111307812.74000001,2026-10-28,,True,True,True,False,False,True,False,True,False,False,False,True,True,False,True,True,True,False,True,False
FOXA,Fox Corporation,Communication Services,,4,61.28,17125999616.0,22482000000.0,3.169,7568000000.0,8,,15.958333,2.2112367,4,6,industrial,,6,3.840000080208879,27.712998793842377,48.93263885998408,-0.2523338497101429,3,5,29265160192.0,2679000000.0,0.09154229747672245,,0.08850564831205494,0.8663060563851559,False,yahoo,0,,314253706.08,2026-10-29,,True,True,True,True,False,False,False,True,True,True,False,True,True,False,True,False,True,True,,True
FSS,Federal Signal Corporation,Industrials,,4,112.17,2180500000.0,2440000000.0,2.738574624480665,453200000.0,13,,23.865957,4.541663,4,6,industrial,,6,4.01,21.20393811533052,51.105906871422654,-1.1948539193758658,4,5,7237437440.0,340900000.0,0.04710230697344722,0.25868852459016395,0.010778384176616975,0.9264356905552918,True,sec,14,-0.003319672131147541,49938084.0,2026-10-29,,True,True,True,False,False,True,True,True,True,True,False,True,True,False,True,False,True,True,True,False
FTI,TechnipFMC plc,Energy,,4,68.85,9932600000.0,10368400000.0,1.0801318439846181,401900000.0,4,,24.073427,8.266298,4,6,industrial,,7,2.3,8.329429735234216,23.15105119242522,-1.9739470328037192,2,5,26410616608.0,1436100000.0,0.05437586033356726,0.24794568110798196,0.03705855019468522,-0.3141274828265616,True,sec,13,-0.07722502989853787,220673407.04999998,2026-10-29,,True,False,True,True,False,True,False,False,True,True,False,True,True,True,True,True,,True,,True
FTNT,"Fortinet, Inc.",Technology,,4,178.72,6799600000.0,10859200000.0,1.2824946289869443,496900000.0,0,,63.37589,84.54115,4,6,industrial,,6,2.42,2.114367502726281,11.581593125495756,-14.431383063057641,2,5,128691303040.0,2084700000.0,0.01619922986833097,0.5037848091940474,0.017121268457555586,-1.08999865873832,True,sec,14,-0.06788320640562841,844242540.16,2026-11-04,,True,True,True,False,False,True,False,True,False,True,False,True,True,False,True,True,False,True,False,True
GBX,"Greenbrier Companies, Inc. (The",Industrials,,4,40.09,3240200000.0,4348200000.0,3.676,1805600000.0,13,,11.860947,0.78842825,4,6,industrial,,8,6.35,50.84844371182003,62.18512965514998,0.3553121104302486,4,5,2772271968.0,360100000.0,0.12989346072701047,0.13971298468331725,0.050226868719432397,3.180855481727575,True,sec,12,-0.014166781656777518,17709396.69,2026-10-28,,True,True,False,True,True,False,False,True,True,True,True,True,True,True,True,True,True,True,True,False
GD,General Dynamics Corporation,Industrials,,4,332.72,52550000000.0,60163000000.0,1.4408739674926725,7516000000.0,48,,20.238441,3.3506546,4,6,industrial,,7,15.45,99.2123374021721,191.65352360697446,-0.7360494800101448,3,5,93202782656.0,5356000000.0,0.057466095403699874,0.1388845220003843,0.024772332638501055,0.5068471337579618,True,sec,12,-0.015125575519837774,369104595.6,2026-10-28,,True,True,True,True,False,False,False,True,True,True,False,True,True,True,True,True,True,False,False,True
GE,GE Aerospace,Industrials,,4,312.39,45855000000.0,127672000000.0,0.9818698985901558,19157000000.0,65,,36.795055,18.374804,4,6,industrial,,6,8.14,17.001385245690734,56.98785312499214,-4.4816944817140465,3,5,333936147712.0,10843000000.0,0.03247027934619238,0.11091734591185305,0.027776393902004492,0.6825743073285959,True,sec,11,0.0013080393508365187,1228816054.44,2026-10-20,,True,True,True,True,False,False,False,True,True,True,False,True,True,True,False,False,False,True,True,True
GEF,Greif Inc.,Consumer Cyclical,,4,81.56,3933100000.0,5704200000.0,1.2890255439924314,1030400000.0,31,,33.702477,1.5449603,4,6,industrial,,4,2.420000167940178,52.79100051956028,53.61408562839604,-0.5212420214586808,2,5,5378435808.0,167600000.0,0.031161476307053473,0.15278216051330598,0.02180507262028677,1.834116192830655,True,sec,12,0.13698678166964692,24677935.44,2026-11-03,,True,True,True,True,False,False,False,True,True,False,False,True,True,False,True,False,True,False,False,False
GEHC,GE HealthCare Technologies Inc.,Healthcare,,4,63.98,20625000000.0,37246000000.0,1.2643941218983377,10095000000.0,4,,14.741935,2.6331384,4,6,industrial,,4,4.55,23.88619260627817,48.710367427772034,-0.3134780823583367,3,5,36914885632.0,2763000000.0,0.07484785480697437,0.2214465982924341,0.009135300349009666,2.6281967213114754,True,sec,13,0.0026043065027117006,263542193.32,2026-10-28,,True,True,True,False,False,True,False,True,True,True,False,True,True,False,False,False,True,True,False,False
GL,Globe Life Inc.,Financial Services,,4,165.83,5994318000.0,31562519000.0,0.795,2943249000.0,40,,11.011288,2.0757291,4,6,financial,,6,14.07,66.75272489374466,164.53184282479478,-0.007890005684720881,3,5,15231812192.0,1265012000.0,0.08305065635357592,0.039918930425039904,0.06297908935475664,1.9211157888884427,True,sec,12,-0.007450387594222121,89674728.29,2026-10-21,,True,True,True,True,False,False,False,True,True,True,False,True,True,True,True,True,,True,,False
GMED,"Globus Medical, Inc.",Healthcare,,4,74.41,2938931000.0,5488258000.0,4.621937761162582,111912000.0,0,,19.030691,2.0948763,4,6,industrial,,8,3.92,35.51999705185456,55.90055155922326,-0.3311138785664233,3,5,9507198976.0,479816000.0,0.05046870284415514,0.18590634769721104,0.030073881618955342,-0.41002282485862823,True,sec,14,-0.03928004113509241,112510747.58,2026-11-05,,True,True,True,True,False,False,True,True,False,True,False,True,True,True,True,False,True,True,True,True
GNRC,Generac Holdlings Inc.,Industrials,,4,207.91,4209147000.0,5772151000.0,2.0447498069426695,1260845000.0,0,,49.03538,4.263159,4,6,industrial,,6,2.69,38.76389009770629,68.20969374602717,-2.048100476365349,2,5,13275907104.0,289191000.0,0.021783144287961118,0.27922640970411206,0.012069234847051464,2.057583683521133,True,sec,14,-0.047915932899191306,251228672.23,2026-10-28,,True,True,True,False,False,True,True,True,False,False,False,True,True,False,True,True,True,True,False,False
GNW,Genworth Financial Inc,Financial Services,,4,9.31,7301000000.0,87363000000.0,10.675,1500000000.0,0,,18.254904,0.40226412,4,6,financial,,5,0.54,23.06814287381153,16.29654404172233,0.42871323047606996,3,5,3031793280.0,41000000.0,0.013523349454749105,,0.07021447263666386,-1.786764705882353,False,sec,10,-0.0011904353101427378,30933890.12,2026-11-09,,True,True,True,True,False,False,True,True,False,False,True,True,True,False,True,True,,True,,False
GOOG,Alphabet Inc.,Communication Services,,4,334.93,402836000000.0,921983000000.0,2.723981254609035,100164000000.0,3,,16.805319,6.580674,4,6,industrial,,6,10.81,52.36958299264105,151.07296043359491,-1.2170082524279429,4,5,3953861966464.0,129039000000.0,0.032636192435266415,0.26063495747752397,0.013612221473243667,-0.9476277676044614,True,sec,14,-0.035296746252371246,6042884093.900001,2026-10-28,GOOGL,True,True,True,False,False,True,True,True,True,True,False,True,True,False,True,False,True,True,True,False
GOOGL,Alphabet Inc.,Communication Services,,4,338.24,445865984000.0,595281000000.0,2.724,120790999040.0,3,,16.97992,6.6457086,4,6,industrial,,6,19.91999962308421,50.89600227130031,151.0350548262485,-1.2394801020803614,3,5,4033015185408.0,159562000000.0,0.0395639472366276,0.40367658299189796,0.013479013009802978,0.5202178126441703,True,yahoo,0,,9152061390.08,2026-10-28,,True,True,True,False,False,True,False,True,True,True,False,True,True,False,True,False,True,True,True,False
GPC,Genuine Parts Company,Consumer Cyclical,,4,125.12,24300141000.0,21058293000.0,1.1589446324580672,4979122000.0,44,,500.48,3.8110323,4,6,industrial,,6,0.47,32.830594487299365,13.58949494545963,-8.207111853837047,2,5,21669017760.0,215674000.0,0.009953104584099986,0.4245689809710597,0.03268836165622028,3.0086954700748847,True,sec,13,-0.03916827446555141,173909543.04,2026-10-20,,True,True,False,True,False,True,False,True,True,False,False,True,True,False,True,True,False,True,True,False
GPOR,Gulfport Energy Corporation,Energy,,4,153.35,1422583000.0,3171014000.0,0.5762912206908428,922257000.0,0,,5.8330164,1.4840515,4,6,industrial,,5,21.48,103.23581920903955,247.23158579272493,0.3797313579157065,0,5,3633024056.0,600424000.0,0.16526837993499927,0.3354274058708035,0.12502668612659373,1.018369729356855,True,sec,13,-0.11831956591803126,48164168.0,2026-11-03,,False,False,True,True,True,True,False,False,False,False,False,True,,True,,False,True,False,True,True
GRMN,Garmin Ltd.,Technology,,4,282.46,7245519000.0,11423891000.0,3.028366823110707,226856992.0,24,,29.576962,6.034954,4,6,industrial,,6,8.59,46.804276605671035,100.28464698846891,-1.8165826822173312,4,5,52033794048.0,1876076000.0,0.03605495302282517,0.3725790976121883,0.012187385782945285,-0.887656627111158,True,sec,15,0.0026722944047697936,254619047.64,2026-10-28,,True,True,True,False,False,True,True,True,True,True,False,True,True,True,False,False,True,False,True,True
HAFC,Hanmi Financial Corporation,Financial Services,,4,31.21,270165000.0,8001473000.0,,169306000.0,14,,10.508417,1.1298555,4,6,financial,,7,2.51,27.40882336931025,42.964021627584486,0.2735782448270152,3,5,753878272.0,76089000.0,0.10093008755662877,,0.0454172486425941,,False,sec,10,-0.016235510636604035,7435033.46,2026-10-20,,True,True,False,True,True,False,False,True,True,False,True,True,True,True,True,True,,True,,True
HAL,Halliburton Company,Energy,,4,31.88,22184000000.0,25828000000.0,2.018345507049431,7248000000.0,55,,16.604166,2.4149685,4,6,industrial,,4,1.9200000770890873,10.357478833490122,23.880603798300942,-0.33497462079531665,2,5,31760194560.0,2260000000.0,0.07115825426480007,0.13930427828868452,0.05971341800291391,1.5312131919905771,True,sec,11,-0.06361313303391668,356506675.71999997,2026-10-20,,True,True,True,True,False,False,False,True,True,False,False,True,True,False,True,False,False,True,False,False
HCA,"HCA Healthcare, Inc.",Healthcare,,4,423.39,75600000000.0,63250000000.0,0.992952865064695,49718000000.0,9,,14.19343,-13.89394,4,6,industrial,,7,28.33,-30.473019999238403,,,4,5,140369572416.0,12080000000.0,0.08605853670480415,0.516699604743083,0.11723176922957305,3.2077221706692645,True,sec,11,-0.09252173913043478,636377186.28,2026-10-27,,True,True,False,True,False,True,False,True,True,True,True,True,True,True,True,False,False,True,True,True
HGV,Hilton Grand Vacations Inc.,Consumer Cyclical,,4,34.83,4513000000.0,12234000000.0,4.814,4876000000.0,0,,19.789774,2.4658408,4,6,industrial,,6,0.89,14.124955120903143,23.650580186321367,-0.47269114438657195,2,5,7311132160.0,486000000.0,0.06647397275335261,0.2796220854641588,0.22163675969185043,8.176154466165414,True,sec,9,-0.0179009318293281,38642491.8,2026-10-29,,True,True,False,True,False,True,True,True,False,False,False,True,True,True,True,False,False,True,False,True
HII,"Huntington Ingalls Industries, ",Industrials,,4,274.33,12484000000.0,12682000000.0,1.2301557159134067,2702000000.0,15,,16.329166,2.0349681,4,6,industrial,,8,15.39,134.8079543697407,225.73752427358198,-0.21526095797669192,3,5,13499863168.0,657000000.0,0.048667159942579946,0.12432347635108636,0.03469054086735319,2.7281947261663286,True,sec,12,-0.04660148241602271,131717354.86,2026-10-29,,True,True,True,True,False,False,False,True,True,True,False,True,True,True,True,True,True,False,True,True
HLI,"Houlihan Lokey, Inc.",Financial Services,,4,128.38,2617516000.0,3717000000.0,1.664,493000000.0,12,,21.219835,3.9795415,4,6,financial,,7,6.22,32.25999779120283,66.26757985219191,-0.9372972468037643,4,5,8830028800.0,527019000.0,0.05968485629401345,0.20777831584611245,0.03895049857779505,,True,sec,10,-0.07536481033091202,115902234.28,2026-10-29,,True,True,False,True,False,True,True,True,True,True,False,True,True,False,True,True,True,True,True,False
HLNE,Hamilton Lane Incorporated,Financial Services,,4,88.57,758993000.0,2538747000.0,4.111,274199000.0,10,,13.480974,4.038944,4,6,financial,,4,6.570000060826465,21.92899926317374,56.93552797762208,-0.5556191914969422,3,5,5860617384.0,477875000.0,0.08154004410945521,0.23010278988726607,0.005429281687768328,0.0023262463503044904,True,mixed,7,-0.06922194295059728,59726205.23,2026-11-03,,True,True,True,False,False,True,False,True,True,True,False,True,True,False,True,True,False,False,False,False
HLT,Hilton Worldwide Holdings Inc.,Consumer Cyclical,,4,315.44,12039000000.0,16928000000.0,0.6491331757289204,13343000000.0,5,,46.320118,-11.295162,4,6,industrial,,6,6.12,-27.926888566583834,,,4,5,83328477056.0,2693000000.0,0.03231788333525163,0.2023965661142244,0.04683462908498165,4.297560975609756,True,sec,12,-0.03969754253308128,596317239.2,2026-10-27,,True,True,False,True,False,True,False,True,True,True,True,True,True,False,True,False,False,True,True,True
HNI,HNI Corporation,Consumer Cyclical,,4,46.73,2839000000.0,4817600000.0,1.362108922363847,1375200000.0,37,,,1.8685273,4,6,industrial,,5,1.11,25.31837307152875,,,2,5,4640055488.0,126000000.0,0.02715484767926982,0.24412570574559947,0.042365149493799256,5.435435435435435,True,sec,15,-0.04610179342411159,26355906.919999998,2026-11-04,,True,True,False,True,False,True,False,True,True,False,False,True,True,False,True,False,True,False,True,False
HON,Honeywell International Inc.,Industrials,,4,213.8,37442000000.0,77344000000.0,1.21061481417608,33988000000.0,65,,8.110774,3.6555133,4,6,industrial,,5,7.36,58.49479331019249,186.24886103542454,-0.14792648294013053,2,5,92553774592.0,8127000000.0,0.0878084123076107,0.17879861398427804,0.10005641146240658,2.605570152390962,True,sec,14,-0.021708212660322714,694442069.6,2026-10-22,,True,True,True,True,False,False,False,True,True,False,False,True,True,False,True,False,False,True,False,True
HRL,Hormel Foods Corporation,Consumer Defensive,,4,19.96,12106160000.0,13292014000.0,1.881672857553745,2855123000.0,40,,32.193546,1.4005052,4,6,industrial,,5,0.87,14.251999921171304,14.100191971819532,-0.41558356367713345,2,5,12971677960.0,718603000.0,0.05539784461315751,0.14232726507811383,0.0576415061141697,2.0220548720412332,True,sec,14,-0.027614626346315917,89039803.52000001,2026-08-27,,True,True,True,True,False,False,False,True,True,False,False,True,True,False,True,False,True,False,False,True
HSIC,"Henry Schein, Inc.",Healthcare,,4,84.93,13184000000.0,11381000000.0,1.3188073394495412,3462000000.0,0,,24.760933,3.0107412,4,6,industrial,,4,3.27,28.20860053692663,46.65864987655218,-0.8202412676900172,1,5,12770154560.0,653000000.0,0.05113485486271201,0.3606888674105966,0.06339040701306836,3.4284232365145226,True,sec,14,-0.025744662156225288,102110999.28,2026-11-03,,True,True,False,True,False,True,False,True,False,False,False,True,True,False,True,False,False,True,False,False
HSTM,"HealthStream, Inc.",Healthcare,,4,30.36,304064000.0,521599000.0,1.0618497015558237,13429000.0,4,,42.166664,2.4893408,4,6,industrial,,6,0.61,12.19579343365253,14.056144916462728,-1.1599094332359934,3,5,834423040.0,20236000.0,0.024251487590754923,0.3782952261258249,0.036334718210270484,-0.5062693481214227,True,sec,13,-0.08622907635942553,5805682.08,2026-11-02,,False,True,True,True,False,True,False,True,True,True,False,True,True,False,True,True,False,True,False,True
HUBG,"Hub Group, Inc.",Industrials,,4,30.15,3946390000.0,2900721000.0,1.4735168719310805,254999000.0,3,,17.327585,1.083558,4,6,industrial,,6,1.7,27.82499875410453,33.00528407843556,0.0865099076756954,3,5,1979078304.0,140291000.0,0.07088703853528779,0.1528283054014112,0.05343321362783538,0.40648574595992826,True,sec,11,-0.03117362890122835,34716910.949999996,,,True,True,True,True,False,False,False,True,True,False,True,True,True,False,True,True,True,True,False,False
HUBS,"HubSpot, Inc.",Technology,,4,217.45,3131266000.0,3504395000.0,1.378226614133033,236914000.0,0,,72.969795,6.5176992,4,6,industrial,,6,0.86,33.36276128720448,47.296821018895166,-3.597560582626226,1,5,9742375936.0,7379000.0,0.0007574127757411968,0.748425619828815,0.04491960736471194,-4.119211090342399,True,sec,15,-0.20397415245712883,385131348.7,2026-11-04,,True,False,True,True,False,True,False,False,False,True,False,True,True,True,True,True,False,False,False,True
HWM,Howmet Aerospace Inc.,Industrials,,4,228.38,8252000000.0,13251000000.0,1.8183000867302688,4501000000.0,11,,49.21983,15.937195,4,6,industrial,,8,3.71,14.33,38.67883010299571,-4.904521915266298,3,5,95016270976.0,2046000000.0,0.021533154048076625,0.2522586993469899,0.009672998735693522,1.690854443967368,True,sec,12,-0.028375216964757376,618688499.78,2026-10-29,,True,True,True,False,False,True,False,True,True,True,False,True,True,True,True,True,False,True,True,True
IBM,International Business Machines,Technology,,4,225.62,67535000000.0,152099000000.0,0.7907663176654043,67759000000.0,65,,20.0373,6.169875,4,6,industrial,,6,11.17,15.005226480836237,96.25229001853131,-1.3440481255725107,3,5,273151361216.0,12263000000.0,0.04489452274888275,0.25836461778183945,0.029426381563765064,3.137558472215367,True,sec,13,-0.017094129481456156,1856203491.26,2026-10-21,,True,True,False,True,False,True,False,True,True,True,False,True,True,True,True,True,False,False,True,False
IESC,"IES Holdings, Inc.",Industrials,,4,330.16,3371468000.0,2275716000.0,1.6295522698698564,35000000.0,0,,28.462069,10.702801,4,6,industrial,,6,15.02,61.69549715049518,89.7291918066082,-2.6795160343312605,3,5,12803591328.0,383529000.0,0.02995479863226075,0.37768201304556454,0.003165291229510487,-0.8197086905010802,True,sec,15,0.008735272766900615,111873725.52000001,2026-11-20,,True,True,True,False,False,True,True,True,False,True,False,True,True,True,False,False,True,True,True,False
IIPR,Innovative Industrial Propertie,Real Estate,,4,51.0,265955000.0,2581641000.0,4.581,393715000.0,10,,11.538462,0.81628734,4,6,financial,,5,3.93,67.15663422925009,78.82535632177654,0.3530000702843562,3,5,1595119752.0,124122000.0,0.0778135935213471,0.09944838535247577,0.16810787673960642,0.9535344871083304,True,sec,11,-0.03096557577137952,17642073.0,2026-11-02,,True,True,True,True,False,False,False,True,True,False,True,True,True,False,True,True,False,True,False,False
INCY,Incyte Corporation,Healthcare,,4,117.14,5141242000.0,7872647000.0,4.593087700899934,38267000.0,0,,14.922293,3.7107196,4,6,industrial,,7,6.41,31.567817774716453,74.67059777565464,-0.5687566925865959,3,5,19246540800.0,1514859000.0,0.07870811777251942,0.605782527782587,0.0,-1.5752095892929634,True,sec,13,-0.01610614574742142,187643871.78,2026-10-27,,True,True,True,False,False,True,True,True,False,True,False,True,True,True,True,True,True,False,True,False
IPAR,"Interparfums, Inc.",Consumer Defensive,,4,111.85,1488509000.0,1490104000.0,3.309736361263378,152244000.0,25,,21.386232,4.115158,4,6,industrial,,6,5.24,27.180008506271868,56.55445914218532,-0.9777397166648599,4,5,3692685328.0,270317000.0,0.07320336719468234,0.6356730805366605,0.03254837738939389,0.37413698037000326,True,sec,14,-0.004630549277097437,28809875.599999998,2026-11-04,,False,True,True,True,False,True,True,True,True,True,False,True,True,False,True,True,True,True,False,False
IR,Ingersoll Rand Inc.,Industrials,,4,75.25,7650900000.0,18194100000.0,1.6158453887884268,4768500000.0,6,,31.095041,2.868743,4,6,industrial,,6,1.45,23.508368842331826,37.79256553518747,-0.9911323545880231,2,5,32791955648.0,1144600000.0,0.03490490205239741,0.18337263178722774,0.03595580349733866,2.17825981580223,True,sec,14,-0.042557752238362986,318656810.5,2026-10-29,,True,True,True,True,False,False,False,True,True,False,False,True,True,False,True,True,False,True,False,True
ISRG,"Intuitive Surgical, Inc.",Healthcare,,4,401.24,10064700000.0,20876600000.0,4.962660564771959,0.0,0,,46.11954,7.815653,4,6,industrial,,7,7.87,51.337666007346705,100.24676407510748,-3.0025232106183557,3,5,136662376448.0,2945500000.0,0.021553115616431286,0.318169625322131,0.015966696003712845,-0.8055874473784922,True,sec,15,-0.008358640774838815,1201818523.64,2026-10-20,,True,True,True,False,False,True,True,True,False,True,False,True,True,True,True,,True,True,False,True
ITRI,"Itron, Inc.",Technology,,4,86.24,2367194000.0,3993544000.0,2.746282068323807,1575242000.0,0,,14.469798,2.335798,4,6,industrial,,7,6.5,36.92143738292137,70.36409910091308,-0.22562501477235428,1,5,4606182472.0,313068000.0,0.06796691227563684,0.22339005154319072,0.024543389984802037,2.2891542672752596,True,sec,14,-0.026266644364003503,63516794.879999995,2026-10-29,,True,False,True,True,False,True,False,False,False,True,False,True,True,True,True,True,False,True,True,False
JBL,Jabil Inc.,Technology,,4,299.79,29802000000.0,23819000000.0,0.9809302576846199,3378000000.0,21,,29.420021,19.478268,4,6,industrial,,5,5.92,12.621119098889874,59.40346027036761,-4.046675709387001,2,5,33432122496.0,1182000000.0,0.0353552186266792,0.11108778706074982,0.03297879799545301,1.0872844827586208,True,sec,14,-0.04126957470926571,346367772.72,2026-12-16,,True,True,True,True,False,False,False,True,True,False,False,True,True,False,True,True,False,True,False,False
JEF,Jefferies Financial Group Inc.,Financial Services,,4,45.25,5546490000.0,79539946000.0,2.4337244340302444,19644464000.0,17,,12.534626,0.87097955,4,6,financial,,2,2.83,51.9536972269931,64.96062180832928,0.3034241554289121,4,5,14533147744.0,4350915000.0,0.29937870835974073,0.06733165245045553,0.047008809272555706,,True,sec,10,0.027372258965325424,91261331.25,2026-09-28,,True,True,False,True,True,False,True,True,True,False,True,True,False,False,False,True,False,False,False,False
JKHY,"Jack Henry & Associates, Inc.",Technology,,4,143.84,2375288000.0,3145711000.0,1.1669354360266,90000000.0,36,,20.607449,4.911897,4,6,industrial,,7,6.24,19.617549427821118,67.81631555197687,-1.1210235152004953,3,5,10162941120.0,568715000.0,0.05595968659906986,0.32251564113804476,0.018636396001271243,0.12727317260354498,True,sec,13,-0.05905056122447358,151712938.56,2026-11-03,,True,True,True,False,False,True,False,True,True,True,False,True,True,True,True,,False,True,True,True
KBH,KB Home,Consumer Cyclical,,4,46.54,6236214000.0,6775462000.0,6.177,2109144960.0,40,,13.109859,0.7515179,4,6,industrial,,4,6.15,59.648332781017956,70.33135150218467,0.33827519298339737,4,5,4779759104.0,525252000.0,0.10989089378174653,0.17535775596489472,0.21553226709338882,5.509002181664633,True,sec,9,0.013741793548543258,56471263.68,2026-12-17,,True,True,False,True,True,False,True,True,True,False,True,True,True,False,False,False,True,True,False,False
KBR,"KBR, Inc.",Industrials,,4,35.05,7786000000.0,6667000000.0,1.1479976784677888,2552000000.0,19,,10.589124,2.7009323,4,6,industrial,,8,3.21,12.977148676915839,31.087973645948,-0.12744562894881398,2,5,6658674688.0,778000000.0,0.11684006749902962,0.17249137543122844,0.0923353785486912,2.365364308342133,True,sec,14,-0.02129893505324734,51942312.449999996,2026-10-29,,True,False,True,True,True,False,False,False,True,True,False,True,True,True,True,False,True,True,True,True
KD,"Kyndryl Holdings, Inc.",Technology,,4,12.12,15092000000.0,12026000000.0,0.8476588628762541,5700000000.0,0,,32.756756,2.4851344,4,6,industrial,,6,0.85,4.328478964401294,6.371893311060318,-0.9021034107652321,1,5,6235957248.0,503000000.0,0.08066123291036392,0.27349076999833694,0.11515337993837088,1.7610686045801527,True,sec,12,-0.06344586728754366,47854620.12,2026-11-03,,True,False,True,True,False,True,False,False,False,True,False,True,True,False,True,True,False,True,True,False
KEX,Kirby Corporation,Industrials,,4,133.46,3364050000.0,6220267000.0,1.6841083454588188,1031398000.0,0,,20.500769,2.05871,4,6,industrial,,8,6.33,52.557480916030535,97.44503512511723,-0.3695926101174921,2,5,8039131256.0,496284000.0,0.06173353614914532,0.1470400105192288,0.05026460475222703,1.3051419628884418,True,sec,12,-0.050742998652630183,68601376.12,2026-10-28,,True,True,True,True,False,False,False,True,False,True,False,True,True,True,True,False,True,True,True,True
KEYS,Keysight Technologies Inc.,Technology,,4,373.88,5375000000.0,11921000000.0,2.023736600306279,2517000000.0,0,,50.592693,9.689776,4,6,industrial,,5,4.91,32.36945812807882,80.0981943228093,-3.6677706427837835,2,5,63563106816.0,876000000.0,0.013781579345009214,0.27992618068953945,0.0058914922105602115,-0.08738828202581926,True,sec,13,-0.04689203925845147,467320089.6,2026-11-24,,True,True,True,False,False,True,True,True,False,False,False,True,True,True,True,False,False,True,False,False
KLAC,KLA Corporation,Technology,,4,200.33,12156162000.0,17951535000.0,2.876190467341258,5887415000.0,22,,54.73497,41.237137,4,6,industrial,,7,3.04,4.858379948323735,20.001407363314787,-9.015795206862872,4,5,265669524360.0,5890365000.0,0.02217177530689655,0.4124602715032447,0.011104327473738825,0.743526141139733,True,sec,12,-0.001128594295696719,2142196401.5400002,2026-10-28,,True,True,True,False,False,True,True,True,True,True,False,True,True,True,False,True,True,True,True,False
KMT,Kennametal Inc.,Industrials,,4,31.67,1966845000.0,3166752000.0,2.618220857445161,685280000.0,40,,7.1651583,1.5375279,4,6,industrial,,5,1.2,20.59811318279034,45.260039115499765,0.3002657395151414,4,5,3008761192.0,143123000.0,0.04756874702470571,0.18885912126999524,0.05041681560402113,2.1081789571561407,True,sec,14,-0.03461717242145896,42956617.940000005,2026-11-04,,True,True,True,True,False,False,True,True,True,True,False,True,False,True,False,True,True,False,True,False
KOP,Koppers Holdings Inc.,Basic Materials,,4,45.19,1879300000.0,1722300000.0,2.3321894303363075,897600000.0,5,,,2.207405,4,6,industrial,,8,2.74,20.472940803047134,,,2,5,1711513760.0,167800000.0,0.09804186441364048,0.2600011612378796,0.05054915099892611,3.5497100248550124,True,sec,13,-0.038611159496022764,8004188.369999999,2026-11-06,,True,True,False,True,False,True,False,True,True,False,False,True,True,True,True,True,True,True,True,False
LAD,"Lithia Motors, Inc.",Consumer Cyclical,,4,306.07,37634900000.0,26245800000.0,1.0029579701535962,9813000000.0,17,,10.1347685,1.0517689,4,6,industrial,,3,32.32,291.00454545454545,444.6772832402201,0.3117030900032345,3,5,16431072224.0,1594700000.0,0.0970539218780078,0.2184349495919347,0.1469449024346962,5.057967992493354,True,sec,14,0.017637107651509956,89898880.39999999,2026-10-21,,True,True,False,True,False,True,False,True,True,False,True,True,True,False,False,False,False,True,False,False
LAMR,Lamar Advertising Company,Real Estate,,4,143.34,2266214000.0,6991597000.0,0.627229947937179,3514545000.0,13,,26.300919,14.821632,4,6,financial,,7,5.77,9.670999792735376,34.43698997947958,-3.162384694057579,3,5,18002725304.0,774059000.0,0.042996767818704255,0.2173117243456681,0.054716190592298784,3.1321548431421196,True,sec,12,-0.039604256366606944,81655207.74,2026-11-05,,True,True,False,True,False,True,False,True,True,True,False,True,True,True,True,False,True,True,True,False
LAUR,"Laureate Education, Inc.",Consumer Defensive,,4,38.0,1701930000.0,2423491000.0,0.7115664382241074,222065000.0,0,,17.19457,4.5860486,4,6,industrial,,6,1.89,8.285954888964712,20.298309470313164,-0.8720770838367621,2,5,5294866520.0,431102000.0,0.08141886077233917,0.19895926991270033,0.04110593299708468,0.11944493341534859,True,sec,13,-0.0348926404100531,38184794.0,2026-10-29,,True,True,True,True,False,False,False,True,False,True,False,True,True,False,True,False,True,True,True,False
LAZ,"Lazard, Inc.",Financial Services,,4,36.44,3186466000.0,4364661000.0,5.305,1689530000.0,22,,17.862745,3.8840332,4,6,financial,,5,2.17,8.270647840291742,20.75171820549611,-0.7559991726539941,2,5,4140838880.0,327598000.0,0.07911392099370937,0.21506723494930105,0.07817016911677774,1.6300751547181076,True,sec,10,-0.06468429048670676,61350238.239999995,2026-10-22,,True,False,True,True,False,True,True,False,True,False,False,True,True,False,True,True,True,False,False,False
LBRT,Liberty Energy Inc.,Energy,,4,18.47,4006116000.0,4488096000.0,1.986297166880932,1291847000.0,5,,25.301369,1.5349455,4,6,industrial,,3,0.89,12.033000520213909,14.058521980846999,-0.3137938700215495,2,5,3750633536.0,72708000.0,0.01938552495255031,0.1867177083556145,0.02632918651476821,1.2852296523802875,True,sec,12,-0.10287792417987494,79219954.05,2026-10-14,,True,True,True,True,False,False,False,True,True,False,False,True,True,False,True,False,False,False,False,False
LEA,Lear Corporation,Consumer Cyclical,,4,121.37,23259100000.0,15650500000.0,1.3138729591676852,2746200000.0,16,,11.300745,1.160436,4,6,industrial,,6,8.15,80.23210893428755,158.97852990598648,0.23656357829089655,4,5,9825779200.0,777300000.0,0.07910822991015308,0.09612472444969809,0.060642219420084145,1.2636455769509194,True,sec,14,-0.04166001086227277,77328832.21000001,2026-10-22,,True,True,True,True,False,False,False,True,True,True,True,True,True,False,True,True,True,True,False,False
LHX,"L3Harris Technologies, Inc.",Industrials,,4,238.4,21325000000.0,42938000000.0,1.1838675589996477,11349000000.0,45,,23.911734,2.232147,4,6,industrial,,8,8.53,106.80300894620508,154.78560844228457,-0.5401948695307356,3,5,54221566208.0,2110000000.0,0.03891440523694582,0.12865061251106247,0.04633554309113638,2.9478104379124175,True,sec,13,-0.03493409101495179,372331928.0,2026-10-29,,True,True,True,True,False,False,False,True,True,True,False,True,True,True,True,True,True,True,False,True
LIN,Linde plc,Basic Materials,,4,469.45,33986000000.0,88349000000.0,0.8790227568673653,28013000000.0,35,,30.248068,5.5374036,4,6,industrial,,5,14.61,79.63249817063891,172.05951435467802,-1.7284163956913807,3,5,239522146496.0,8923000000.0,0.037253340163052574,0.1911722358524252,0.03414397407682919,1.8220873403752167,True,sec,12,-0.0390723154761231,962323677.1999999,2026-10-30,,True,True,True,True,False,False,False,True,True,True,False,True,True,False,True,False,False,True,True,False
LKQ,LKQ Corporation,Consumer Cyclical,,4,22.78,13651000000.0,15029000000.0,1.5784660766961651,5312999936.0,6,,12.655557,0.8953699,4,6,industrial,,5,2.35,25.441988950276244,32.09985727931299,0.29033952388689427,3,5,10799387648.0,993000000.0,0.09194965792193777,0.35032270942843835,0.0813757549338096,3.559515116315775,True,sec,14,-0.030274802049371215,74003426.92,2026-10-29,,True,True,False,True,False,True,False,True,True,False,True,True,True,False,True,True,False,True,False,False
LLY,Eli Lilly and Company,Healthcare,,4,1149.85,65179000000.0,142283000000.0,1.3546427598919168,54908000000.0,55,,38.912014,30.257618,4,6,industrial,,7,22.95,35.85838272650297,158.95464593948444,-6.2338244233374525,3,5,1071205184896.0,29696000000.0,0.027722046549730893,0.38041789953824423,0.00925715717098092,1.1422542601317,True,sec,13,0.02689709944266005,2898875336.5,2026-10-29,,True,True,True,False,False,True,False,True,True,True,False,True,True,True,False,False,True,True,True,True
LMT,Lockheed Martin Corporation,Industrials,,4,505.5,75048000000.0,62450000000.0,1.1928682431013482,20538000000.0,43,,18.625645,13.260059,4,6,industrial,,6,21.49,38.2882096069869,152.57522890172507,-2.313119722242702,2,5,133411721408.0,7731000000.0,0.05794843150518267,0.12200160128102482,0.05255230480994044,1.7781906986621363,True,sec,14,-0.0566853482786229,575945469.0,2026-10-22,,True,True,True,True,False,False,False,True,True,False,False,True,True,False,True,True,False,True,True,False
LNN,Lindsay Corporation,Industrials,,4,112.38,659074000.0,821643000.0,2.934827369205672,114905000.0,31,,21.487572,2.289731,4,6,industrial,,7,6.78,25.995937288400437,75.99663840813487,-0.47874961779849673,4,5,1102924264.0,88124000.0,0.07990031852268689,0.2565347724011523,0.023483100232382235,-0.36557512383048985,True,sec,15,-0.07163451766764885,16658986.44,2026-10-22,,False,True,True,True,False,True,True,True,True,True,False,True,True,True,True,True,False,True,False,True
LOPE,"Grand Canyon Education, Inc.",Consumer Defensive,,4,153.71,1106070000.0,919179000.0,2.8176408582406745,104212000.0,0,,18.56401,5.9469185,4,6,industrial,,7,7.71,25.520660211938704,69.39233340162004,-1.215086198505201,3,5,3785264896.0,265910000.0,0.07024871635298097,0.5929225389371211,0.06608282856946054,-0.021042832616111843,True,sec,13,-0.2973031694588323,51363426.18,2026-11-04,,False,True,True,True,False,True,True,True,False,True,False,True,True,False,True,True,False,True,True,True
LRCX,Lam Research Corporation,Technology,,4,340.1,23232690000.0,23529743000.0,2.629282517879914,3722061000.0,13,,58.136753,34.122604,4,6,industrial,,8,5.76,9.966547002344802,36.220248182504754,-8.3897755279401,4,5,423752318992.0,8199795000.0,0.019350442776349275,0.49831857492026155,0.011993463143167224,-0.2149102545349511,True,sec,14,0.05982806527041116,3343542825.8,2026-10-21,,True,True,True,False,False,True,True,True,True,True,False,True,True,True,False,True,True,True,True,True
LUV,Southwest Airlines Company,Industrials,,4,41.84,28063000000.0,30122000000.0,0.4885438649381972,5946000000.0,4,,26.15,2.8903012,4,6,industrial,,7,0.79,7.974222754073279,22.828403314021486,-0.8328044859055631,2,5,22623471808.0,428000000.0,0.018918404904089598,0.16843880114242454,0.14407524057792132,1.0840040241448692,True,sec,13,-0.04651085585286502,223573797.28000003,2026-10-21,,True,True,True,True,False,False,False,True,True,False,False,True,True,True,True,False,False,True,True,True
LYV,"Live Nation Entertainment, Inc.",Communication Services,,4,166.85,25201406000.0,28180826000.0,0.8515305961224158,9201465000.0,0,,,467.36697,4,6,industrial,,5,-0.24,0.34971325424617433,,,2,5,38998811104.0,1251217000.0,0.03208346522829426,0.2809837742514108,0.0006053878758809405,0.06852375734687625,True,sec,12,-0.03191333000672159,323077661.59999996,2026-11-03,,True,True,True,False,False,True,False,True,False,True,False,True,True,False,True,False,True,False,True,False
MANH,"Manhattan Associates, Inc.",Technology,,4,204.15,1081392000.0,698646000.0,0.9831724393437378,53882000.0,0,,58.4957,75.555145,4,6,industrial,,6,3.6,2.7016605640439195,14.566212802742873,-13.015310826816822,2,5,11770732544.0,279800000.0,0.023770823009875024,0.8717619509737407,0.02647761650609636,-0.9513269741942629,True,sec,13,-0.24264362781723506,161934842.25,2026-10-27,,False,True,True,True,False,True,False,True,False,True,False,True,True,False,True,False,True,True,True,False
MATX,"Matson, Inc.",Industrials,,4,225.5,3344500000.0,4713500000.0,0.8877111626366346,372100000.0,39,,15.205665,2.4316602,4,6,industrial,,5,13.81,91.22039473684211,175.90721502729167,-0.28192581506684705,2,5,6996029952.0,499800000.0,0.07144051746907101,0.16425058244887394,0.051636975526353816,0.39060568603213847,True,sec,12,-0.021703617269544923,67501621.0,2026-11-04,,True,True,True,True,False,False,False,True,True,False,False,True,True,False,True,True,False,True,False,False
MCD,McDonald's Corporation,Consumer Cyclical,,4,231.83,26885000000.0,59920000000.0,1.0813837730214038,41386000000.0,51,,18.756474,-160.32504,4,6,industrial,,6,11.95,-0.6160423943153077,,,4,5,204616533248.0,12393000000.0,0.060566953233341096,0.25932958077795515,0.04371160784917305,3.1567315175097277,True,sec,12,-0.033177570093457946,1151512824.3100002,2026-11-05,,True,True,False,True,False,True,False,True,True,True,True,True,True,False,True,True,False,True,True,False
MCK,McKesson Corporation,Healthcare,,4,898.82,403430000000.0,88330000000.0,0.8931292284950821,9729000000.0,33,,24.116447,-24.590174,4,6,industrial,,6,38.38,-15.142857142857142,,,4,5,109358751552.0,6212000000.0,0.05680386719709578,0.16472319710177744,0.048962842955898304,0.7024157562701954,True,sec,14,-0.015770406430431337,844627445.74,2026-11-04,,True,True,True,True,False,False,False,True,True,True,True,True,True,True,True,False,False,True,False,True
MD,"Pediatrix Medical Group, Inc.",Healthcare,,4,25.76,1913849000.0,2130342000.0,1.316128299088078,584243000.0,0,,12.325359,2.3184233,4,6,industrial,,8,1.94,10.846428367492102,22.858143901506043,-0.12695064441792953,1,5,2273129288.0,208813000.0,0.09186147092571358,0.21974624070190182,0.03989280339961159,0.7806321540062435,True,sec,13,-0.049617854785757406,19788239.52,2026-11-02,,True,False,True,True,False,True,False,False,False,True,False,True,True,True,True,True,True,True,True,False
META,"Meta Platforms, Inc.",Communication Services,,4,725.93,200966000000.0,449956000000.0,2.225562709519502,83664000000.0,3,,27.352297,7.0808625,4,6,industrial,,5,23.49,102.51999668119525,247.42639145972558,-1.933923077959782,3,5,1842715100928.0,83276000000.0,0.04519201039708299,0.3662380321631448,0.017072303293997913,-0.0647352098300161,True,sec,13,-0.12299424832650303,14239744879.449999,2026-10-28,,True,True,True,False,False,True,False,True,True,True,False,True,True,False,True,False,False,True,True,False
MGM,MGM Resorts International,Consumer Cyclical,,4,30.47,17537683000.0,39848326000.0,1.3349567801614333,6068442000.0,0,,18.466667,3.0494397,4,6,industrial,,6,0.76,9.991704394159035,19.260139544063932,-0.5820238441310255,1,5,11316848752.0,1001780000.0,0.08852110883102134,0.1882866363740558,0.15755587461199966,1.7434676817982406,True,sec,12,-0.05830899897777387,92539827.6,2026-10-28,,True,True,True,True,False,False,False,True,False,False,False,True,True,False,True,True,False,True,False,True
MIDD,The Middleby Corporation,Industrials,,4,102.69,3201202000.0,5360653000.0,1.9869863783668786,1979524000.0,0,,15.606383,2.1013322,4,6,industrial,,4,-5.32,33.936647866242595,85.05912772252042,-0.20727784012781028,0,5,6464229008.0,574891000.0,0.08893419451701455,0.23353777981898846,0.155820678245648,2.676208034154861,True,sec,14,-0.049048129024579654,62620978.14,2026-11-05,,True,False,True,True,False,True,False,False,False,False,False,False,True,False,True,False,False,True,False,True
MMI,"Marcus & Millichap, Inc.",Real Estate,,4,28.96,755156000.0,765795000.0,2.9154457706726418,74153000.0,5,,80.444435,1.8938006,4,6,financial,,6,-0.05,15.286444882381383,11.129475269786798,-1.6020993171724593,2,5,955722432.0,-13711000.0,-0.014346215533842362,0.34414516791992067,0.04111715414491112,-4.211920529801325,True,sec,13,-0.0895357112543174,3989703.3600000003,2026-11-06,,True,False,True,True,False,True,True,False,True,False,False,False,True,True,True,True,False,True,False,True
MMM,3M Company,Industrials,,4,163.02,24948000000.0,34924000000.0,1.2401792776166622,12551000000.0,65,,28.955595,28.480085,4,6,industrial,,5,6.0,5.724009472328212,26.927452006795434,-5.05404477032807,1,5,93669070592.0,4629000000.0,0.04941866051135293,0.2851047989920971,0.057247819856100064,1.6163045309078659,True,sec,13,0.027030122551826824,508571374.74,2026-10-20,,True,False,True,True,False,True,False,False,True,False,False,True,True,False,False,False,True,True,False,True
MMSI,"Merit Medical Systems, Inc.",Healthcare,,4,86.15,1515906000.0,2863620000.0,4.198185956449366,736258000.0,0,,35.452675,3.0622401,4,6,industrial,,7,2.13,28.132708089097303,39.21953285600933,-1.1966095393407996,3,5,5431611736.0,184720000.0,0.03400832183488014,0.25781004462882645,-0.005484586074041368,0.9339727433352388,True,sec,14,-0.05897500366668762,69177330.05000001,2026-10-29,,True,True,True,False,False,True,True,True,False,True,False,True,True,False,True,True,True,False,True,True
MNST,Monster Beverage Corporation,Consumer Defensive,,4,42.14,8294343000.0,11382291000.0,3.729314920459693,92932000.0,0,,39.018517,8.815899,4,6,industrial,,5,1.0800000420313258,9.560228282065156,10.777477078760871,-2.9100059960271336,3,5,79228116992.0,2419354000.0,0.03053655812928499,0.4069650828642494,-0.0007379615408631314,-0.6801804640883833,True,sec,14,-0.016933761401812693,451080971.88,2026-11-05,,True,True,True,False,False,True,True,True,False,True,False,True,True,False,True,,True,False,True,False
MOG-A,Moog Inc.,Industrials,,4,390.19,3860624000.0,4771180000.0,2.087479472441753,907989000.0,9,,33.094997,5.5588164,4,6,industrial,,7,7.33,70.19300007821808,136.4567601754634,-1.8594405986062754,4,5,13198941312.0,449606000.0,0.03406379264609916,0.22161142526586713,0.014495896265231636,1.5201813009863843,True,sec,13,-0.007976643094580377,107204702.5,2026-11-20,,True,True,True,False,False,True,True,True,True,True,False,True,True,True,True,True,True,True,False,False
MOS,Mosaic Company (The),Basic Materials,,4,21.55,12052400000.0,24640700000.0,1.3366646153846153,5855700000.0,19,,,0.5975819,4,6,industrial,,7,1.7,36.06183395163581,,,3,5,12412351136.0,821500000.0,0.0661840767312305,0.0771853072355899,0.04093041587339122,2.971946136582238,True,sec,14,-0.01151752994030202,169940757.1,2026-11-03,,True,True,True,True,False,False,False,True,True,False,True,True,True,True,True,False,True,False,True,True
MPC,Marathon Petroleum Corporation,Energy,,4,420.15,132699000000.0,94310000000.0,1.25035556690128,32816000000.0,16,,14.57336,6.232754,4,6,industrial,,7,13.22,19.17286432160804,209.11047438748722,-1.0092250339476108,2,5,143036524032.0,8291000000.0,0.057964216175619206,0.1405259251404941,0.039020744074663875,2.1701611505804888,True,sec,13,-0.04459760364754533,1062000130.3499999,2026-11-03,,True,True,True,True,False,False,False,True,True,False,False,True,True,True,True,False,True,True,True,False
MPWR,"Monolithic Power Systems, Inc.",Technology,,4,1360.97,2790459000.0,4686207000.0,4.975330063823719,18934000.0,13,,82.78406,17.169006,4,6,industrial,,5,12.86,79.26873143136217,171.2355267472873,-6.947941796030129,4,5,65425989632.0,728636000.0,0.011136797534104436,0.32856871239362667,0.004356872739632348,-1.0800634393911068,True,sec,15,-0.04624614320280773,1052443544.88,2026-10-29,,True,True,True,False,False,True,True,True,True,True,False,True,True,False,True,False,True,False,False,True
MRSH,Marsh,Financial Services,,4,171.85,26981000000.0,59682000000.0,1.139238728404888,20561000000.0,44,,20.957317,5.409362,4,6,financial,,6,8.43,32.28661087866109,76.55964858405277,-1.244655026222208,3,5,100869760320.0,6223000000.0,0.06169341515492956,0.1942428887753364,0.04525126322504566,2.8646719319562575,True,sec,12,-0.018967192788445428,426780195.09999996,2026-10-15,,True,True,True,True,False,False,False,True,True,True,False,True,True,False,True,True,False,True,False,True
MSCI,MSCI Inc.,Financial Services,,4,545.39,3134459000.0,5602500000.0,0.8944385626206639,6380400000.0,13,,29.868017,-14.742661,4,6,financial,,8,15.69,-36.99449793672627,,,4,5,45673853440.0,1713567000.0,0.03751746066819275,0.4531541568295362,0.07669198587584994,3.4681042642023017,True,sec,12,-0.06892298081213744,340855660.64,2026-10-20,,True,True,False,True,False,True,False,True,True,True,True,True,True,True,True,False,True,True,True,True
MSFT,Microsoft Corporation,Technology,,4,512.8,281724000000.0,758376000000.0,1.2303272619576484,40294000000.0,24,,28.568243,8.609082,4,6,industrial,,6,13.64,59.56469637807998,155.10260347115354,-2.306198532607946,3,5,3771270857920.0,128528000000.0,0.034080819130262126,0.2556686920472167,0.010621826007833627,-0.24280532525510204,True,sec,15,-0.045267782735740586,14751701703.199999,2026-10-28,,True,True,True,False,False,True,False,True,True,True,False,True,True,True,True,True,False,True,False,False
MSM,"MSC Industrial Direct Company, ",Industrials,,4,128.5,3769521000.0,2495661000.0,1.54807677151272,506774000.0,24,,29.88372,5.055671,4,6,industrial,,5,3.57,24.829459611267445,49.589263168657666,-1.591286738077951,2,5,7657579520.0,301563000.0,0.03938098183797901,0.6155223005047561,,1.103240776154415,True,sec,14,-0.05384906042928106,88553205.0,2026-10-22,,True,True,True,False,False,True,False,True,True,False,False,True,True,False,True,True,False,True,False,False
MTCH,"Match Group, Inc.",Communication Services,,4,40.13,3487197000.0,4033915000.0,1.7238853526246805,3549099000.0,2,,14.230497,-38.923374,4,6,industrial,,8,2.38,-1.0310959495816938,,,4,5,12326277112.0,872529000.0,0.0707860931627577,0.6293694834918435,0.10416263717665902,3.155770129230206,True,sec,14,-0.11574834868855689,129353878.23,2026-11-03,,True,True,False,True,False,True,False,True,True,True,True,True,True,True,True,True,False,True,True,True
MTN,"Vail Resorts, Inc.",Consumer Cyclical,,4,138.99,2964347000.0,5526448000.0,0.7989735549093429,3627460000.0,16,,29.954744,8.976363,4,6,industrial,,8,7.53,5.115636564719894,40.20608665366547,-2.4569392738283,2,5,8311948760.0,559960000.0,0.06736807650869109,0.21948394611523075,0.12077005198615219,3.922245173675293,True,sec,13,-0.0497364672570881,106170152.31,2026-12-09,,True,True,False,True,False,True,False,True,True,False,False,True,True,True,True,True,False,True,True,True
MYRG,"MYR Group, Inc.",Industrials,,4,297.92,3657889000.0,1672465000.0,1.3982848845884852,9372000.0,0,,28.319391,6.148258,4,6,industrial,,7,7.53,48.45557750052186,107.09591894983689,-1.781805347219104,2,5,4509891296.0,166872000.0,0.037001335297816455,0.2533900559951927,0.016169399089869283,-0.5505947280019196,True,sec,14,-0.12445761196796346,84237475.84,2026-10-28,,True,True,True,False,False,True,False,True,False,True,False,True,True,True,True,True,False,True,True,False
NBIX,"Neurocrine Biosciences, Inc.",Healthcare,,4,140.71,2860500000.0,5359100000.0,1.8724985706117783,461600000.0,0,,20.753687,3.8705509,4,6,industrial,,5,4.67,36.354330708661415,74.4701449706832,-0.8894820206861902,3,5,14374856704.0,619100000.0,0.04306825540930276,0.5240432162116774,0.00267774925867148,-0.27526553028413114,True,sec,14,-0.056744602638502735,177167398.16,2026-10-28,,True,True,True,False,False,True,True,True,False,True,False,True,True,True,True,True,False,False,False,False
NE,Noble Corporation plc A,Energy,,4,41.72,3285568000.0,7239106000.0,1.914617735608065,1888430000.0,4,,44.38298,1.4853319,4,6,industrial,,6,1.35,28.08761942231639,24.373369661091335,-0.7117042321234772,3,5,8092495664.0,415552000.0,0.05135029010254654,0.08607955598094869,0.05068860786078354,1.521549175639867,True,sec,11,-0.10152648683414775,55976808.72,2026-10-27,,True,True,True,True,False,False,False,True,True,True,False,True,True,False,True,False,True,True,False,True
NEM,Newmont Corporation,Basic Materials,,4,114.67,22669000000.0,57641000000.0,2.546115575966322,5083000000.0,40,,14.442065,3.4456131,4,6,industrial,,9,6.39,32.362718089990814,77.1068868290914,-0.48715639699172175,3,5,116900896384.0,11571000000.0,0.09898127694411504,0.2111832776036834,0.028213916785264897,-0.12011958537784657,True,sec,12,-0.05636612827674745,858517433.51,2026-10-22,,True,False,True,True,False,True,True,False,True,True,False,True,True,True,True,True,True,True,True,True
NFG,National Fuel Gas Company,Energy,,4,76.26,2219117000.0,10451767000.0,3.2007572151617563,3567401000.0,40,,10.62117,1.8471153,4,6,industrial,,8,5.68,41.28638008831947,81.6685560572765,0.06622568487048214,2,5,9580362264.0,813459000.0,0.08490900214251021,0.1918982694505149,0.03350763432571927,1.8363194291891756,True,sec,13,-0.05563872596853719,52201876.5,2026-11-04,,True,True,True,True,False,False,False,True,True,False,False,True,True,True,True,False,True,True,True,True
NGVT,Ingevity Corporation,Basic Materials,,4,71.09,1167600000.0,1537500000.0,1.610781990521327,1200200000.0,0,,100.126755,52.272057,4,6,industrial,,6,-4.61,1.3600741898720987,4.661115957052472,-14.251712391415136,0,5,3546726272.0,418700000.0,0.1180525272856467,0.30016260162601627,0.023036701493423774,2.1001713959245856,True,sec,14,-0.32409756097560977,17484798.77,2026-11-04,,False,False,True,True,True,True,False,False,False,False,False,False,True,True,True,False,False,True,True,True
NNN,"NNN REIT, Inc.",Real Estate,,4,40.2,926213000.0,9606523000.0,0.18,200000000.0,37,,19.802956,1.7297019,4,6,financial,,5,2.07,23.24133904086732,32.58116953062753,-0.2338415280707001,3,5,7843753960.0,589486000.0,0.07515355568343196,0.09476472529294391,0.04678060641019504,0.228198269079465,True,sec,10,-0.028871424135454626,63349491.6,2026-11-04,,True,True,True,True,False,False,False,True,True,True,False,True,True,False,True,True,False,False,False,True
NOC,Northrop Grumman Corporation,Industrials,,4,482.0,41954000000.0,50763000000.0,1.1682278006744098,15191000000.0,45,,15.3161745,3.8288002,4,6,industrial,,6,29.08,125.88809390333901,298.56011714326837,-0.6144152293747438,2,5,81358376192.0,4511000000.0,0.055446042695768166,0.16180392004204217,0.04259987694989471,2.15343473173993,True,sec,12,-0.01132714772570573,397065334.0,2026-10-20,,True,True,True,True,False,False,False,True,True,False,False,True,True,False,True,True,True,True,False,False
NOV,NOV Inc.,Energy,,4,18.91,8744000000.0,11199000000.0,2.4221757322175734,1706000000.0,18,,70.03703,1.0889094,4,6,industrial,,5,0.39,17.366392436449946,10.271244181075627,-0.8410622575637866,4,5,7283001216.0,494000000.0,0.06782917994229262,0.15778194481650148,0.0749146875691648,0.6383981154299175,True,sec,14,-0.09875881775158496,62730577.93,2026-10-27,,True,True,True,True,False,False,True,True,True,False,True,True,True,False,True,True,False,True,False,False
NOW,"ServiceNow, Inc.",Technology,,4,137.76,13278000000.0,31666000000.0,0.7005677610466552,7517000000.0,0,,83.490906,11.379481,4,6,industrial,,4,1.67,12.106064445738406,21.199888595733906,-5.498147354780048,2,5,145277817664.0,1824000000.0,0.012555254679131852,0.3251121076233184,0.012919096757004924,1.1135831381733021,True,sec,15,-0.11671824669993053,2550648441.6,2026-10-28,,True,True,True,False,False,True,False,True,False,True,False,True,True,False,True,True,False,False,False,False
NSC,Norfolk Southern Corporation,Industrials,,4,310.26,12180000000.0,45122000000.0,0.8311572700296735,16574000000.0,45,,26.8391,4.2876096,4,6,industrial,,6,12.75,72.3615054190344,137.19094753752677,-1.2615194775525,2,5,85191992896.0,4356000000.0,0.05113156591274585,0.09786453267309222,0.025097940480947222,2.6969907810053924,True,sec,12,-0.032977261646203626,347848929.78,2026-10-22,,True,True,True,True,False,False,False,True,True,False,False,True,True,True,True,True,False,True,False,False
NSIT,"Insight Enterprises, Inc.",Technology,,4,161.33,8247180000.0,11393750000.0,1.183144160889798,1475089000.0,0,,23.794985,2.9667156,4,6,industrial,,6,4.86,54.37997628324581,91.08056532033565,-0.7712889619491602,1,5,5846457048.0,334923000.0,0.05728648944997774,0.1545958968732858,0.031916111063291695,2.519262628528951,True,sec,14,-0.012856171146461875,60594418.690000005,2026-10-29,,True,True,True,True,False,False,False,True,False,False,False,True,True,False,True,False,True,True,True,False
NSP,"Insperity, Inc.",Industrials,,4,48.63,6812000000.0,2234000000.0,1.113421550094518,419000000.0,22,,,30.450846,4,6,industrial,,1,-0.19,1.6180371352785146,,,1,5,1621436160.0,-10000000.0,-0.006167372016669469,0.40286481647269473,0.05868303974441846,-6.742857142857143,True,sec,14,0.12130707251566697,24904881.900000002,2026-11-03,,True,False,True,True,False,True,False,False,True,False,False,False,False,False,False,False,False,False,False,True
NSSC,"NAPCO Security Technologies, In",Industrials,,4,36.19,181621000.0,238668000.0,4.89902011589014,5179000.0,4,,29.663933,6.777153,4,6,industrial,,5,1.19,5.339959361377742,12.107147439333618,-1.9891434114716549,4,5,1162073728.0,46259000.0,0.03980728492985946,0.4233076910184859,0.03895525061589251,-1.920270653922589,True,sec,15,-0.04240618767492919,13642761.44,2026-11-02,,False,True,True,True,False,True,True,True,True,True,False,True,True,False,True,True,False,False,True,False
NUE,Nucor Corporation,Basic Materials,,4,235.98,32494000000.0,36954000000.0,2.507815478459779,7099000000.0,44,,19.046003,2.4215496,4,6,industrial,,6,7.52,58.15097317201473,164.82301234173627,-0.4317175535581777,3,5,57945123776.0,2738000000.0,0.047251603268367484,0.10494127834605185,0.02263807385314675,0.8517866330776879,True,sec,13,-0.040320398333062724,321243585.65999997,2026-10-26,,True,True,True,True,False,False,True,True,True,False,False,True,True,False,True,False,True,True,False,True
NVDA,NVIDIA Corporation,Technology,,4,230.86,215938000000.0,320272000000.0,4.588949069016016,33366000000.0,15,,29.222784,24.344618,4,6,industrial,,4,4.9,9.421658986175116,41.05609827425419,-4.623037982271435,4,5,5536377046080.0,130387000000.0,0.02355096101923184,0.47916458510266274,0.00736558254127201,-0.286714703895519,True,sec,15,0.054169580856272166,28420407452.22,2026-11-17,,True,True,True,False,False,True,True,True,True,True,False,True,True,False,False,True,False,True,False,False
NVST,Envista Holdings Corporation,Healthcare,,4,23.16,2719500000.0,5597100000.0,2.425368512325034,1436300000.0,0,,39.931034,1.2090838,4,6,industrial,,7,0.28,19.155043586550438,15.810526587757602,-0.4648468456410072,0,5,4030606304.0,216100000.0,0.053614762569477684,0.26561969591395546,0.044786074267745855,0.9355615778380006,True,sec,14,-0.04086044558789373,65385474.12,2026-10-28,,True,False,True,True,False,True,False,False,False,False,False,True,True,True,True,False,True,True,False,True
NVT,nVent Electric plc,Industrials,,4,165.77,3893100000.0,7146300000.0,1.800071851984911,1492400000.0,9,,46.17549,6.7298636,4,6,industrial,,6,4.31,24.625694873378627,44.605489442832344,-2.7163587278300247,3,5,28067590016.0,616800000.0,0.02197552407058788,0.20557491289198607,0.014293067127149818,1.8249446494464945,True,sec,14,0.03428347536487413,368150801.81,2026-10-30,,True,True,True,False,False,True,False,True,True,True,False,True,True,True,False,True,False,True,False,True
NWSA,News Corporation,Communication Services,,4,28.64,9027999744.0,15544000000.0,1.623,2915000064.0,12,,27.805826,1.8254827,4,6,industrial,,5,1.0299999719483248,15.689001051612268,19.068103982011483,-0.5019846769777676,3,5,17019747328.0,1142000000.0,0.06709852843239578,,0.054703171131410794,0.6128550553064275,False,yahoo,0,,114095029.60000001,2026-11-05,,True,True,True,True,False,False,False,True,True,True,False,True,True,False,True,False,False,True,,True
NXST,"Nexstar Media Group, Inc.",Communication Services,,4,158.61,4949000000.0,17715000000.0,1.5615264797507789,11744000000.0,14,,30.096775,2.1572547,4,6,industrial,,5,3.0,73.52374544306967,93.37081109884008,-0.6987107441114473,2,5,16412504448.0,849000000.0,0.0517288511750233,0.25023049972340033,0.07183048818131353,8.731818181818182,True,sec,12,-0.045611064069997174,55545380.61000001,2026-11-05,,True,True,False,True,False,True,False,True,True,False,False,True,True,False,True,False,True,True,False,False
NXT,Nextpower Inc.,Technology,,4,79.48,3559390000.0,4262207000.0,2.6885193214969965,38400000.0,0,,20.53747,4.7138367,4,6,industrial,,3,3.84,16.860999872990934,38.31672480181468,-1.0742900237714428,3,5,10883963904.0,697266000.0,0.06406360827269425,0.272181759356127,3.234741563862136e-05,-1.4107976223671883,True,sec,13,0.005389695995525323,196720789.04000002,2026-10-28,,True,True,True,False,False,True,True,True,False,True,False,True,True,False,False,,True,False,False,False
OGN,Organon & Co.,Healthcare,,4,13.71,6216000000.0,13178000000.0,1.9537461773700306,8553000000.0,6,,17.576923,3.5787,4,6,industrial,,5,0.72,3.8307902623291663,8.199637294749419,-0.6720251771110785,2,5,11021375552.0,929000000.0,0.08429074897383552,0.25140385490969797,0.024441894665992888,5.101662363171355,True,sec,13,-0.038928517225679166,37186263.660000004,2026-11-09,,True,True,False,True,False,True,False,True,True,False,False,True,True,False,True,True,True,False,False,False
OII,"Oceaneering International, Inc.",Energy,,4,44.36,2643062000.0,2688838000.0,2.175980953744809,490245000.0,0,,12.820809,3.7924256,4,6,industrial,,7,3.49,10.503591638702346,30.176338770732333,-0.4700259145759667,3,5,4268907232.0,304552000.0,0.07134191104389874,0.2114080506151728,0.009120898428689397,-0.3594530084290585,True,sec,15,0.012979584489656871,43821159.08,2026-10-21,,True,True,True,False,False,True,True,True,False,True,False,True,True,True,False,True,True,True,True,False
OLED,Universal Display Corporation,Technology,,4,77.39,650611000.0,1887731000.0,8.498096011550262,21690000.0,10,,18.693237,2.1246397,4,6,industrial,,6,5.08,36.42501154203689,58.24936610165176,-0.3285981492905118,4,5,3107753472.0,248578000.0,0.07998639603804455,0.26300622281458536,0.03270980737968292,-0.45299334467146596,True,sec,15,0.016511886492302133,58306709.46,2026-11-05,,False,True,True,True,False,True,True,True,True,True,False,True,True,True,False,True,True,True,False,False
OLLI,Ollie's Bargain Outlet Holdings,Consumer Defensive,,4,87.91,2649198000.0,3027596000.0,2.227790681853522,2229000.0,0,,19.666668,2.7615998,4,6,industrial,,8,3.89,27.89778948607759,56.582714000332714,-0.5536547080347378,3,5,5103529664.0,297665000.0,0.05832531984671541,0.35438810197926013,0.014141338840123785,-0.33592450370538307,True,sec,14,-0.018477696495833657,163423810.9,2026-09-02,,True,True,True,False,False,True,True,True,False,True,False,True,True,True,True,True,False,True,True,True
ON,ON Semiconductor Corporation,Technology,,4,80.08,5995400000.0,13485100000.0,3.464389362005804,4459400000.0,0,,53.033115,4.318611,4,6,industrial,,4,0.29,18.543197809718688,25.099768257942596,-2.190467703806763,2,5,31771536416.0,84200000.0,0.002650170860405645,0.1471179301599543,0.04347807062677072,0.772396780057128,True,sec,15,-0.12152672208585773,793196564.16,2026-11-02,,True,True,True,True,False,False,True,True,False,False,False,True,True,False,True,False,False,True,False,False
OTIS,Otis Worldwide Corporation,Industrials,,4,64.48,14431000000.0,11156000000.0,0.8314893617021276,8436000000.0,7,,16.575836,-4.2704816,4,6,industrial,,6,3.5,-13.066606046828825,,,4,5,32168560576.0,2133000000.0,0.06630697680614803,0.41021308551581714,0.05931826227768611,3.3028596187175046,True,sec,12,-0.0190032269630692,252555457.44000003,2026-10-28,,True,True,False,True,False,True,False,True,True,True,True,True,True,False,True,False,False,True,True,True
OXY,Occidental Petroleum Corporatio,Energy,,4,57.84,21569000000.0,80358000000.0,1.410542321338064,13743000000.0,45,,17.061947,1.7281662,4,6,industrial,,4,1.61,41.75817037699821,50.52571821434472,-0.14476353912726153,2,5,67412025408.0,4131000000.0,0.06127986772386401,0.2295726623360462,0.010861476746944756,0.9227292773238113,True,sec,12,-0.10158291644889121,499436080.08000004,2026-11-09,,True,True,True,False,False,True,False,True,True,False,False,True,True,False,True,True,False,False,False,False
P,"Everpure, Inc.",Technology,,4,134.13,3662843000.0,5220409000.0,1.510567227617655,0.0,0,,183.73973,29.013628,4,6,industrial,,6,0.55,4.622999922657035,8.71394124882153,-14.392575663525351,3,5,44310079184.0,114816000.0,0.0025911937445026977,0.4938220357830201,0.006412373689568435,-1.5328675441943278,True,sec,13,-0.13253827429996384,589773768.03,2026-08-26,,True,True,True,False,False,True,True,True,False,True,False,True,True,True,True,False,False,True,True,False
PATH,"UiPath, Inc.",Technology,,4,13.32,1610572000.0,2907367000.0,2.386634756174606,79760000.0,0,,19.880596,3.5614972,4,6,industrial,,8,0.52,3.7400001325285337,7.508695284545224,-0.7739433410509942,2,5,5737560064.0,56760000.0,0.00989270689402233,0.46075641637261483,0.04740866406776896,-4.286696427163108,True,sec,14,-0.03056992804829937,917560454.4,2026-12-02,,True,False,True,True,False,True,True,False,False,True,False,True,True,True,True,True,False,True,True,True
PATK,"Patrick Industries, Inc.",Consumer Cyclical,,4,66.56,3950773000.0,3211286000.0,2.667847786834772,1418746000.0,8,,15.847619,1.8904257,4,6,industrial,,8,3.9,35.208787622505355,57.682324731372745,-0.15390633629921632,2,5,3527377616.0,275989000.0,0.07824197748155128,0.28426617872092363,0.04080987096545897,3.114260165261844,True,sec,14,-0.060523416475517906,38266342.4,2026-10-29,,True,True,False,True,False,True,False,True,True,False,False,True,True,False,True,True,True,True,True,True
PCAR,PACCAR Inc.,Industrials,,4,109.94,28444800000.0,43980100000.0,5.519,14816300032.0,40,,23.145264,2.8476703,4,6,industrial,,4,4.51,38.60429331306991,64.23490252152982,-0.7115305804838896,3,5,64017461248.0,2961700000.0,0.04626394021666281,0.12978824513814202,0.039800536598493155,2.600684588309198,True,sec,9,-0.04638461485990255,365062146.52,2026-10-27,,True,True,True,True,False,False,True,True,True,False,False,True,True,False,True,False,True,False,False,False
PEGA,Pegasystems Inc.,Technology,,4,34.43,1745812000.0,1384043000.0,1.0590162111058588,72016000.0,21,,19.5625,10.096774,4,6,industrial,,9,2.13,3.40953284902469,11.620499240073533,-1.9628675402574296,2,5,5370571264.0,263100000.0,0.04898920190550515,0.9569283613298142,0.09100158127019906,-0.6696725592981458,True,sec,15,-0.08077061189572868,90135743.06,2026-10-20,,True,False,True,True,False,True,False,False,True,True,False,True,True,True,True,True,True,True,True,True
PFG,Principal Financial Group Inc,Financial Services,,4,112.24,15625500000.0,352752300000.0,1.586,4340600000.0,25,,15.988604,1.9839501,4,6,financial,,5,5.25,56.57406968506421,94.52969826631059,-0.1873517218239252,3,5,23112205024.0,,,,0.06420844977619619,0.05572866475328037,False,sec,9,-0.009301711144052073,154843946.95999998,2026-10-26,,True,True,True,True,False,False,True,True,True,False,False,True,True,False,True,True,,True,,False
PFGC,Performance Food Group Company,Consumer Defensive,,4,91.84,67839500000.0,18849100000.0,1.5137728497489678,5006800000.0,0,,40.2807,2.9261453,4,6,industrial,,7,2.29,31.385650224215247,40.126075480777935,-1.2887860051002296,1,5,19432334464.0,887500000.0,0.04567130118330182,0.42923004281371524,0.00010398228251045826,2.942753026919008,True,sec,13,-0.055939010350626824,148615763.52,2026-11-04,,True,True,True,False,False,True,False,True,False,False,False,True,True,True,True,True,False,False,True,True
PGNY,"Progyny, Inc.",Healthcare,,4,24.85,1288661000.0,715836000.0,2.1368271105113212,26970000.0,0,,27.01087,4.209011,4,6,industrial,,5,0.65,5.856768487539418,11.054989524652713,-1.2478537808275898,3,5,1696705920.0,85277000.0,0.05026033032288825,0.4253544107868283,0.042227223579764724,-0.6790367279329786,True,sec,15,-0.21188093362166754,28423927.0,2026-11-05,,False,True,True,True,False,True,True,True,False,True,False,True,True,False,True,False,False,True,True,False
PHIN,PHINIA Inc.,Consumer Cyclical,,4,60.03,3483000000.0,3842000000.0,1.805500982318271,1019000000.0,4,,17.200573,1.4272467,4,6,industrial,,7,3.24,40.64337111364578,57.469659139537235,-0.04455117532968515,2,5,2848384320.0,254000000.0,0.08917335986458456,0.19833420093701198,0.030008397986578353,1.5790754257907542,True,sec,14,-0.04737116085372202,21628508.85,2026-10-29,,True,True,True,True,False,False,False,True,True,False,False,True,True,True,True,True,False,True,False,True
PINS,"Pinterest, Inc.",Communication Services,,4,19.46,4221767000.0,4759378000.0,3.8099460324592376,1196635008.0,0,,57.23529,3.8030093,4,6,industrial,,6,0.61,5.117000371258625,6.256600966684669,-2.1103150262612522,2,5,10942185472.0,319883000.0,0.02923392231090853,0.710228521458056,0.0841175207328288,0.7180183221925979,True,sec,13,-0.18225259687295273,237970774.44,2026-11-09,,True,False,True,True,False,True,True,False,False,True,False,True,True,False,True,False,False,True,True,True
PJT,PJT Partners Inc.,Financial Services,,4,140.3,1696656000.0,1755811000.0,1.706,419350016.0,11,,19.378454,11.503772,4,6,financial,,7,7.239999640838222,12.195999712094434,44.57272994267461,-2.147664506536645,4,5,4441664000.0,362859000.0,0.08169438300600856,0.3014881323748813,0.036768863813759926,,True,mixed,7,-0.19716415946818877,61272096.6,2026-11-03,,True,True,False,True,False,True,True,True,True,True,False,True,True,True,True,False,True,False,True,True
PKG,Packaging Corporation of Americ,Consumer Cyclical,,4,229.71,8989300000.0,11015500000.0,2.941489818712948,3968900000.0,24,,29.83247,4.3636265,4,6,industrial,,4,8.58,52.32210998877665,95.4998675648224,-1.4053436497603506,2,5,23841869920.0,1107000000.0,0.04643092189138158,0.17154010258272434,0.02944284820494039,1.9178883964086828,True,sec,15,-0.07111797013299442,142331531.94,2026-10-21,,True,True,True,True,False,False,False,True,True,False,False,True,True,False,True,False,False,True,False,False
PLAB,"Photronics, Inc.",Technology,,4,30.83,849294000.0,1990743000.0,4.941409041833306,3893000.0,0,,10.971531,1.4005997,4,6,industrial,,5,2.28,22.006942177162987,37.30561054090098,0.17358275195097736,3,5,1149964688.0,208161000.0,0.18101512348351342,0.15061210814253773,0.053561453216712344,-2.3436351469243464,True,sec,15,-0.055955489985397414,35403507.18,2026-08-26,,False,True,True,True,True,False,True,True,False,True,False,True,True,False,True,False,True,True,False,False
PLUS,ePlus inc.,Technology,,4,92.89,2442549000.0,1867057000.0,2.130988469254896,122529000.0,2,,19.933477,2.2451298,4,6,industrial,,5,5.03,40.99717006386477,65.8639791705734,-0.4103308237638524,4,5,2075062016.0,166145000.0,0.08006748652277389,0.329974392854637,0.01926315238943402,-1.5299282500593203,True,sec,14,0.13329373447088116,21503106.1,2026-11-09,,True,True,True,False,False,True,True,True,True,True,False,True,False,True,False,,True,True,False,True
PODD,Insulet Corporation,Healthcare,,4,130.79,2708100000.0,3165100000.0,2.484681537221177,948400000.0,0,,24.584585,6.377822,4,6,industrial,,6,3.48,20.08787364193573,49.54480927485032,-1.6398325458160745,3,5,9484335712.0,473800000.0,0.0499560553724946,0.6129032258064516,0.006570508152975795,0.7328961361219426,True,sec,14,-0.10179773150927302,210000478.48999998,2026-11-04,,True,True,True,False,False,True,True,True,False,True,False,True,True,False,True,True,False,False,True,True
POWI,"Power Integrations, Inc.",Technology,,4,51.5,443504000.0,779006000.0,7.069439443044052,0.0,19,,117.045456,4.2213116,4,6,industrial,,6,0.39,12.199559005431762,10.98999521993872,-3.6860802911511334,3,5,2614861824.0,10194000.0,0.0038984851537608436,0.3102017186003702,0.05048454262475116,-0.9894912342747436,True,sec,15,-0.1147937243102107,39032210.5,2026-11-05,,False,True,True,True,False,True,True,True,True,False,False,True,True,False,True,,False,True,True,True
PPLI,People Incorporated,Communication Services,,4,40.95,2393189000.0,7519944000.0,3.691001988563382,1414718000.0,0,,6.928934,0.5998945,4,6,industrial,,6,-1.3,68.26200273548099,95.27402493361149,0.5701871519699662,2,5,3351007920.0,-97416000.0,-0.02907065644894089,0.21056327015201176,0.10331591345459613,2.6753328781314747,True,sec,13,-0.022348703660559174,44234435.7,2026-11-02,,True,False,True,True,False,True,False,False,False,True,True,False,True,True,True,False,False,True,True,True
PR,Permian Resources Corporation,Energy,,4,21.93,5065211000.0,18501288000.0,0.6242106661684839,3279176000.0,5,,14.148388,1.5298221,4,6,industrial,,4,1.28,15.969583413108683,22.359183741006543,0.01919496462741724,3,5,21515081264.0,1462729000.0,0.06798621776286311,0.11609315111473,0.02437516798250289,0.7043698793182303,True,sec,11,-0.1949292429802725,207383895.9,2026-11-04,,True,True,True,True,False,False,False,True,True,True,False,True,True,False,True,True,False,False,False,False
PRG,"PROG Holdings, Inc.",Industrials,,4,31.15,2409223000.0,2048066000.0,4.518,887064000.0,3,,9.983974,1.5406301,4,6,industrial,,6,3.59,9.811808073753257,37.67457831751736,0.17318251746652358,4,5,2042618328.0,206773000.0,0.10122938640350827,,0.05846599918852011,3.4742011654860163,False,sec,10,-0.09187887499719247,17343011.7,2026-10-28,,True,True,False,True,True,False,True,True,True,True,False,True,True,False,True,True,True,True,,False
PRKS,United Parks & Resorts Inc.,Consumer Cyclical,,4,31.18,1662559000.0,2641480000.0,0.4780498903573292,2277571000.0,0,,12.422311,-2.2906258,4,6,industrial,,6,3.06,-6.331823591998646,,,2,5,3672236952.0,365436000.0,0.09951318631576146,0.5867107191372157,0.11346695892632039,4.1830953307032654,True,sec,12,-0.08013878583218499,20346321.919999998,2026-11-05,,True,True,False,True,False,True,False,True,False,False,True,True,True,False,True,True,True,True,False,False
PSMT,"PriceSmart, Inc.",Consumer Defensive,,4,167.64,5270094000.0,2519203000.0,1.2769557294355196,183145000.0,20,,32.30058,3.6238651,4,6,industrial,,5,4.82,45.11938941801507,73.49837540102874,-1.2808667414117234,3,5,5034412432.0,232510000.0,0.04618413829628013,0.36296082530863927,0.008783872644828085,-0.43360952502720856,True,sec,14,-0.04502217566428748,41988623.16,2026-10-26,,True,True,True,False,False,True,False,True,True,True,False,True,True,False,True,False,True,False,True,False
PSX,Phillips 66,Energy,,4,264.23,132376000000.0,81810000000.0,1.3196578402528059,20565000000.0,15,,15.090235,3.3464627,4,6,industrial,,7,10.79,47.65147383531168,176.37311609759305,-0.49813081407368714,2,5,122405058688.0,6506000000.0,0.053151398069120954,0.19903434787923235,0.028525833978759997,1.959596958766487,True,sec,12,-0.006832905512773499,764147082.71,2026-10-28,,True,True,True,True,False,False,False,True,True,False,False,True,True,True,True,False,True,True,True,False
PTC,PTC Inc.,Technology,,4,146.47,2739226000.0,6513577000.0,1.025227391789458,1398241000.0,0,,14.206595,4.673729,4,6,industrial,,9,6.08,31.338845886358914,85.26350415859271,-0.717851048293316,2,5,16939699128.0,982385000.0,0.05799306071358695,0.35222474532810466,0.017236362838587767,0.9648793563212458,True,sec,14,-0.020526202423031156,221231510.34,2026-11-11,,True,True,True,False,False,True,False,True,False,True,False,True,True,True,True,True,True,True,True,True
PTCT,"PTC Therapeutics, Inc.",Healthcare,,4,64.13,1730655000.0,3250477000.0,3.39445937323297,590970000.0,0,,,-32.307304,4,6,industrial,,7,7.78,-1.9845000111968125,,,3,5,3714228992.0,866935000.0,0.23340914140384805,0.5808131526266168,0.0,-1.8085696936240685,True,sec,13,-0.008674419169863378,82469640.88,2026-11-05,,True,False,True,False,True,True,True,False,False,True,True,True,True,True,True,True,False,False,True,True
PZZA,"Papa John's International, Inc.",Consumer Cyclical,,4,19.6,2053808000.0,805031000.0,0.8285945609593981,727488000.0,14,,24.5,-1.4241081,4,6,industrial,,5,0.9,-13.77063829787234,,,3,5,1344263088.0,89147000.0,0.06631663161459954,0.5082626076407628,0.09475330548179293,3.8535216547587545,True,sec,12,-0.11859046421814812,27052625.6,2026-11-05,,True,True,False,True,False,True,False,True,True,False,True,True,True,False,True,False,False,False,True,True
QLYS,"Qualys, Inc.",Technology,,4,187.43,669125000.0,1074173000.0,1.3839984967552732,53399000.0,0,,32.53993,11.551926,4,6,industrial,,7,5.44,16.22530374303772,45.85586160124787,-3.087372768826124,2,5,6111245824.0,221952000.0,0.03631861757685367,0.5160779501998282,0.02724709601852825,-0.7730814241169957,True,sec,14,-0.1034284049217398,139056003.87,2026-11-03,,False,True,True,True,False,True,False,True,False,True,False,True,True,True,True,False,True,True,True,False
QRVO,"Qorvo, Inc.",Technology,,4,112.21,3678517000.0,5939456000.0,3.5433591154115174,1549138000.0,0,,26.095348,2.8511536,4,6,industrial,,8,3.62,39.356197147974335,61.70650764269896,-0.8184467779271016,2,5,10119543992.0,411424000.0,0.04065637743412658,0.284218285310978,0.053796668895133744,0.3912755303307615,True,sec,14,-0.07906969931252963,142338497.20999998,2026-11-09,,True,False,True,True,False,True,True,False,False,True,False,True,True,True,True,False,True,True,True,True
R,"Ryder System, Inc.",Industrials,,4,230.92,12665000000.0,16089000000.0,0.645611364789447,7457000000.0,47,,18.773983,3.0757344,4,6,industrial,,8,11.94,75.07783947309595,144.1451992368917,-0.6019957738620243,2,5,16093058432.0,1089000000.0,0.06766892723353284,0.1573198266918899,0.0763405465013198,2.966223500597088,True,sec,11,-0.13021318913543414,68273807.2,2026-10-22,,True,True,True,True,False,False,False,True,True,False,False,True,True,True,True,False,True,True,True,True
REYN,Reynolds Consumer Products Inc.,Consumer Cyclical,,4,21.94,3721000000.0,5079000000.0,1.7954545454545454,1530000000.0,7,,13.460123,2.00219,4,6,industrial,,4,1.43,10.958254269449716,20.047061562557975,-0.09442473309791595,3,5,6088754176.0,495000000.0,0.08129741909291363,0.1799566843866903,0.041515720121163904,2.1753623188405795,True,sec,13,-0.03465249064776531,29914202.700000003,2026-11-04,,True,True,True,True,False,False,False,True,True,True,False,True,True,False,True,True,False,False,False,False
RF,Regions Financial Corporation,Financial Services,,4,26.96,7238000128.0,161299000000.0,,7628000000.0,41,,10.959349,1.3158921,4,6,financial,,7,2.3,21.079545888489736,33.67507940742688,0.19940797544031622,2,5,20670018944.0,53000000.0,0.0025641002141115407,,0.08616328664762704,-16.773722627737225,False,sec,9,-0.00015499166144861406,237500156.88,2026-10-16,,True,True,True,True,False,False,False,True,True,False,False,True,True,True,True,True,,True,,True
RLI,RLI Corp.,Financial Services,,4,56.18,1882448000.0,6413005000.0,1.06,346968000.0,40,,11.802521,2.9425938,4,6,financial,,4,4.37,19.0919114297188,45.21894703839702,-0.24239956211929395,2,5,5470672184.0,511339000.0,0.09346913556537095,,0.04685242971352736,0.4678541008424159,False,sec,9,-0.032883804082485514,41776908.68,2026-10-19,,True,True,True,True,False,False,False,True,True,False,False,True,True,True,True,,,False,,False
RMD,ResMed Inc.,Healthcare,,4,221.15,5146327000.0,8965950000.0,3.0999268874855748,659365000.0,15,,21.182951,4.843832,4,6,industrial,,7,9.51,45.655941151180556,103.55961708967415,-1.135484914051992,4,5,31091527992.0,1685363000.0,0.05420650282718984,0.34073020706115914,0.01681637955022882,-0.4299041954819846,True,sec,14,-0.03910215872272319,312593313.5,2026-10-29,,True,True,True,False,False,True,True,True,True,True,False,True,True,False,True,True,False,True,True,True
RNG,"Ringcentral, Inc.",Technology,,4,78.31,2515142000.0,1381365000.0,1.1064643717847533,1120646000.0,1,,59.778625,-10.746534,4,6,industrial,,8,0.48,-7.287,,,3,5,7548512424.0,120551000.0,0.01597016646839131,1.2972016809460207,0.05114347892007972,2.9407933464275513,True,sec,13,-0.4155570757909749,146500546.87,2026-11-05,,True,False,True,True,False,True,False,False,True,True,True,True,True,True,True,True,False,True,True,True
RRC,Range Resources Corporation,Energy,,4,37.6,2988164000.0,7561943000.0,0.6487402281809879,1198334000.0,5,,10.386741,1.8658197,4,6,industrial,,8,2.74,17.46637993322079,40.51395260546245,0.07192466836893034,2,5,9984437080.0,936587000.0,0.09380468748469493,0.3706203551124361,0.009751489437579978,0.6257610650706548,True,sec,12,-0.06787937967794785,102869238.4,2026-10-27,,True,True,True,False,False,True,False,True,True,False,False,True,True,True,True,False,True,True,True,True
RRR,"Red Rock Resorts, Inc.",Consumer Cyclical,,4,48.93,2011483000.0,4365189000.0,0.6767038166359022,3579856000.0,11,,17.289753,16.563982,4,6,industrial,,8,3.12,2.953999829268107,13.71480715587734,-2.567676850565963,2,5,8433664712.0,597427000.0,0.07083836272859409,0.3012126257447374,0.04004480959567341,4.332242536787648,True,sec,11,-0.058151663078047706,42116350.71,2026-10-27,,True,True,False,True,False,True,False,True,True,False,False,True,True,True,True,True,False,True,True,True
RSG,"Republic Services, Inc.",Industrials,,4,206.98,16591000000.0,35159000000.0,0.6439698492462311,14069000000.0,24,,29.358864,5.2639875,4,6,industrial,,6,6.85,38.318471337579616,78.9755380590738,-1.6208115207164364,3,5,77341963904.0,3302000000.0,0.042693511172002006,0.19798629085013794,0.02537079387478977,2.7290852228303364,True,sec,13,-0.061342785630990646,302034944.06,2026-10-29,,True,True,True,True,False,False,False,True,True,True,False,True,True,False,True,False,True,True,True,False
RVTY,"Revvity, Inc.",Healthcare,,4,149.06,2856051000.0,12045834000.0,1.8002181207922234,3205250000.0,44,,71.66346,2.3009124,4,6,industrial,,6,2.07,64.7831051046745,55.062185773741675,-1.707121010642561,2,5,18815375544.0,356635000.0,0.018954444952002387,0.12855951364561896,0.05132035605708618,2.8640139112175595,True,sec,12,-0.02836931008679017,256450127.94,2026-10-26,,True,True,True,True,False,False,False,True,True,False,False,True,True,False,True,True,False,True,False,True
SAFT,"Safety Insurance Group, Inc.",Financial Services,,4,103.81,1263732000.0,2503284000.0,0.385,50000000.0,24,,22.276825,1.7387153,4,6,financial,,7,6.7,48.4256715596083,79.12059883721426,-0.3120477034505598,3,5,1506062800.0,128213000.0,0.08513124419512919,,0.04846845839527637,-0.14787059229875554,False,sec,9,-0.038047221170270734,21538914.04,2026-11-02,,True,True,True,True,False,False,False,True,True,True,False,True,True,True,True,True,,True,,True
SCHL,Scholastic Corporation,Communication Services,,4,35.85,1581900000.0,1725300000.0,1.2527020072053525,175000000.0,19,,25.607141,0.8952204,4,6,industrial,,8,2.34,37.30113636363637,35.51688650998928,-0.009379017215290953,2,5,728178560.0,15200000.0,0.020874001014256724,0.517069495160262,0.4331958904846848,1.087719298245614,True,sec,13,0.0033800428910914044,13806516.15,2026-12-17,,True,False,True,True,False,True,False,False,True,False,True,True,True,True,False,True,True,True,True,True
SCL,Stepan Company,Basic Materials,,4,61.53,2332114000.0,2392666000.0,1.1508456926698765,647354000.0,40,,,1.1540192,4,6,industrial,,5,2.05,44.12650778959853,,,3,5,1931199848.0,78549000.0,0.04067367760066228,0.11279802529897612,0.02506456208740392,2.608382618896329,True,sec,14,-0.042206893899942574,8681883.0,2026-10-28,,True,True,True,True,False,False,False,True,True,False,True,True,True,False,True,False,True,False,False,True
SLB,SLB Limited,Energy,,4,48.66,35708000000.0,55532000000.0,1.4392151286790844,11140000000.0,45,,23.736586,2.7698085,4,6,industrial,,4,2.35,17.570080862533693,28.46619134152039,-0.7093962243212073,2,5,82030411008.0,6523000000.0,0.07951928949086755,0.1185937158270759,0.055609088374363805,1.070477852934759,True,sec,12,-0.05609378376431607,615665978.64,2026-10-23,,True,True,True,True,False,False,False,True,True,False,False,True,True,False,True,True,False,False,False,False
SN,"SharkNinja, Inc.",Consumer Cyclical,,4,179.78,6399188000.0,5592156000.0,2.0798020838457463,716467000.0,0,,36.689796,8.909704,4,6,industrial,,6,4.94,20.177573541491224,47.165924188661535,-2.8116501074141627,3,5,25379170424.0,920281000.0,0.036261271925962145,0.5608731229958535,0.0,-0.059783265025775724,True,sec,14,0.012028992038133414,325618794.46,2026-11-05,,True,True,True,False,False,True,True,True,False,True,False,True,True,True,False,True,True,False,True,False
SNX,TD SYNNEX Corporation,Technology,,4,271.76,62508086000.0,41844483000.0,1.1914947048871114,5521737000.0,13,,16.662172,2.4089637,4,6,industrial,,7,9.95,93.94621864016483,203.4678792191832,-0.3356407952099897,3,5,26257509432.0,1414919000.0,0.05388626075387179,0.10440998876721694,0.03455840948328905,2.609116972038195,True,sec,14,-0.016825252686238232,222799446.64,2026-09-24,,True,True,True,True,False,False,False,True,True,True,False,True,True,True,True,True,False,True,True,False
SPGI,S&P Global Inc.,Financial Services,,4,388.16,15336000000.0,62906000000.0,0.9544109589041095,15170000000.0,42,,23.596352,3.6325862,4,6,financial,,7,14.66,106.85549525101764,198.87108391133333,-0.951817189134752,3,5,125409566976.0,6478000000.0,0.05165475135752374,0.1712555241153467,0.05392836976560683,1.4339819772756954,True,sec,14,-0.01875814707659047,760876666.24,2026-10-27,,True,True,True,True,False,False,False,True,True,True,False,True,True,True,True,False,False,True,True,True
SPNT,SiriusPoint Ltd.,Financial Services,,4,24.41,3205100000.0,12651700000.0,0.655,675500000.0,0,,6.0123153,1.2448366,4,6,financial,,4,3.64,19.60867684165638,42.32354044824039,0.42325240890817645,1,5,2896288096.0,621000000.0,0.21441237177256278,,0.17308578798604182,-0.06798301996858874,False,sec,8,0.028264976248251222,19406560.25,2026-10-29,,True,False,True,True,True,False,False,False,False,True,False,True,True,True,False,False,,False,,True
SPSC,"SPS Commerce, Inc.",Technology,,4,84.2,751505000.0,1125429000.0,2.2589326004020185,6306000.0,0,,39.71698,3.247329,4,6,industrial,,8,2.46,25.928836535732692,35.16835834469544,-1.394197624317035,3,5,2864353536.0,118303000.0,0.04130181505639393,0.4619358484631194,0.03770006924009951,-0.791747896212265,True,sec,14,-0.0759274907613008,45846310.6,2026-10-29,,False,True,True,True,False,True,True,True,False,True,False,True,True,True,True,True,False,True,True,True
SPXC,"SPX Technologies, Inc.",Industrials,,4,169.71,2265100000.0,3939300000.0,1.8248634332064229,614700000.0,0,,29.773685,3.6190903,4,6,industrial,,6,5.03,46.89264820360163,77.55015821762169,-1.1883901193825919,2,5,8948371424.0,350400000.0,0.039157963320589136,0.23296017058868326,-0.06483474932268993,0.9477801268498943,True,sec,13,-0.02266900210697332,89402040.03,2026-10-28,,True,True,True,False,False,True,False,True,False,True,False,True,True,False,True,True,True,False,True,False
STLD,"Steel Dynamics, Inc.",Basic Materials,,4,226.17,18176581000.0,17113399000.0,3.183236086470284,4182142000.0,23,,20.542234,3.4481864,4,6,industrial,,5,7.99,65.59103262809072,127.46972643466236,-0.7743036431158327,3,5,36030950096.0,1475986000.0,0.0409643930028883,0.13978421235898258,0.03677279805361598,1.7828138441019328,True,sec,15,-0.015422944325671364,257338261.52999997,2026-10-19,,True,True,True,True,False,False,True,True,True,False,False,True,True,False,True,False,True,True,False,False
SWK,"Stanley Black & Decker, Inc.",Industrials,,4,89.59,15130400000.0,20093500000.0,1.4322774378541916,4757900000.0,42,,21.904644,1.5101558,4,6,industrial,,7,2.65,50.64251747194552,73.8876439580981,-0.21251666991583545,1,5,17695080544.0,934200000.0,0.05279433442967661,0.22834747555179535,0.03782822374541163,2.7534337553211836,True,sec,12,-0.028332545350486477,155328095.94,2026-11-04,,True,False,True,True,False,True,False,False,True,False,False,True,True,True,True,True,False,False,True,True
SXT,Sensient Technologies Corporati,Basic Materials,,4,128.42,1612111000.0,2371103000.0,4.390077182415316,763896000.0,40,,34.614555,4.316929,4,6,industrial,,4,3.16,23.35151408193447,49.83185971957637,-1.5770661725785518,3,5,6198793416.0,207128000.0,0.033414244692422254,0.2274468886421214,0.012736016195971044,2.732311558163638,True,sec,13,0.0028100845893240405,54633849.019999996,2026-10-30,,True,True,True,False,False,True,True,True,True,False,False,True,True,False,False,False,True,False,True,False
SYK,Stryker Corporation,Healthcare,,4,272.96,25116000000.0,47930000000.0,2.157091561938959,14942000000.0,36,,28.315351,4.364706,4,6,industrial,,4,8.4,62.5380037051751,116.46670690221946,-1.3436740615424603,3,5,116166100608.0,4889000000.0,0.04208628829246688,0.3351762987690382,0.012263598530887097,1.77519739897817,True,sec,14,-0.03751303984978093,714631662.7199999,2026-10-29,,True,True,True,False,False,True,False,True,True,True,False,True,True,False,True,False,False,False,True,False
TECH,Bio-Techne Corp,Healthcare,,4,72.4,1219635000.0,2586726000.0,4.547348808796579,200000000.0,19,,62.413795,5.360581,4,6,industrial,,7,0.46,13.506002587025257,18.775157929416004,-2.856159307537286,3,5,11288928960.0,102255000.0,0.009057989501246715,0.3055105179288413,0.028724001503038547,-0.3050179583140867,True,sec,14,-0.08279036898380424,241595107.60000002,2026-11-09,,False,True,True,True,False,True,True,True,True,False,False,True,True,True,True,True,True,False,True,False
TER,"Teradyne, Inc.",Technology,,4,415.79,3190024000.0,4925617000.0,2.124820837778712,0.0,13,,56.957535,20.70358,4,6,industrial,,6,3.47,21.97983092250828,57.4337246663996,-6.239474758342624,3,5,64655382832.0,650051000.0,0.01005408941261839,0.3770786482180811,0.011974601153837769,-0.449259156435725,True,sec,14,-0.024437141580435508,1258613377.39,2026-10-21,,True,True,True,False,False,True,True,True,True,False,False,True,True,False,True,True,False,True,False,True
THO,"Thor Industries, Inc.",Consumer Cyclical,,4,69.05,9579490000.0,6956155000.0,1.7675814009898692,928798000.0,40,,20.428995,0.83633107,4,6,industrial,,4,4.84,62.984254889586175,79.23960925068887,0.1285923712527683,4,5,4010781840.0,,,0.19272730409256264,0.04455057647144597,0.6977946288226613,False,sec,13,-0.04591099537028718,46883499.949999996,2026-12-02,,True,True,True,True,False,False,True,True,True,False,True,,True,,,True,True,True,,
TKR,Timken Company (The),Industrials,,4,118.99,4581800000.0,6825600000.0,3.0953936622018947,2076200000.0,42,,31.646276,2.5849407,4,6,industrial,,5,4.11,39.92827534348691,62.40438759169145,-0.9067569539908821,3,5,9922730976.0,540600000.0,0.054480969131133684,0.20412857477730895,0.018882727162200862,2.176073699234462,True,sec,13,-0.038956282231598686,109264471.33999999,2026-10-28,,True,True,True,False,False,True,True,True,True,False,False,True,True,False,True,True,False,True,False,False
TNC,Tennant Company,Industrials,,4,66.7,1203500000.0,1270800000.0,2.044636908727515,358900000.0,40,,64.13461,2.139329,4,6,industrial,,5,2.36,31.285736431571426,27.01046586128614,-1.4694131653464195,2,5,1419188480.0,68300000.0,0.048126095273828606,0.3810985206169342,0.0992799364270732,2.4889673433362756,True,sec,14,-0.01668240478438779,13173850.3,2026-11-02,,False,True,True,True,False,True,False,True,True,False,False,True,True,False,True,False,True,True,False,False
TNL,Travel   Leisure Co.,Consumer Cyclical,,4,62.96,4021000000.0,6896000000.0,3.202,5710000000.0,20,,17.016216,-3.7863843,4,6,industrial,,6,3.44,-4.496351550480347,,,3,5,9268319872.0,553000000.0,0.05966561444114992,0.5435034802784223,0.1078189506834129,7.991137370753323,True,sec,12,-0.059430029872389795,46271759.44,2026-10-27,,True,True,False,True,False,True,False,True,True,False,True,True,True,False,True,True,False,True,False,True
TXT,Textron Inc.,Industrials,,4,77.17,14799000000.0,18134000000.0,1.861,4211000064.0,43,,14.343865,1.647418,4,6,industrial,,7,5.11,46.84273891018222,75.30169660741859,-0.024810907014774328,4,5,16047229952.0,1263000000.0,0.07870517240532156,0.1486568481438579,0.06329004297608501,1.3011905142857143,True,sec,9,-0.021561707290173156,130113250.2,2026-10-29,,True,True,True,True,False,False,True,True,True,True,False,True,True,True,True,False,True,True,False,True
UBER,"Uber Technologies, Inc.",Technology,,4,67.88,52017000000.0,65801000000.0,0.8425122722076525,12723000000.0,0,,14.885964,5.0694547,4,6,industrial,,6,4.73,13.390235461476847,37.064998528368704,-0.831377382843984,1,5,145980977408.0,5565000000.0,0.03812140525985428,0.3346008219798712,0.04704686700144119,1.166772756206238,True,sec,13,-0.0006990775216182125,1217345257.9199998,2026-11-03,,True,False,True,True,False,True,False,False,False,True,False,True,True,False,True,False,True,True,True,False
ULS,UL Solutions Inc.,Industrials,,4,66.5,3053000000.0,3119000000.0,1.4249422632794457,301000000.0,3,,26.494024,8.417722,4,6,industrial,,7,1.6,7.9342984769867835,21.12232167389273,-2.148328153821947,3,5,13293228224.0,522000000.0,0.03926811390009578,0.48412952869509457,0.007746032486926986,-0.18732394366197183,True,sec,13,-0.08816928502725233,59648904.0,2026-11-03,,True,True,True,False,False,True,False,True,True,True,False,True,True,False,True,True,True,False,True,True
UNP,Union Pacific Corporation,Industrials,,4,272.42,24510000000.0,71211000000.0,0.9859230220955096,30327000000.0,47,,22.0583,8.32885,4,6,industrial,,8,11.98,34.80554784572928,95.33485444695015,-1.857506853923927,3,5,190551055424.0,9846000000.0,0.05167119110461716,0.1609802289879193,0.036548882056839316,2.3323044431808952,True,sec,12,-0.03022005027313196,727737339.6,2026-10-22,,True,True,True,True,False,False,False,True,True,True,False,True,True,True,True,True,True,True,True,False
UPWK,Upwork Inc.,Communication Services,,4,8.34,787784000.0,1274404000.0,1.4241933790730577,360691000.0,0,,10.692308,1.8467672,4,6,industrial,,6,0.84,4.898059486503208,8.902572173409748,0.06319209352663738,1,5,788141080.0,129307000.0,0.16406580405629917,0.4810342717066174,0.13051720520481408,-1.6356464129740609,True,sec,15,-0.1042322528805622,27044368.2,2026-11-02,,False,False,True,True,True,True,False,False,False,True,False,True,True,False,True,True,False,True,True,False
URI,"United Rentals, Inc.",Industrials,,4,1034.11,3695000000.0,29888000000.0,0.802277683547371,13886000000.0,4,,24.900314,6.9887404,4,6,industrial,,5,38.61,142.9611116763169,371.84002082054167,-1.7810615912671879,3,5,78095580288.0,3973000000.0,0.05087355757327643,0.20556745182012848,0.03779970582279667,3.1126728632963045,True,sec,14,-0.090203426124197,481382341.43999994,2026-10-21,,True,True,False,True,False,True,False,True,True,True,False,True,True,False,True,True,False,True,False,False
USFD,US Foods Holding Corp.,Consumer Defensive,,4,93.93,39424000000.0,14336000000.0,1.1370493479928407,5237000000.0,0,,29.353125,4.748016,4,6,industrial,,7,2.94,19.78270920018493,37.74090608336381,-1.4888114713653986,2,5,25500944704.0,1199000000.0,0.04701786596211585,0.47879464285714285,0.04419303364655455,3.119205298013245,True,sec,14,-0.04833984375,222584042.4,2026-11-05,,True,True,False,True,False,True,False,True,False,True,False,True,True,True,True,False,False,True,True,True
VCTR,"Victory Capital Holdings, Inc. ",Financial Services,,4,111.74,1306131000.0,4175221000.0,2.066,967974000.0,8,,20.133333,2.8965445,4,6,financial,,5,4.08,38.58062734523481,69.40679416658429,-0.609928845464482,3,5,7770927296.0,478423000.0,0.06156575422424335,0.16741386819214427,0.05103069307000761,1.6286782979063044,True,sec,10,-0.013274267398061085,68983247.7,2026-11-05,,True,True,True,True,False,False,False,True,True,True,False,True,True,False,True,True,True,False,False,False
VEEV,Veeva Systems Inc.,Healthcare,,4,281.93,3195311000.0,9060223000.0,5.457760912119235,151695008.0,0,,46.142387,6.2891498,4,6,industrial,,6,5.44,45.919980355271015,78.50305394790867,-2.591325251971432,3,5,38555709440.0,916369000.0,0.023767400815851776,0.2663612142879927,0.0037231177112813153,-1.1805910179997814,True,sec,15,-0.055883723833287546,492477297.51,2026-11-25,,True,True,True,False,False,True,True,True,False,True,False,True,True,True,True,False,True,False,True,False
VLO,Valero Energy Corporation,Energy,,4,408.46,122687000000.0,64663000000.0,1.6364315441254935,11349000000.0,38,,17.02626,4.7041345,4,6,industrial,,6,7.57,37.1209218505887,216.4917227051866,-0.8867234039992898,3,5,121081842368.0,3181000000.0,0.026271486605994092,0.08400476315667384,0.03403713524995709,0.548193721407162,True,sec,13,-0.0537865549077525,1238670879.9399998,2026-10-22,,True,True,True,True,False,False,True,True,True,False,False,True,True,False,True,False,True,True,True,False
VLTO,Veralto Corp,Industrials,,4,94.6,5503000000.0,8558000000.0,1.7754010695187166,3379000000.0,4,,23.828714,7.459391,4,6,industrial,,5,3.76,12.682227682227682,33.65738782014487,-1.8106756384516358,3,5,24322849536.0,1277000000.0,0.05250207209932066,0.38548726337929423,0.004726215632194809,0.9298892988929889,True,sec,14,-0.016008413180649685,156978861.6,2026-10-21,,True,True,True,False,False,True,False,True,True,True,False,True,True,False,True,True,False,False,True,False
VMC,Vulcan Materials Company (Holdi,Basic Materials,,4,243.98,7941100000.0,16442000000.0,1.757492081539836,4364300000.0,40,,28.805193,3.7297256,4,6,industrial,,9,8.11,65.41499227202473,111.65332238641987,-1.185156650830434,3,5,35784719648.0,1619600000.0,0.04525954138893244,0.13225884928840773,0.022084719277784177,1.7609475951184494,True,sec,14,-0.04478165673275757,260045107.07999998,2026-10-29,,True,True,True,True,False,False,False,True,True,True,False,True,True,True,True,True,True,True,True,True
VRT,"Vertiv Holdings, LLC",Industrials,,4,246.12,10229900000.0,15900900000.0,1.3785586083114731,2939800000.0,7,,55.557564,19.914232,4,6,industrial,,5,3.41,12.359425530389084,35.09819533751806,-6.01232634992236,3,5,94882484096.0,1829700000.0,0.019283854311284158,0.23364715204799727,0.0007028780124657602,0.06042183042603938,True,sec,13,-0.049116716663836636,1307813504.76,2026-10-21,,True,True,True,False,False,True,False,True,True,True,False,True,True,True,True,True,False,False,False,False
VSXY,Victorias Secret & Co.,Consumer Cyclical,,4,88.51,6553000000.0,5155000000.0,1.3596673596673596,975000000.0,0,,19.756697,8.851,4,6,industrial,,5,1.93,12.375,31.74901527363218,-1.787802999153435,1,5,7512915264.0,271000000.0,0.03607121742721681,0.4624636275460718,0.0,0.8899803536345776,True,sec,14,-0.06556741028128031,155495341.61,2026-12-03,,True,True,True,False,False,True,False,True,False,False,False,True,True,False,True,True,True,False,False,False
VZ,Verizon Communications Inc.,Communication Services,,4,45.98,138191000000.0,410186000000.0,0.6039285656877401,162066000000.0,43,,11.973958,1.8383176,4,6,industrial,,4,4.06,24.513020281241463,46.48695375084133,0.010905290838338882,2,5,351350571648.0,29259000000.0,0.0832758001865814,0.20142087478788298,0.06009844031934708,3.3673752310536043,True,sec,12,-0.04761010858488588,1074561796.0,2026-10-26,,True,True,False,True,False,True,False,True,True,False,False,True,True,False,True,False,True,False,False,False
WDAY,"Workday, Inc.",Technology,,4,186.75,9552000000.0,15857000000.0,0.9081089304731478,2989000000.0,0,,38.347023,6.966984,4,6,industrial,,8,2.59,26.804999121571115,54.19555099021849,-2.4458548088883836,1,5,44592749696.0,721000000.0,0.016168547688026384,0.40007745933384975,0.0643236852150933,-0.4321503131524008,True,sec,12,-0.1416409156839251,764048967.75,2026-08-27,,True,False,True,True,False,True,False,False,False,True,False,True,True,True,True,True,False,True,True,True
WDFC,WD-40 Company,Basic Materials,,4,202.33,619985000.0,499826000.0,2.6542679686751396,100667000.0,37,,31.079876,9.754604,4,6,industrial,,7,6.69,20.74195155753837,55.11972982750373,-2.6707364247464263,4,5,2757020304.0,103793000.0,0.0376468029087101,0.6829236574327866,0.023043352394897743,0.37085655093584796,True,sec,14,0.006140136767595123,28654581.590000004,2026-10-21,,False,True,True,True,False,True,True,True,True,True,False,True,True,True,False,True,True,True,True,False
WEN,Wendy's Company (The),Consumer Cyclical,,4,6.25,2176891000.0,4884216000.0,1.8969289902425923,2748989000.0,24,,9.469697,,4,6,industrial,,4,0.85,0.6319116235397794,,,2,5,3599465040.0,343452000.0,0.09541751237567236,0.2836006843268193,0.27721456129958416,4.857583815168841,True,sec,13,-0.036744484682905094,54919887.5,2026-11-06,,True,True,False,True,False,True,False,True,True,False,False,True,True,False,True,False,False,True,False,False
WINA,Winmark Corporation,Consumer Cyclical,,4,299.46,86055700.0,43190200.0,3.7500091411020513,62734000.0,17,,27.174227,-28.552631,4,6,industrial,,6,11.3,-10.488394596271785,,,4,5,1112610432.0,54593900.0,0.04906829778852909,1.920604674208501,0.0479045090005451,0.9590559101633228,True,sec,13,-0.07507953193085469,19338228.419999998,2026-10-14,,False,True,True,True,False,True,False,True,True,True,True,True,True,True,True,False,False,False,True,True
WLY,"John Wiley & Sons, Inc.",Communication Services,,4,48.9,1676528000.0,3132399000.0,0.6361904817209671,1291266000.0,43,,13.1805935,3.1116767,4,6,industrial,,8,4.16,15.715000211943613,36.2189120781434,-0.350123380141755,2,5,3663284032.0,276859000.0,0.07557672230205054,0.3974650100450166,0.07038286834310084,2.818792584979635,True,sec,12,-0.012424662375387044,24485599.2,2026-12-03,,True,False,True,True,False,True,False,False,True,True,False,True,True,True,True,True,True,True,False,True
WMG,Warner Music Group Corp.,Communication Services,,4,27.05,6707000000.0,10727000000.0,0.7337384650011254,4063000000.0,7,,21.64,16.564604,4,6,industrial,,3,1.25,1.6330001006966421,6.777029425352458,-2.991424310304392,2,5,17595118400.0,694000000.0,0.03944275816865205,0.2866598303346695,0.02819764391512088,3.2196261682242993,True,sec,11,-0.02917870793325254,56088797.15,2026-11-19,,True,True,False,True,False,True,False,True,True,False,False,True,True,False,True,False,False,False,False,False
WMS,"Advanced Drainage Systems, Inc.",Industrials,,4,126.86,3050376000.0,4509983000.0,2.118958257205012,1612484000.0,13,,21.611586,5.0497575,4,6,industrial,,5,5.44,25.121887268648347,57.601976408332014,-1.2023549869314891,2,5,11016155304.0,619202000.0,0.05620853945070708,0.2588448781292524,0.015480159183195473,1.7358434784065842,True,sec,13,-0.08648680050456953,88254472.24,2026-11-05,,True,True,True,False,False,True,False,True,True,False,False,True,True,False,True,False,False,True,True,False
WMT,Walmart Inc.,Consumer Defensive,,4,104.26,706413000000.0,293914000000.0,0.7671279079823575,50411000000.0,53,,38.902985,8.429137,4,6,industrial,,7,2.73,12.369000527574768,27.310267908673286,-2.8176117623104227,3,5,868591352960.0,29825000000.0,0.034337205750853805,0.5818640826908551,0.018795738464758308,0.8831198328336514,True,sec,12,-0.06693114312349871,2494271303.94,2026-11-19,,True,True,True,False,False,True,False,True,True,True,False,True,True,True,True,True,False,True,True,False
WOR,"Worthington Enterprises, Inc.",Industrials,,4,59.14,1381292000.0,1848064000.0,2.3686197646166214,310688000.0,41,,17.975683,2.895046,4,6,industrial,,7,3.14,21.095744225686012,38.88679445385616,-0.520824764051372,3,5,3176492856.0,76209000.0,0.023991554036096974,0.2046871753359191,0.02785525085662016,2.11987473872686,True,sec,14,-0.037895873735974514,19240666.74,2026-12-15,,False,True,True,True,False,True,True,True,True,False,False,True,True,True,True,True,False,True,False,True
WRB,W.R. Berkley Corporation,Financial Services,,4,68.9,555763000.0,45677113000.0,0.406,3103180032.0,42,,14.176954,2.7217064,4,6,financial,,5,4.45,26.500559958610435,52.61364359963868,-0.30954625618198345,3,5,25989087232.0,2407435000.0,0.09263253374423089,,0.03794300065813647,0.21826798307160492,False,sec,9,-0.03948620833370095,168791426.70000002,2026-10-19,,True,True,True,True,False,False,False,True,True,True,False,True,True,False,True,True,,True,,False
WST,"West Pharmaceutical Services, I",Healthcare,,4,365.01,3074100000.0,4076400000.0,2.822014051522248,202900000.0,40,,46.67647,8.593728,4,6,industrial,,7,6.79,42.47443181818182,86.44825233215897,-3.222294727226259,3,5,25454957152.0,584900000.0,0.022977842646026387,0.27082720047100384,0.007330311706647721,-0.30794658204416236,True,sec,14,-0.06405161416936513,233917753.53,2026-10-22,,True,True,True,False,False,True,True,True,True,False,False,True,True,False,True,True,True,True,True,False
WTS,"Watts Water Technologies, Inc.",Industrials,,4,359.49,2438500000.0,2951500000.0,2.6604324956165986,108000000.0,37,,31.396505,5.481367,4,6,industrial,,5,10.17,65.58400486593946,129.98492254042438,-1.765628451162874,4,5,11760972448.0,448100000.0,0.038100590914674,0.40860579366423855,0.006907831106380575,-0.4751435927906516,True,sec,13,-0.020735219379976282,72452333.58,2026-10-28,,True,True,True,False,False,True,True,True,True,True,False,True,True,False,True,True,False,False,True,False
WWW,"Wolverine World Wide, Inc.",Consumer Cyclical,,4,19.25,1874300000.0,1706700000.0,1.5492424242424243,547100000.0,39,,15.0390625,3.516624,4,6,industrial,,8,1.14,3.8610258969286932,12.555922978199838,-0.5331409752530915,2,5,1968377024.0,150200000.0,0.07630651961928205,0.5195406339719927,0.030257434608695764,2.2067007382169224,True,sec,14,-0.025897931681021856,14756607.25,2026-11-12,,True,False,True,True,False,True,False,False,True,True,False,True,True,True,True,True,True,False,True,True
XOM,ExxonMobil Holdings Corporation,Energy,,4,163.82,361060007936.0,464482000000.0,1.1346729708431835,42368000000.0,65,,20.975674,2.5970197,4,6,industrial,,5,7.809999335420639,63.07879377431907,105.28405328298011,-0.5559811281171735,2,5,705393414400.0,41871000000.0,0.0593583653394539,0.15867076484475923,0.055675850863815574,0.46641740602960946,True,mixed,6,,2342415491.2999997,2026-10-30,,True,True,True,True,False,False,False,True,True,False,False,True,True,False,True,True,False,True,False,False
XYL,Xylem Inc.,Industrials,,4,100.88,9035000000.0,17342000000.0,1.6130690161527166,2926000000.0,16,,24.019049,2.1404624,4,6,industrial,,6,3.92,40.03457548981944,66.73668449109802,-0.5116124028225637,3,5,25204148352.0,1223000000.0,0.04852375818931222,0.20038057894129857,0.01723687878383963,0.917686318131257,True,sec,14,-0.01637642717102987,215816820.95999998,2026-10-27,,True,True,True,False,False,True,False,True,True,True,False,True,True,True,True,True,False,False,True,False
XYZ,"Block, Inc.",Technology,,4,74.04,24193683000.0,39156667000.0,2.2087963726872766,5720569000.0,0,,132.21428,2.0175486,4,6,industrial,,6,2.1,36.69800073217567,21.50336785738604,-2.443181574674524,2,5,43776101104.0,1708406000.0,0.0390259972202937,0.2645763746950168,0.052394581584170145,-0.34012709733461344,True,sec,13,-0.03253795835074522,334522641.36,2026-11-09,,True,False,True,True,False,True,True,False,False,True,False,True,True,False,True,True,False,True,True,False
YUM,"Yum! Brands, Inc.",Consumer Cyclical,,4,136.69,8214000000.0,8682000000.0,0.5920316868592731,9500000000.0,23,,17.412739,-5.1690364,4,6,industrial,,5,5.55,-26.032967032967033,,,4,5,46128849536.0,2574000000.0,0.05580022103068476,0.6601013591338402,0.03594899630136395,3.174820143884892,True,sec,14,-0.051946556093066115,343973550.5,2026-11-03,,True,True,False,True,False,True,False,True,True,True,True,True,True,False,True,True,False,True,False,False
ZBH,"Zimmer Biomet Holdings, Inc.",Healthcare,,4,88.06,8231500000.0,22797800000.0,1.6912891986062717,7479000000.0,15,,21.373787,1.3295687,4,6,industrial,,5,3.55,39.52379461490294,78.35628014754347,-0.12384099697158414,3,5,23865360704.0,1098100000.0,0.046012294287927975,0.2516821798594601,0.040324211413172564,3.2250558875861124,True,sec,13,-0.04351297054978989,190309812.28,2026-11-05,,True,True,False,True,False,True,False,True,True,True,False,True,True,False,True,False,True,True,False,False
AA,Alcoa Corporation,Basic Materials,,4,42.06,12831000000.0,16853000000.0,1.5349504434011476,2225000000.0,6,,8.744283,1.5061233,3,6,industrial,,6,4.37,28.01190651217382,54.9753700638286,0.23493011595616978,3,5,11973030976.0,1222000000.0,0.10206271097514949,0.1347262694525389,0.009369343222993182,0.2717437986189515,True,sec,11,-0.0016614252655313595,202790397.3,2026-10-15,,True,False,True,False,True,False,True,False,True,True,False,True,True,True,True,True,False,False,True,False
AAON,"AAON, Inc.",Industrials,,4,82.28,1442076000.0,1863683000.0,3.012738024228588,0.0,21,,43.53439,6.713994,3,6,industrial,,2,1.29,12.255185651054372,22.82857673457203,-2.604254481419054,4,5,6784272184.0,146248000.0,0.02155691812379089,0.2069686743936603,0.009226469451435135,-5.7665266435709884e-05,True,sec,14,0.05744485516045379,96789090.64,2026-11-05,,False,True,True,False,False,True,True,True,True,True,False,True,True,False,False,False,False,False,False,False
AAT,"American Assets Trust, Inc.",Real Estate,,4,21.39,39914000.0,2900567000.0,0.62,1700000000.0,16,,71.299995,1.1703874,3,6,financial,,6,0.92,18.513726521452615,11.106890111325592,-0.9258316041309185,4,5,3241219168.0,145932000.0,0.04502379889665024,0.09191616673567617,0.06342286676457926,5.788452811406655,True,sec,11,-0.033009063400362755,9346938.03,2026-10-27,,True,True,False,True,False,False,False,True,True,True,True,True,True,True,True,True,False,False,False,True
ABCB,Ameris Bancorp,Financial Services,,4,80.24,1183270016.0,28488843000.0,,1393277056.0,13,,14.379929,1.3119043,3,6,financial,,5,6.0,55.83271808851699,87.62998360119735,0.08433167846782962,3,5,5552085504.0,,,,0.025655541911723177,,False,sec,8,0.0007728288579497594,34501113.76,2026-10-22,,True,True,False,True,False,False,False,True,True,True,False,True,True,True,False,False,,True,,True
ABM,ABM Industries Incorporated,Industrials,,4,48.46,8745900000.0,5601000000.0,1.421315451562277,1774000000.0,43,,17.431654,1.5866675,3,6,industrial,,7,2.59,30.54188281307153,43.70814823361727,-0.10871775534814201,2,5,4503963104.0,311700000.0,0.06920571789834981,0.1919478664524192,0.06611597937517164,3.9863407620416966,True,sec,13,-0.012854847348687734,21657840.12,2026-09-08,,True,True,False,True,False,False,False,True,True,False,False,True,True,True,True,False,True,True,,True
ABR,Arbor Realty Trust,Real Estate,,4,3.71,498068992.0,14352825000.0,2.095,11113779000.0,15,,41.22222,0.3269875,3,6,financial,,4,0.56,14.699487633613227,4.793292204197705,0.22600170364097907,4,5,11578375856.0,176608000.0,0.015253261959748908,,0.3343008822229998,54.17948974587383,False,sec,9,-0.014948428062071403,15706967.64,2026-10-30,,True,True,False,True,False,False,True,True,True,False,True,True,True,False,True,True,,False,,False
ACA,"Arcosa, Inc.",Industrials,,4,146.5,2883400000.0,5301900000.0,3.1193897855405703,1436700000.0,8,,32.628063,2.411126,3,6,industrial,,8,4.24,60.88367346938775,78.3471647184001,-0.8698825991541463,2,5,8198747328.0,341900000.0,0.041701492474631854,0.12206944680208982,0.001390018795011255,1.778367852717295,True,sec,14,-0.025028763273543447,100792439.5,2026-10-29,,True,True,True,False,False,False,False,True,True,False,False,True,True,True,True,True,True,False,True,True
ADNT,Adient plc,Consumer Cyclical,,4,17.57,14535000000.0,8959000000.0,1.0969601677148848,2388000000.0,0,,31.945454,0.78346556,3,6,industrial,,6,-3.39,22.42631392906789,16.65898484556713,-0.054686114602912755,1,5,2841723136.0,113000000.0,0.03976460569591534,0.10726643598615918,0.09072940472126904,2.176319093951094,True,sec,13,-0.0814823082933363,17151465.03,2026-11-04,,True,False,True,True,False,False,False,False,False,False,True,False,True,False,True,False,True,True,True,True
ADUS,Addus HomeCare Corporation,Healthcare,,4,111.7,1422530000.0,1456486000.0,1.6898803435069105,61597000.0,0,,19.56217,1.7796543,3,6,industrial,,7,5.22,61.48425618507015,89.79829559587206,-0.24389888759909537,3,5,2147516232.0,138615000.0,0.06454665996675922,0.31711530354565715,0.0,0.39733078754023493,True,sec,13,-0.010708650821223136,24838505.6,2026-11-02,,False,True,True,False,False,True,True,True,False,True,False,True,True,True,True,True,True,False,False,True
AEIS,"Advanced Energy Industries, Inc",Industrials,,4,294.11,1798800000.0,3426800000.0,3.7901273384687943,1264200000.0,6,,52.054863,8.079279,3,6,industrial,,7,3.84,36.4025,68.02743458845323,-3.3234027827049846,3,5,11646934816.0,168000000.0,0.014424396002389372,0.19767713318547916,0.0038881982331983762,-0.5752173913043478,True,sec,14,-0.02477530057196218,179203869.99,2026-11-03,,True,True,True,False,False,False,True,True,True,False,False,True,True,True,True,True,False,False,True,True
AGYS,"Agilysys, Inc.",Technology,,4,100.31,319312000.0,472845000.0,1.740761595724375,0.0,0,,65.99342,8.338321,3,6,industrial,,8,1.37,11.999301450249718,20.283638723783113,-3.9453651470524282,3,5,2705613496.0,43015000.0,0.015898427496607963,0.42280874282270087,0.000686736843448192,-2.640251840785402,True,sec,14,-0.06599625670145608,26225447.64,2026-10-26,,False,True,True,False,False,True,True,True,False,True,False,True,True,True,True,True,True,False,True,True
AIG,"American International Group, I",Financial Services,,4,75.43,26775000000.0,163464000000.0,0.612,9191000000.0,14,,13.590991,0.9747241,3,6,financial,,5,5.43,77.38898418143701,98.303493558224,0.23268240761633052,2,5,47067833984.0,4275000000.0,0.09082635928080357,,0.17271002161723414,0.9640314494716457,False,sec,9,-0.0013336269759702442,284687377.99,2026-11-04,,True,False,True,True,False,False,False,False,True,False,True,True,True,True,True,False,,True,,False
AIR,AAR Corp.,Industrials,,4,99.9,3308000000.0,3426900000.0,2.8274166282465036,879600000.0,0,,20.346233,2.2704546,3,6,industrial,,6,4.86,35.74096220725549,69.72015266141689,-0.4328712170948047,3,5,4790501728.0,318000000.0,0.06638135586953701,0.18150515042750007,-0.06569703802249298,2.480310593455352,True,sec,13,0.02597099419300242,47629123.2,2026-09-28,,True,True,True,False,False,False,True,True,False,True,False,True,True,True,False,True,True,False,False,True
AJG,Arthur J. Gallagher & Co.,Financial Services,,4,231.82,13942000000.0,81808000000.0,1.052787621893313,13475000000.0,39,,38.50831,2.5051873,3,6,financial,,6,5.74,92.53609051892313,111.95534437890389,-1.0706470181130772,3,5,71513968704.0,2510000000.0,0.03509803812439804,0.0840019811788014,-0.014000848770224032,2.964085910447761,True,sec,11,-0.0053295521220418545,330365059.26,2026-10-29,,True,True,True,False,False,False,False,True,True,True,False,True,True,False,True,True,False,False,True,True
AKAM,"Akamai Technologies, Inc.",Technology,,4,106.93,4208175000.0,15073420000.0,1.6366517329357575,9338986496.0,0,,38.60289,3.2334442,3,6,industrial,,5,3.07,33.06963610994944,45.399203228031375,-1.3553276797152451,1,5,21351215104.0,566944000.0,0.026553242859409302,0.16457194186853416,0.052055112084254486,7.786620236898229,True,sec,14,-0.07076920831503401,445820148.03000003,2026-11-05,,True,True,False,True,False,False,False,True,False,False,False,True,True,False,True,False,True,True,False,False
ALHC,"Alignment Healthcare, Inc.",Healthcare,,4,7.74,3948719000.0,1279038000.0,1.6980349923252176,324056000.0,0,,40.736843,6.046875,3,6,industrial,,6,0.0,1.2797244543975725,2.3392306170649264,-2.308780221811355,2,5,1227893032.0,14752000.0,0.01201407583197361,0.45840628418838303,0.0,-8.363340419877757,True,sec,14,-0.10996624025243973,55592341.02,2026-10-29,,True,False,True,False,False,True,True,False,False,True,False,False,True,True,True,True,False,False,True,True
ALK,"Alaska Air Group, Inc.",Industrials,,4,39.49,14239000000.0,21246000000.0,0.5472747497219133,6048000000.0,0,,,1.2004864,3,6,industrial,,5,0.83,32.89504053036486,,,2,5,7793207424.0,303000000.0,0.03888001223563994,0.09911104562644271,0.12933359952517634,3.083788706739526,True,sec,13,-0.05408076814459192,109343031.71000001,2026-10-22,,True,True,False,True,False,False,False,True,False,True,False,True,True,False,True,False,False,True,False,True
ALLY,Ally Financial Inc.,Financial Services,,4,37.65,1244000000.0,199772000000.0,,22969000000.0,11,,8.858824,0.84839344,3,6,financial,,5,2.37,50.86645694883874,65.14326952701013,0.42204313241616914,3,5,26582118464.0,,,,0.03824285947768225,,False,sec,9,-0.014401417616082334,121016173.64999999,2026-10-20,,True,True,False,True,False,False,False,True,True,False,True,True,True,True,True,True,,False,,False
ALRM,"Alarm.com Holdings, Inc.",Technology,,4,54.86,1011187000.0,1656978000.0,4.959616527207011,567465024.0,0,,24.274336,3.1117415,3,6,industrial,,7,2.46,17.629873825326843,29.94136715708937,-0.8322476629798956,3,5,2825101824.0,133638000.0,0.04730378171317906,0.4036818835253093,0.015432458350534887,-2.343956307090558,True,sec,13,-0.013097337442017938,23179172.9,2026-11-05,,False,True,True,False,False,True,True,True,False,True,False,True,True,True,True,True,False,False,True,True
ALSN,"Allison Transmission Holdings, ",Consumer Cyclical,,4,116.28,3010000000.0,8717000000.0,1.807110438729198,4114000000.0,15,,18.369669,4.857143,3,6,industrial,,6,7.33,23.939999295882377,58.39224486048066,-0.9913603300889233,3,5,13317173952.0,880000000.0,0.06608008599811373,0.16783297005850636,0.04363595182658903,3.7261785356068207,True,sec,13,-0.024435012045428472,117480591.0,2026-10-29,,True,True,False,True,False,False,False,True,True,True,False,True,True,False,True,False,True,True,True,False
AMCR,Amcor plc,Consumer Cyclical,,4,41.81,15009000000.0,37095000000.0,1.2543375924680564,14012000000.0,13,,17.567226,1.6381946,3,6,industrial,,7,1.6,25.502920181700194,36.968947576636566,-0.1309491543768711,3,5,32210950720.0,1009000000.0,0.031324750665415936,0.07639843644696051,0.04297411814044434,7.450606585788561,True,sec,14,-0.023695915891629598,148320431.47,2026-11-05,,True,True,False,True,False,False,False,True,True,True,False,True,True,True,True,False,True,False,True,True
AME,"AMETEK, Inc.",Industrials,,4,249.09,7401116000.0,16594713000.0,1.2137227967522732,2036174000.0,43,,36.25764,5.071257,3,6,industrial,,6,6.4,49.173637554585156,87.13446626867447,-1.858685095194642,3,5,58647409856.0,1910317000.0,0.03257291335952431,0.16074029119997435,0.012597352474689717,0.6603720938605413,True,sec,13,-0.019380931746153126,320235583.98,2026-10-29,,True,True,True,False,False,False,False,True,True,True,False,True,True,False,True,True,False,True,True,False
AMH,American Homes 4 Rent,Real Estate,,4,30.53,1875582976.0,13121098000.0,1.672,5130117000.0,14,,24.23016,1.6137216,3,6,financial,,8,1.18,18.91900065042198,23.15931001412881,-0.31826034460329566,3,5,17562281880.0,698590000.0,0.039777860574915225,0.07940360002779011,0.035658188549064655,5.182467713504361,True,mixed,7,-0.02674585617758514,73496700.8,2026-10-28,,True,True,False,True,False,False,False,True,True,True,False,True,True,True,True,True,False,True,True,True
AMKR,"Amkor Technology, Inc.",Technology,,4,52.9,6707981000.0,9716114000.0,2.1709630920696235,2485731000.0,7,,23.511112,2.820882,3,6,industrial,,3,1.5,18.75271991160791,30.811857887618217,-0.7168714782777811,3,5,13116705256.0,467385000.0,0.035632804952006006,0.09660230417222358,0.006234889329598988,-0.02382474019576471,True,sec,15,-0.0742797995165557,255718335.5,2026-10-26,,True,True,True,False,False,False,True,True,True,False,False,,True,,True,,True,False,False,
AMT,American Tower Corporation (REI,Real Estate,,4,161.06,935900000.0,63300100000.0,0.3519981962685305,37189600000.0,16,,22.154057,20.175373,3,6,financial,,7,5.4,7.982891198581849,36.136121110679504,-3.457036202272442,3,5,110474626400.0,4845800000.0,0.043863465828385004,0.12496360206613663,0.04724206339730872,5.143755263234312,True,sec,12,-0.04479455798648027,429005697.34000003,2026-10-27,,True,True,False,True,False,False,False,True,True,True,False,True,True,True,True,True,False,True,False,True
AMZN,"Amazon.com, Inc.",Consumer Cyclical,,4,248.23,716924000000.0,1095689000000.0,1.0331158765552857,132549000000.0,0,,19.970232,4.852412,3,6,industrial,,6,7.17,51.1564499675415,119.61210604270653,-1.0752916089561326,1,5,2687047387200.0,79975000000.0,0.02976315206831422,0.3290258458376419,0.0,0.06560718035284188,True,sec,14,-0.05644302352218558,9809482890.91,2026-10-29,,True,False,True,False,False,True,False,False,False,True,False,True,True,True,True,True,False,False,True,False
AON,Aon plc,Financial Services,,4,275.95,17181000000.0,53347000000.0,1.032615881877617,14967000000.0,39,,15.220631,6.0951104,3,6,financial,,8,17.02,45.27358490566038,135.89846165530753,-1.0305601449699908,3,5,72236017920.0,4344000000.0,0.06013620524889531,0.16138941398865783,0.026633174845112524,3.022947925860547,True,sec,13,0.004011472060284552,415691355.95,2026-10-30,,True,True,False,True,False,False,False,True,True,True,False,True,True,True,False,True,True,True,True,True
APD,"Air Products and Chemicals, Inc",Basic Materials,,4,273.33,12037300000.0,40445600000.0,1.084846895285555,896200000.0,44,,,4.3840117,3,6,industrial,,2,-1.77,55.65640094069813,,,1,5,60782333728.0,-877000000.0,-0.014428534513409133,0.09349101014696283,0.02602575340504298,-0.12267171129220024,True,sec,14,-0.09027681626678798,300265031.52,2026-11-05,,True,False,True,True,False,False,False,False,True,False,False,False,True,False,True,False,False,False,False,False
APG,APi Group Corporation,Industrials,,4,40.01,7911000000.0,9947000000.0,1.3892168437622983,3523000000.0,0,,,4.7326703,3,6,industrial,,8,-0.69,8.144651701301571,,,2,5,19962731520.0,554000000.0,0.027751713208433712,0.25002513320599173,0.004337583977476507,4.181533646322379,True,sec,14,-0.04594350055293053,120343518.36,2026-10-29,,True,True,False,False,False,True,False,True,False,True,False,True,True,True,True,True,True,False,True,True
APH,Amphenol Corporation,Technology,,4,85.67,23094700000.0,44806600000.0,1.8877728332273787,18811300000.0,22,,42.835,13.633037,3,6,industrial,,6,3.34,12.629708136311756,16.816063306254826,-4.094533627744763,3,5,224651575616.0,5868600000.0,0.02612311969728304,0.19009922645324573,0.006945963916258326,1.9720512442939184,True,sec,15,-0.024654849955140536,1081373772.83,2026-10-28,,True,True,True,False,False,False,False,True,True,True,False,True,True,True,True,False,True,False,True,False
APLE,"Apple Hospitality REIT, Inc.",Real Estate,,4,16.37,1412386000.0,4864690000.0,0.291,1502257000.0,12,,22.121622,1.2304571,3,6,financial,,5,0.74,13.304007564332393,14.883265071315948,-0.09989306254777322,3,5,5356777048.0,257804000.0,0.0481266996348585,0.11615621961522728,0.07729293500304013,3.312611698573144,True,sec,11,-0.040055584220166134,44557110.120000005,2026-11-05,,True,True,False,True,False,False,False,True,True,True,False,True,True,False,True,False,False,True,False,True
APO,"Apollo Global Management, Inc. ",Financial Services,,4,114.34,32049000000.0,494048000000.0,1.948,13727000000.0,16,,40.69039,3.3586934,3,6,financial,,4,5.54,36.470538575995995,46.393628476000735,-1.4645625650761005,2,5,52832703360.0,7047000000.0,0.13338329390381587,0.06639780105825156,0.02923461149764013,,True,sec,9,-0.00779478917028305,392941187.02000004,2026-11-03,,True,False,False,True,True,False,False,False,True,True,False,True,True,False,True,False,False,False,False,True
APPF,"AppFolio, Inc.",Technology,,4,204.24,950822000.0,648371000.0,3.831024245423058,35775000.0,0,,46.523922,13.747981,3,6,industrial,,6,3.88,14.855999582775102,38.3066734718867,-4.331708067783331,2,5,7047656448.0,152917000.0,0.02169756728754778,0.8788243849124849,0.020145386866632788,-0.3656534735847312,True,sec,11,-0.15605571501501456,75012041.76,2026-10-29,,False,False,True,True,False,True,True,False,False,True,False,True,True,False,True,True,False,True,False,True
AR,Antero Resources Corporation,Energy,,4,34.03,5137234000.0,15232634000.0,0.4011939158879316,2614258000.0,0,,9.558989,1.262334,3,6,industrial,,9,2.03,26.938297396830333,46.4686533964074,0.2676783699819685,1,5,13076406608.0,883646000.0,0.06757559828855392,0.08367051310692077,0.013037857242411672,1.6005782084476965,True,sec,12,-0.06275539739220413,141872499.26,2026-10-28,,True,True,True,False,False,False,False,True,False,False,False,True,True,True,True,True,True,True,True,True
ARES,Ares Management Corporation,Financial Services,,4,116.57,5601482000.0,29631399000.0,0.62,14872607744.0,13,,53.472477,10.567492,3,6,financial,,5,2.1800000026181694,11.03099959763395,23.260922830226843,-4.011409085134013,3,5,45653692416.0,2054353000.0,0.04499861656929248,0.10602514150535342,0.045421655942787714,9.38578122225786,True,mixed,7,-0.0958728273342747,249402214.42,2026-10-29,,True,True,False,True,False,False,False,True,True,True,False,True,True,False,True,True,False,False,False,True
ARLO,"Arlo Technologies, Inc.",Industrials,,4,12.77,529297000.0,374582000.0,1.4021166742090756,7729000.0,0,,44.034485,8.663501,3,6,industrial,,7,0.14,1.4738275331250932,3.101265734091243,-3.1176735871497203,1,5,1240819840.0,6071000.0,0.004892732856366965,0.6216022125996444,0.03318168504995618,-9.58478441127695,True,sec,14,-0.1703125083426326,16102625.209999999,2026-11-05,,False,False,True,True,False,True,False,False,False,True,False,True,True,True,True,True,True,False,True,False
AROC,"Archrock, Inc.",Energy,,4,30.42,1489818000.0,4442871000.0,1.393610101552146,2347810000.0,13,,16.35484,3.4341838,3,6,industrial,,9,1.83,8.390536033460146,19.25375988032918,-0.5799511466370231,3,5,7679597648.0,588978000.0,0.07669386170945919,0.16287486177293917,0.03941064284379999,2.7587671429240643,True,sec,12,-0.06748271556837909,53355645.720000006,2026-10-27,,False,True,True,True,False,False,False,True,True,True,False,True,True,True,True,True,True,True,True,True
ARW,"Arrow Electronics, Inc.",Technology,,4,231.63,30852935000.0,38376681000.0,1.2173377851354408,2170580000.0,0,,14.810102,1.6855135,3,6,industrial,,5,10.93,124.88289300103398,219.90794682597794,-0.05330436368130973,1,5,13717172808.0,822223000.0,0.05994114177233889,0.09033399735636335,0.013710960171098806,2.006253300874087,True,sec,14,0.013216802151285569,129667863.78,2026-10-29,,True,True,True,False,False,False,False,True,False,False,False,True,True,True,False,True,False,True,False,False
ASB,Associated Banc-Corp,Financial Services,,4,28.72,1102756000.0,51812506000.0,,1120356000.0,41,,10.0069685,0.9830566,3,6,financial,,7,2.77,29.875903988675763,43.43453402078958,0.3387749944260157,4,5,4713327432.0,,,,0.028720468854045854,,False,sec,9,-0.002719710179623429,54949372.879999995,2026-10-22,,True,True,False,True,False,False,False,True,True,True,True,True,True,True,True,True,,True,,True
ATI,ATI Inc.,Industrials,,4,191.14,4587400000.0,5738900000.0,2.327019933319146,2192000000.0,0,,56.052784,13.868814,3,6,industrial,,8,2.85,13.782166307147007,32.51805677547079,-4.877965012478293,2,5,27436608064.0,640900000.0,0.023359301503487775,0.17546916656502118,0.01805774848170082,1.7416563658838071,True,sec,14,-0.036592378330342054,317079087.76,2026-10-27,,True,True,True,False,False,False,False,True,False,True,False,True,True,True,True,False,True,True,True,True
AUB,Atlantic Union Bankshares Corpo,Financial Services,,4,38.47,1507731968.0,38099868000.0,,1881340000.0,33,,11.054598,1.0594877,3,6,financial,,4,2.03,36.31103977254332,53.320474888609056,0.27851355261994465,4,5,6385132216.0,,,,0.03497085548601328,,False,sec,8,-0.05153994234310733,42377782.6,2026-10-20,,True,True,False,True,False,False,False,True,True,True,True,True,True,False,True,False,,False,,True
AVNT,Avient Corporation,Basic Materials,,4,40.54,3260200000.0,6004800000.0,1.9003594001735036,1875800000.0,16,,21.913513,1.5258384,3,6,industrial,,4,0.89,19.94189852700491,33.255595599101134,-0.21904296915060378,2,5,5168510656.0,203500000.0,0.03937304448889193,0.16913136157740474,0.026571206426922064,3.724191063174114,True,sec,14,-0.036587396749267254,31904696.22,2026-11-04,,True,True,False,True,False,False,False,True,True,False,False,True,True,False,True,True,False,False,False,False
AVT,"Avnet, Inc.",Technology,,4,102.24,27632683000.0,15425393000.0,1.77702989778544,3212816000.0,14,,24.936584,1.6708885,3,6,industrial,,4,4.01,61.18865466409739,75.13112375354372,-0.36082085415603316,3,5,11448560864.0,724782000.0,0.06330769505528656,0.18682804386248053,0.03011140011771348,3.8142989740109385,True,sec,14,0.0398896806065168,124102285.91999999,2026-10-28,,True,True,False,True,False,False,True,True,True,False,False,True,False,True,False,True,False,True,False,False
AWK,"American Water Works Company, I",Utilities,,4,127.86,5121000000.0,36453000000.0,0.5227898439889874,15988000000.0,19,,22.43158,2.1782684,3,6,utility,,7,5.69,57.12089803825682,86.76415292336945,-0.4736500696655981,3,5,41206488896.0,1879000000.0,0.04559961429235963,0.08805936459567744,0.02491195327032524,5.6967183555715835,True,sec,12,-0.026006090033742078,269386699.68,2026-10-28,,True,True,False,True,False,False,False,True,True,True,False,True,True,False,True,True,True,False,True,True
AWR,American States Water Company,Utilities,,4,81.19,136742000.0,2774960000.0,0.9800437894299585,725944000.0,40,,22.18306,2.8694117,3,6,utility,,6,3.37,28.294870965518445,48.27103836882569,-0.6819609178416589,3,5,3922303512.0,203275000.0,0.05182541314768096,0.02743679188168478,0.0023607709816499535,2.805264897892527,True,sec,13,-0.03577997520684983,20540501.669999998,2026-11-04,,True,True,True,False,False,False,False,True,True,True,False,True,True,True,True,False,True,False,False,True
AXON,"Axon Enterprise, Inc.",Industrials,,4,422.21,2779536000.0,7481157000.0,2.1489239663948245,1731817000.0,0,,175.19086,9.334114,3,6,industrial,,4,1.51,45.2329087276551,49.525344104976575,-7.525130064822186,2,5,35357658640.0,-62076000.0,-0.0017556592372825737,0.22164018212690897,-0.014273024028552014,50.1972966563908,True,sec,15,-0.011586844120501682,400329388.96,2026-11-03,,True,True,False,False,False,True,True,True,False,False,False,True,True,False,True,False,True,False,,False
AXP,American Express Company,Financial Services,,4,302.09,41304000000.0,308203000000.0,1.553,59049000000.0,50,,18.330704,5.94841,3,6,financial,,4,15.38,50.785185185185185,137.22637415961017,-1.2013989792416602,4,5,217489343808.0,,,,0.0393521032451917,,False,sec,10,-0.024642849031320267,874625770.41,2026-10-23,,True,True,False,True,False,False,True,True,True,True,False,True,True,False,True,False,,True,,False
BAC,Bank of America Corporation,Financial Services,,4,53.73,113097000000.0,3499191000000.0,,399842000000.0,41,,12.408776,1.3657161,3,6,financial,,5,3.81,42.903305225641496,61.91037186214805,0.13213249438014638,3,5,545817378368.0,,,,0.08249752152022191,,False,sec,9,0.005114324996834983,1767941107.83,2026-10-14,,True,True,False,True,False,False,False,True,True,True,False,True,True,True,False,False,,True,,True
BALL,Ball Corporation,Consumer Cyclical,,4,56.5,13161000000.0,20110000000.0,1.0691207201414563,7220000000.0,42,,16.051136,2.6018882,3,6,industrial,,6,3.3,8.376295241322152,41.4708086499171,-0.36240410639094056,3,5,21684740160.0,1273000000.0,0.05870487682154454,0.13204261421839786,0.1030373611412088,3.5509234828496044,True,sec,12,-0.01725509696668324,106178981.0,2026-11-03,,True,True,False,True,False,False,False,True,True,True,False,True,True,False,True,False,True,True,False,True
BANR,Banner Corporation,Financial Services,,4,67.31,671550976.0,16593547000.0,,565446016.0,31,,11.107261,1.144183,3,6,financial,,7,5.64,58.82800216398951,89.56114055348499,0.24844637323702723,4,5,2408686336.0,72814000.0,0.03022975590957145,,0.04018444743686294,,False,sec,8,-0.015504136517647493,23095811.060000002,2026-10-21,,True,True,False,True,False,False,False,True,True,True,True,True,True,True,True,True,,True,,True
BC,Brunswick Corporation,Consumer Cyclical,,4,64.22,5362800000.0,5505200000.0,1.4474322817603462,2100900000.0,45,,,2.4805903,3,6,industrial,,5,-2.08,25.889084235526358,,,1,5,5973291008.0,-40700000.0,-0.006813664351107402,0.24198939184770762,0.046283713306695035,7.196187450357426,True,sec,14,-0.12704352248782969,46473124.1,2026-10-22,,True,False,False,True,False,True,False,False,True,False,False,False,True,False,True,True,False,True,False,True
BDX,"Becton, Dickinson and Company",Healthcare,,4,178.07,21840000000.0,50731000000.0,0.8654827732879625,16808000000.0,44,,30.968697,1.9865681,3,6,industrial,,7,5.82,65.88334830239381,107.68837476257534,-0.6535675312455751,2,5,64603922688.0,2579000000.0,0.039920176557313634,0.19563974690031735,0.04527468869117458,3.1938107518349534,True,sec,13,-0.03453509688356232,319823869.99,2026-11-05,,True,True,False,True,False,False,False,True,True,False,False,True,True,True,True,False,False,True,True,True
BFH,"Bread Financial Holdings, Inc.",Financial Services,,4,96.94,2668000000.0,22452000000.0,,4308000000.0,11,,7.5205584,1.1148809,3,6,financial,,7,10.89,86.95090439276485,158.80164349571157,0.38955291729951236,4,5,4323364032.0,,,,0.09478128264772158,,False,sec,9,-0.07010511313023339,55079853.9,2026-10-22,,True,True,False,True,False,False,False,True,True,True,True,True,True,True,True,True,,True,,True
BFS,"Saul Centers, Inc.",Real Estate,,4,29.98,289843000.0,2159470000.0,0.624,1604142000.0,34,,30.907215,6.6979446,3,6,financial,,5,1.09,11.942609575760477,9.88375964035549,-2.033258708314937,2,5,2639440552.0,195319000.0,0.07400015122598601,0.08801604097301653,0.051856768914988895,6.28983128888679,True,sec,12,-0.02884272529833709,3330058.48,2026-11-05,,True,True,False,True,False,False,False,True,True,False,False,True,True,False,True,False,True,False,False,True
BG,Bunge Limited,Consumer Defensive,,4,106.61,16944000000.0,46782000000.0,1.5665710529460977,15214000000.0,25,,22.976294,1.2838082,3,6,industrial,,3,4.91,83.04199957594912,93.11060314183115,-0.14498238012276468,2,5,34907818624.0,1762000000.0,0.05047579795744042,0.07286990722927622,0.049312027341972035,5.0946895521048425,True,sec,13,-0.0005985207985977513,167450727.85,2026-10-29,,True,True,False,True,False,False,False,True,True,False,False,True,True,False,True,False,False,False,False,False
BHE,"Benchmark Electronics, Inc.",Technology,,4,84.62,2748742000.0,2214371000.0,1.992882101395792,180984000.0,9,,56.791946,2.7228267,3,6,industrial,,6,0.68,31.077786129903394,32.27831865068146,-1.621573970929663,3,5,2905692832.0,76049000.0,0.02617241546060296,0.12195968968162968,0.016868644100986235,-1.0822532523710573,True,sec,14,-0.044758534139039935,33408229.860000003,2026-11-03,,True,True,True,False,False,False,True,True,True,False,False,True,True,False,True,True,False,True,False,True
BHF,"Brighthouse Financial, Inc.",Financial Services,,4,50.05,6766000000.0,247180000000.0,0.774,3154000000.0,0,,3.969072,0.4394321,3,6,financial,,6,5.71,113.89681466778134,179.7649271352413,0.7215808400581597,1,5,-2308546240.0,626000000.0,0.10659939426150926,,0.035435691695808236,,False,sec,9,0.0002912857027267578,45908362.5,2026-11-05,,True,False,False,True,True,False,False,False,False,False,True,True,True,True,False,True,,True,,True
BIO,"Bio-Rad Laboratories, Inc.",Healthcare,,4,355.57,2583200000.0,10252000000.0,3.142099240611672,803000000.0,0,,43.362198,1.3252554,3,6,industrial,,5,27.85,268.3030003122417,222.49022511574174,-0.5981376252149,2,5,8691793184.0,47200000.0,0.005430409928170698,0.1306964494732735,0.03108140185445237,-3.8358419567262465,True,sec,14,0.022210300429184548,99924059.25,2026-10-29,,True,False,True,True,False,False,True,False,False,True,False,True,True,True,False,True,False,True,False,False
BKR,Baker Hughes Company,Energy,,4,55.62,27733000000.0,52620000000.0,2.0948695116103844,16253000000.0,40,,17.884245,2.7724054,3,6,industrial,,7,2.98,20.06200103347079,37.46783251136207,-0.48447338081628577,3,5,55738527616.0,3081000000.0,0.05527594882351332,0.16007436217313667,0.023436710034354824,0.12321386741625673,True,sec,11,-0.02322310908399848,463105524.41999996,2026-10-27,,True,False,True,True,False,False,True,False,True,True,False,True,True,False,True,True,True,True,True,False
BKU,"BankUnited, Inc.",Financial Services,,4,42.72,21732000.0,34882242000.0,,318936000.0,16,,11.736263,1.0280598,3,6,financial,,7,3.53,41.554360730931606,58.33757843907602,0.2677104339424374,3,5,2994104792.0,,,,0.044924785574551845,,False,sec,9,-0.002587591703537863,37762173.12,2026-10-21,,True,True,False,True,False,False,False,True,True,False,True,True,True,True,True,True,,True,,True
BMI,"Badger Meter, Inc.",Technology,,4,128.37,916663000.0,998169000.0,2.4215986315397506,0.0,37,,30.06323,5.449104,3,6,industrial,,5,4.79,18.346583972348157,47.57452185544376,-1.6982930146950312,4,5,3721041664.0,183421000.0,0.049292917565139094,0.38277085343263517,0.015729735188474363,0.0,True,sec,13,-0.04214116046481107,52148130.21,2026-10-22,,False,True,True,False,False,True,True,True,True,True,False,True,True,False,True,,False,True,True,False
BMRN,BioMarin Pharmaceutical Inc.,Healthcare,,4,58.44,3221253000.0,11723442000.0,2.3867984057653984,4186142000.0,0,,157.94594,1.7891256,3,6,industrial,,5,1.8,32.66424077651137,16.49023398131891,-2.543915754391612,2,5,14624587560.0,409478000.0,0.027999285335059392,0.21357302744364667,0.0,6.772801537722249,True,sec,14,-0.040866325777020096,113757433.92,2026-10-26,,True,True,False,False,False,True,False,True,False,True,False,True,True,False,True,True,False,False,False,True
BNL,"Broadstone Net Lease, Inc.",Real Estate,,4,18.25,454138000.0,5865290000.0,2.017,2688016000.0,7,,24.013159,1.2150465,3,6,financial,,5,0.5,15.020244202535869,16.026291220169483,-0.1387537983230908,2,5,6562284200.0,195037000.0,0.02972090114597597,0.0754148791721639,0.04654519814260865,6.5501308610316595,True,sec,9,-0.03461056486550537,37464713.25,2026-10-28,,True,True,False,True,False,False,False,True,True,False,False,True,True,False,True,False,True,False,True,False
BNY,The Bank of New York Mellon Cor,Financial Services,,4,143.92,20080000000.0,525019000000.0,,35184000000.0,40,,17.07236,2.4467452,3,6,financial,,6,7.4,31.376008509591628,105.62610294766473,-0.36254198520709396,3,5,125351311168.0,,,,0.05082421080524293,,False,sec,9,-0.0022494424011321496,487665723.99999994,2026-10-15,,True,True,False,True,False,False,False,True,True,True,False,True,True,True,True,True,,True,,False
BOH,Bank of Hawaii Corporation,Financial Services,,4,68.72,121925000.0,23842940000.0,,508124000.0,39,,12.773234,1.7709059,3,6,financial,,7,4.63,47.552798163128976,68.53718033325556,-0.002667452408393409,2,5,2766341296.0,,,,0.041611470943343914,,False,sec,9,-0.0005215799729395787,27424159.12,2026-10-26,,True,True,False,True,False,False,False,True,True,False,False,True,True,True,True,True,,True,,True
BRO,"Brown & Brown, Inc.",Financial Services,,4,61.77,5902000000.0,29887000000.0,1.1269285621677687,7759000000.0,40,,19.734823,1.6199843,3,6,financial,,4,3.16,38.2060606060606,51.81993212313182,-0.1920123680059123,3,5,27509882944.0,1677000000.0,0.060959910422510886,0.09429495515321264,-0.19459203532658992,2.415975059474412,True,sec,11,-0.013249907986750091,141177558.72,2026-10-26,,True,True,True,False,False,False,False,True,True,True,False,True,True,False,True,False,False,False,True,False
BRX,Brixmor Property Group Inc.,Real Estate,,4,27.57,1371597000.0,9006712000.0,0.596,5322423000.0,13,,19.692858,2.7998374,3,6,financial,,5,1.25,9.846769625188347,17.611941946437927,-0.5654151077630666,3,5,13612003760.0,610944000.0,0.044882738116434374,0.11289450711184996,0.04192119469262189,5.4503984263350915,True,sec,9,-0.02950932593381469,72019732.5,2026-10-26,,True,True,False,True,False,False,False,True,True,True,False,True,True,True,True,False,False,False,False,True
BURL,"Burlington Stores, Inc.",Consumer Cyclical,,4,275.32,11549607000.0,10043855000.0,1.1721050578621897,1913555000.0,0,,24.714542,8.63749,3,6,industrial,,7,9.51,31.87521745335663,89.3838295939917,-2.0801991954315047,2,5,18504149704.0,887159000.0,0.047943786350162575,0.5040579538434197,0.016099079502948258,3.434676822587696,True,sec,12,-0.0618516495907199,325908398.08,2026-11-27,,True,True,False,False,False,True,False,True,False,True,False,True,True,True,True,False,True,True,True,False
BWXT,"BWX Technologies, Inc.",Industrials,,4,136.79,3198425000.0,4423130000.0,2.3974576283067726,2019897000.0,15,,35.437824,9.391692,3,6,industrial,,5,3.58,10.34404746015943,35.56642095786049,-2.8460434397397023,3,5,13944664496.0,404459000.0,0.02900457017922649,0.16568787261509382,0.009771586076827226,2.7483845846839743,True,sec,13,-0.03411679059851282,140021253.38,2026-11-02,,True,True,True,False,False,False,False,True,True,True,False,True,True,False,True,False,True,True,False,False
BX,Blackstone Inc.,Financial Services,,4,112.24,14450265000.0,49892220000.0,0.872,13318636000.0,20,,25.109621,9.960067,3,6,financial,,5,3.87,11.977846910059828,33.665704596557106,-2.3339566584172564,3,5,144971783160.0,,,,0.04482241451921004,,False,sec,9,-0.03294996694875474,480689350.08,2026-10-22,,True,True,False,True,False,False,False,True,True,True,False,True,True,False,True,True,,False,,True
BXP,"BXP, Inc.",Real Estate,,4,60.24,3482279000.0,25173869000.0,0.506,750000000.0,30,,32.387096,1.864092,3,6,financial,,5,1.74,32.31630016541343,36.775327300572854,-0.6380547617603837,2,5,11152107320.0,1037133000.0,0.09299883602626594,0.08177721906791523,0.05902199668512727,9.201522906493073,True,sec,10,-0.03846675296514811,81709957.68,2026-10-27,,True,True,False,True,False,False,False,True,True,False,False,True,True,True,True,False,False,False,False,True
C,"Citigroup, Inc.",Financial Services,,4,127.0,85225000000.0,2657202000000.0,,367705000000.0,16,,13.685346,1.1068696,3,6,financial,,3,6.99,68.48643355582799,154.78143157997826,0.17948814206194436,3,5,231160467328.0,,,,0.08741308499778352,,False,sec,9,0.03083619536640421,1310587549.0,2026-10-13,,True,True,False,True,False,False,False,True,True,False,True,True,False,False,False,True,,True,,False
CACC,Credit Acceptance Corporation,Financial Services,,4,511.95,2317200000.0,8622600000.0,4.833,6286199808.0,0,,11.723151,3.343194,3,6,financial,,7,36.38,153.13150506517462,387.8964790921457,-0.3198108969645613,2,5,11599137792.0,619900000.0,0.05344362754510504,0.16406965024271,0.13207664997008065,,True,sec,9,-0.12230644771878552,63886240.5,2026-10-29,,True,True,False,True,False,False,True,True,False,False,False,True,True,True,True,False,True,True,False,True
CALX,"Calix, Inc",Technology,,4,34.9,1000010000.0,954404000.0,2.830073814778175,13980000.0,0,,45.32468,3.0947948,3,6,industrial,,6,0.26,11.276618385108952,13.977624958298968,-1.496847647874451,1,5,2017121280.0,20990000.0,0.010405918676342555,0.5954669091914955,0.0426086073788384,-1.631568305320359,True,sec,15,-0.12266189160984237,38985708.1,2026-11-02,,False,False,True,True,False,True,True,False,False,False,False,True,True,True,True,False,False,False,True,True
CALY,Callaway Golf Company,Consumer Cyclical,,4,14.32,2060100000.0,2782900000.0,3.0431812637228592,50800000.0,0,,32.545456,1.1860195,3,6,industrial,,5,-2.2,11.613319011815252,10.933096510466674,-0.309784468315167,2,5,2328970592.0,128100000.0,0.05500284135833348,0.3117611125085343,0.001447421103062942,-1.3025787965616047,True,sec,14,-0.26709547594236227,27813449.6,2026-11-05,,True,False,True,False,False,True,True,False,False,False,True,False,True,True,True,True,False,False,False,True
CARR,Carrier Global Corporation,Industrials,,4,55.22,21747000000.0,37372000000.0,1.0198245043873904,11952000000.0,7,,39.44286,3.465328,3,6,industrial,,4,1.72,16.112112711040663,22.404295310688227,-1.4647059518831045,2,5,56127228928.0,2172000000.0,0.038697795018283215,0.14026543936637054,0.08049345488245262,3.0783517121300057,True,sec,13,-0.027533982660815585,359138842.04,2026-10-27,,True,True,False,True,False,False,False,True,True,False,False,True,True,False,True,False,False,True,False,False
CATY,Cathay General Bancorp,Financial Services,,4,60.08,53793000.0,24652819000.0,,119136000.0,36,,11.757339,1.317804,3,6,financial,,7,4.54,45.59068115555579,72.40044776380873,0.170170878003429,2,5,4127302400.0,,,,0.06838239051153165,,False,sec,8,-0.0021688797536703612,28054836.64,2026-10-21,,True,True,False,True,False,False,False,True,True,False,False,True,True,True,True,True,,True,,True
CBSH,"Commerce Bancshares, Inc.",Financial Services,,4,54.83,1844477952.0,35269167000.0,,2470985984.0,39,,13.438726,1.8137612,3,6,financial,,6,4.04,29.34045124141061,52.67934927716167,-0.04082530920272226,3,5,6199848448.0,,,,0.04549674628404838,,False,sec,8,-0.0022366561705299136,57605494.6,2026-10-15,,True,True,False,True,False,False,False,True,True,True,False,True,True,True,True,False,,True,,True
CBU,"Community Financial System, Inc",Financial Services,,4,59.93,818007000.0,17763770000.0,,772150976.0,36,,13.904873,1.5207957,3,6,financial,,6,3.97,37.64041120119684,61.81823276995919,0.030544916691257834,3,5,3677480192.0,,,,0.03280751914050497,,False,sec,9,-0.005145529355536578,15271362.6,2026-10-27,,True,True,False,True,False,False,False,True,True,True,False,True,True,True,True,True,,False,,True
CCS,"Century Communities, Inc.",Real Estate,,4,60.16,4117816000.0,4691271000.0,4.76,1695137024.0,6,,13.221977,0.6666667,3,6,financial,,5,4.86,90.23969651759141,96.11618101105384,0.3740908204303155,4,5,3313326336.0,210802000.0,0.0636224683664845,0.1604735089054787,0.10427569373297925,7.010637463304213,True,sec,9,-0.0011689795793080383,15861785.6,2026-10-21,,True,True,False,True,False,False,True,True,True,False,True,True,True,False,True,False,True,True,False,False
CELH,"Celsius Holdings, Inc.",Consumer Defensive,,4,27.41,2515269000.0,5168151000.0,1.797525954955516,674850000.0,0,,119.17391,5.7888064,3,6,industrial,,4,0.25,4.73505670223138,4.9501138514123255,-4.53724637912714,2,5,6979306240.0,141062000.0,0.020211464456387,0.24521980878654667,0.000825728918366458,0.25579281345117383,True,sec,14,-0.048652409730288455,256082529.88,2026-11-09,,True,False,True,False,False,True,True,False,False,True,False,True,True,False,True,False,False,False,True,False
CFG,"Citizens Financial Group, Inc.",Financial Services,,4,63.7,1635000000.0,233836000000.0,,16349000000.0,13,,13.8779955,1.1185054,3,6,financial,,7,3.86,61.94554971275274,76.69168462014974,0.16940147663331345,3,5,30417961792.0,,,,0.05050512243094107,,False,sec,9,-0.0016250705622744145,250769764.70000002,2026-10-16,,True,True,False,True,False,False,False,True,True,False,True,True,True,True,True,True,,True,,True
CFR,"Cullen/Frost Bankers, Inc.",Financial Services,,4,153.48,121572000.0,53881091000.0,,5539774976.0,33,,14.424811,2.130483,3,6,financial,,6,9.92,71.77506407851541,131.32546499993614,-0.16869945977404016,3,5,8600315904.0,,,,0.04331749151425534,,False,sec,9,0.006951937925681571,84604468.67999999,2026-10-29,,True,True,False,True,False,False,False,True,True,True,False,True,True,True,False,True,,True,,True
CGNX,Cognex Corporation,Technology,,4,62.22,994359000.0,2178650000.0,3.9340650184464265,72477000.0,12,,58.698116,6.4230413,3,6,industrial,,7,0.68,9.687219484356516,15.199833388044647,-3.093465922392204,3,5,10134994944.0,162566000.0,0.016040067202622573,0.30541528010465196,0.019667737563798908,-0.7122054104993905,True,sec,15,-0.06016202694329057,119811018.66,2026-10-28,,False,True,True,False,False,True,True,True,True,False,False,True,True,True,True,False,True,True,False,True
CHCO,City Holding Company,Financial Services,,4,141.39,74288000.0,6773995000.0,,150000000.0,25,,15.486309,2.4560518,3,6,financial,,7,8.93,42.469980913028806,108.74698679352284,-0.3001739557938853,3,5,1869610288.0,,,,0.04683582871015543,,False,sec,9,-0.00013094193308380063,17449222.68,2026-10-21,,True,True,False,True,False,False,False,True,True,True,False,True,True,True,True,True,,True,,True
CHDN,"Churchill Downs, Incorporated",Consumer Cyclical,,4,74.82,2925900000.0,7521000000.0,0.3561442236938926,4773000000.0,33,,12.702887,3.905622,3,6,industrial,,6,5.49,19.267241379310345,50.38632009276384,-0.4849268583665661,2,5,9791971904.0,683800000.0,0.0698327167095597,0.13128465495357072,0.08793911231779476,4.9918202639328175,True,sec,12,-0.051429331205956656,76962096.6,2026-10-28,,True,True,False,True,False,False,False,True,True,False,False,True,True,False,True,False,True,True,False,True
CLSK,"CleanSpark, Inc.",Financial Services,,4,12.52,766314000.0,2702199000.0,5.912135959730854,1780011000.0,0,,,4.222597,3,6,financial,,5,-1.3,2.964540607831235,,,1,5,4792759760.0,318949000.0,0.06654808836068178,0.15661799889645434,0.04509618263115488,2.3639260045198145,True,sec,13,0.30549045425595966,254837751.56,2026-11-24,,True,False,True,True,False,False,False,False,False,True,False,True,False,True,False,False,True,False,True,True
CMC,Commercial Metals Company,Industrials,,4,62.72,7798480000.0,9796355000.0,2.3257899065038794,3400485000.0,41,,11.745318,1.5319982,3,6,industrial,,4,0.74,40.93995511432737,70.13515988949703,0.10572671255302118,2,5,10003739648.0,153043000.0,0.015298578870012592,0.12455204001896623,,2.143259635888802,True,sec,12,-0.06435128167568448,70277634.56,2026-10-15,,True,True,True,False,False,False,False,True,True,False,False,True,True,False,True,False,False,True,False,False
CNK,Cinemark Holdings Inc Cinemark ,Communication Services,,4,36.18,3115000000.0,4433900000.0,0.845,2967600128.0,2,,20.212292,8.373062,3,6,industrial,,5,1.04,4.32099989227358,13.191977022809597,-1.7425760321931236,2,5,6619675136.0,317500000.0,0.047963078773054765,0.45050632625904957,0.07487437891464237,3.9855668915223337,True,mixed,5,,88365272.22,2026-11-04,,True,False,False,True,False,True,False,False,True,True,False,True,True,False,True,False,False,True,False,True
CNO,"CNO Financial Group, Inc.",Financial Services,,4,53.08,4487400000.0,39861200000.0,2.27,4552500224.0,15,,18.303448,1.8985622,3,6,financial,,5,2.3,27.95775785168429,42.71135047249653,-0.24276098537741722,3,5,7915234304.0,553200000.0,0.06989054003372179,,0.07859851328167289,3.633094360784908,False,sec,10,-0.011198860044353907,45546886.4,2026-11-02,,True,True,False,True,False,False,True,True,True,False,False,True,True,False,True,True,,True,,False
CNP,"CenterPoint Energy, Inc (Holdin",Utilities,,4,37.21,9337000000.0,47837000000.0,1.1647213855421688,24890000000.0,65,,22.14881,2.0912719,3,6,utility,,5,1.6,17.501747595128187,25.93405808913125,-0.43479280689952676,2,5,48206980096.0,2110000000.0,0.04376959510423841,0.1951000271756172,0.023418076215306963,6.50989010989011,True,sec,14,-0.02997679620377532,236678856.25,2026-10-27,,True,True,False,True,False,False,False,True,True,False,False,True,True,False,True,True,False,False,False,True
CNR,"Core Natural Resources, Inc.",Energy,,4,87.6,4164775000.0,6122353000.0,1.8254856289937906,447649000.0,5,,44.0201,1.174247,3,6,industrial,,3,-2.98,74.60149069099474,57.794980717068704,-0.5157025560548187,3,5,4322580936.0,-182061000.0,-0.04211858671834942,-0.00018091197580184055,0.05761733388456786,-0.058211049507296025,True,sec,12,-0.0749659485495201,45872353.199999996,2026-11-05,,True,False,True,True,False,False,True,False,True,False,True,False,True,False,True,False,True,False,False,False
CNXC,Concentrix Corporation,Technology,,4,27.01,9825771000.0,10512847000.0,1.1785372287427434,4584874000.0,6,,,0.93073744,3,6,industrial,,4,-20.36,44.383057029722494,,,2,5,5975513440.0,-918183000.0,-0.15365759097012424,0.3267441255446788,0.15692209108481625,3.547930816463147,True,sec,14,-0.19841352204593105,43531584.84,2026-09-29,,True,False,False,True,False,True,False,False,True,False,True,False,True,False,True,False,False,True,False,True
COCO,"The Vita Coco Company, Inc.",Consumer Defensive,,4,57.01,609780000.0,572942000.0,3.355977067730483,14062000.0,0,,31.672222,8.161775,3,6,industrial,,4,1.19,6.984745322070554,16.819408730641086,-2.3895365118359315,3,5,3007629568.0,82532000.0,0.02744087931509523,0.3885122752390294,0.0034160542484814034,-1.3382256348078423,True,sec,14,0.044500141375566814,67601773.88,2026-10-28,,False,True,True,False,False,True,True,True,False,True,False,True,True,True,False,False,True,False,False,False
COF,Capital One Financial Corporati,Financial Services,,4,194.48,8062000000.0,673835000000.0,,45371000000.0,32,,10.901345,1.1585915,3,6,financial,,5,4.03,185.48624729169345,259.5738829883736,0.25077208168623494,3,5,108800532608.0,,,,0.04370946877870466,,False,sec,9,-0.03749434208671262,718046609.28,2026-10-20,,True,True,False,True,False,False,False,True,True,False,True,True,True,False,True,True,,False,,True
COLB,"Columbia Banking System, Inc.",Financial Services,,4,28.73,177000000.0,65380000000.0,,5064000000.0,24,,11.266666,1.0759091,3,6,financial,,4,2.3,26.70277953588363,39.14185328355038,0.2660030736951853,4,5,11353782272.0,,,,0.05425834234932274,,False,sec,9,-0.0029978586723768737,82997895.89,2026-10-22,,True,True,False,True,False,False,False,True,True,True,True,True,True,False,True,True,,False,,False
COLL,"Collegium Pharmaceutical, Inc.",Healthcare,,4,21.84,780567000.0,2135790000.0,1.030775047002599,1217881984.0,0,,17.19685,2.275474,3,6,industrial,,6,1.73,9.597699080352179,16.560883525965597,-0.3187702193398887,1,5,1799429632.0,179636000.0,0.09982941083411034,0.21690194260671694,0.03506678987914514,2.43459047889175,True,sec,15,-0.12469531180499956,15893863.44,2026-11-05,,False,False,True,True,False,True,False,False,False,True,False,True,True,False,True,True,True,False,False,True
CON,Concentra Group Holdings Parent,Healthcare,,4,34.97,2163417000.0,3010275000.0,1.3765406765795418,1573623000.0,3,,22.561293,9.347769,3,6,industrial,,6,1.3,3.7414011177237336,11.422230308992,-2.061573707936035,2,5,5874880232.0,333992000.0,0.05685086109173298,0.21448942550836345,0.012221662205477405,3.454255519034477,True,sec,12,-0.037532119158548635,31938905.31,2026-11-05,,True,True,False,False,False,True,False,True,True,False,False,True,True,False,True,True,False,False,True,True
COR,"Cencora, Inc.",Healthcare,,4,309.78,321332819000.0,83805553000.0,0.9347608953093532,11723241000.0,26,,22.980713,19.375782,3,6,industrial,,6,7.96,15.988132963294404,69.63591159096184,-3.4485667369393185,2,5,68022388656.0,2628601000.0,0.03864317398927656,0.13696632966552943,0.014760387137862768,2.420851727162935,True,sec,14,-0.02769447747692805,426659993.99999994,2026-11-04,,True,True,True,False,False,False,False,True,True,False,False,True,True,False,True,False,True,True,True,False
CORT,Corcept Therapeutics Incorporat,Healthcare,,4,114.025,761407000.0,888702000.0,2.8587144510474505,9421000.0,0,,259.14774,17.435015,3,6,industrial,,5,0.82,6.660400505822622,8.046489787420077,-13.170775457674386,2,5,12027144192.0,44797000.0,0.0037246580971231113,0.8421608143112089,0.014028567732981664,-13.739980207817911,True,sec,14,-0.0476470177854894,150263399.275,2026-11-04,,False,True,True,False,False,True,True,True,False,False,False,True,True,False,True,True,False,False,False,True
CPAY,"Corpay, Inc.",Technology,,4,389.73,4528403000.0,28224167000.0,0.9719851272759242,10623531000.0,0,,23.706203,7.2243133,3,6,industrial,,6,15.03,53.94681142350635,141.2621497285541,-1.7589131324200833,2,5,33049508288.0,1994108000.0,0.060336994506028516,0.1347776357550429,0.027943005719702332,3.124720460783669,True,sec,12,-0.015231662992923759,193261261.05,2026-11-04,,True,True,False,True,False,False,False,True,False,True,False,True,True,False,True,True,False,True,True,False
CPB,The Campbell's Company,Consumer Defensive,,4,19.49,10253000000.0,15648000000.0,0.815347721822542,7137000000.0,42,,14.877863,1.5086308,3,6,industrial,,3,2.01,11.91950464396285,19.51377690619187,0.0012184676654947687,2,5,12555594176.0,1124000000.0,0.08952184852776815,0.1993225971370143,0.08963295634007806,4.32798459563543,True,sec,13,-0.03380623721881391,133681617.64999999,2026-09-03,,True,True,False,True,False,False,False,True,True,False,False,,True,,,False,True,True,,
CPF,Central Pacific Financial Corp ,Financial Services,,4,36.07,37606000.0,7501060000.0,,76547000.0,14,,11.598071,1.5609313,3,6,financial,,7,2.86,23.107856347982892,40.21171772198559,0.10299778165708962,3,5,621985888.0,,,,0.03160944055760931,,False,sec,9,-0.0026642901136639356,5746888.82,2026-10-28,,True,True,False,True,False,False,False,True,True,True,False,True,True,True,True,True,,True,,True
CPT,Camden Property Trust,Real Estate,,4,96.62,12967000.0,9456080000.0,0.352,5448300000.0,34,,31.88779,2.6059282,3,6,financial,,7,3.54,37.83207960199005,50.27647940704291,-0.9217733846826419,2,5,16585665048.0,537156000.0,0.03238676281267199,-0.05855946650197545,0.06296340851173837,5.422799008712372,True,sec,10,-0.04675922792531366,96686474.56,2026-11-05,,True,True,False,True,False,False,False,True,True,False,False,True,True,True,True,False,True,True,True,False
CRGY,Crescent Energy Company,Energy,,4,13.27,3579782000.0,12008376000.0,0.9445549049758638,5166022000.0,5,,165.87502,0.8508592,3,6,industrial,,6,0.07999999035418352,15.595999902216487,5.298376773991846,-1.504540648211067,3,5,10121599520.0,229279000.0,0.022652447327811288,0.2259841855881687,0.02846320317794553,3.5103901285005312,True,sec,10,-0.12884756440004877,79492435.49,2026-11-02,,True,False,False,True,False,True,False,False,True,True,True,True,True,True,True,False,True,False,True,False
CROX,"Crocs, Inc.",Consumer Cyclical,,4,119.24,4040647000.0,4356279000.0,1.4897840607997759,1313208000.0,0,,10.580301,4.145171,3,6,industrial,,5,-1.5,28.78740124740125,85.4069060242662,-0.39614002603162995,0,5,6859903008.0,149515000.0,0.02179549766602181,0.5410707165450147,0.10185813417369703,4.995397666927451,True,sec,14,-0.1817218318661408,124385206.0,2026-10-29,,True,False,False,True,False,True,False,False,False,False,False,False,True,False,True,False,True,True,False,True
CRVL,CorVel Corp.,Financial Services,,4,74.72,958527000.0,689735000.0,1.9410473128864552,28394000.0,0,,33.20889,9.24638,3,6,financial,,7,2.14,8.08146305764273,20.22623615362195,-2.6942117867352073,3,5,3547109120.0,143131000.0,0.040351451043039804,0.3376122713795878,0.014890590744700151,-1.1116071428571428,True,sec,13,-0.06567159851247219,13994682.4,2026-11-03,,False,True,True,False,False,True,True,True,False,True,False,True,True,False,True,True,True,True,True,False
CRWD,"CrowdStrike Holdings, Inc.",Technology,,4,266.09,4812005000.0,12025001000.0,1.5701281896151602,746216000.0,0,,8869.667,53.39956,3,6,industrial,,4,-0.65,4.982999859923939,1.8339915227308599,-144.08791164082658,2,5,268191194728.0,-293292000.0,-0.0010935929507210603,0.2988004741122267,0.0,-41.26805843104594,True,sec,12,-0.14748555946066033,2599559868.8399997,2026-12-01,,True,False,True,False,False,True,True,False,False,True,False,False,True,False,True,True,True,False,False,False
CUBE,CubeSmart,Real Estate,,4,37.53,1123110000.0,6598136000.0,0.1,3541499904.0,22,,25.530611,3.2814548,3,6,financial,,6,1.46,11.698304303289705,19.44939094379379,-0.9296234061239664,3,5,12035298304.0,445416000.0,0.037009136686870774,0.11695803178352189,0.05987833430447584,5.0135742349061,True,sec,10,-0.04201110737941746,86425134.84,2026-10-29,,True,True,False,True,False,False,False,True,True,True,False,True,True,False,True,True,False,True,False,True
CUZ,Cousins Properties Incorporated,Real Estate,,4,27.63,993816000.0,9040873000.0,0.524,3732064000.0,40,,690.75,1.0143543,3,6,financial,,6,0.24,27.239489314283055,4.951272852411854,-4.580383231463587,3,5,8274010376.0,673311000.0,0.08137662021225389,0.07513854027149812,0.04743302283761063,3.421941451495862,True,sec,11,-0.04001516225258335,41636116.71,2026-10-29,,True,True,False,True,False,False,False,True,True,False,True,True,True,False,True,False,True,False,True,True
CVBF,CVB Financial Corporation,Financial Services,,4,22.01,572476992.0,21182781000.0,,1204109056.0,35,,15.284721,1.2238657,3,6,financial,,6,1.52,17.98434340507152,24.138799199007394,0.08818993776189706,2,5,3943563520.0,314000000.0,0.07962341633589308,,0.049592590417241206,,False,sec,9,-0.0005718323764948521,29092840.01,2026-10-21,,True,True,False,True,False,False,False,True,True,False,False,True,True,True,True,,,True,,True
CVI,CVR Energy Inc.,Energy,,4,54.36,7162000000.0,4079000000.0,1.4178364987613543,1783000000.0,1,,78.78261,10.409804,3,6,industrial,,8,0.27,5.2171730774511005,9.003974338895643,-5.037333954315486,2,5,6510843264.0,182000000.0,0.027953368345744283,0.08482471193920078,0.0,1.7880341880341881,True,sec,13,-0.028683500858053445,56367243.0,2026-10-28,,True,True,True,False,False,False,False,True,True,False,False,True,True,True,True,False,True,True,True,True
CVLT,"Commvault Systems, Inc.",Technology,,4,147.77,1183690000.0,1890421000.0,2.04333843526169,917654976.0,0,,94.724365,117.651276,3,6,industrial,,5,1.58,1.2563601255129133,6.639698517494715,-21.255528562124603,1,5,6112081408.0,73990000.0,0.012105532479190434,0.5081249097423273,0.07284239248295274,0.1447482877273472,True,sec,14,-0.09205515596790345,90805994.93,2026-10-27,,False,False,True,True,False,True,False,False,False,True,False,True,True,False,True,False,True,True,False,False
CVNA,Carvana Co.,Consumer Cyclical,,4,63.04,20322000000.0,14552000000.0,3.9264345267287886,5173000000.0,0,,33.892475,11.253123,3,6,industrial,,5,8.45,5.602000440233346,15.31155463718102,-3.117152143840449,2,5,72420555200.0,1881000000.0,0.025973288865368985,0.2880703683342496,-0.007670560288863684,1.3426293881049556,True,sec,12,0.025494777350192413,557020620.48,2026-10-28,,True,False,True,False,False,True,True,False,False,True,False,True,True,True,False,True,True,False,False,False
CWEN,"Clearway Energy, Inc.",Utilities,,4,29.14,1429000000.0,16772000000.0,1.2068181818181818,8922000000.0,12,,33.88372,1.9075674,3,6,utility,,4,0.75,26.662715148027736,17.192748824671007,-0.6949005826331329,2,5,15857972672.0,160000000.0,0.010089562096579201,0.05360124016217505,0.04313359938152274,10.29809976247031,True,sec,13,-0.03094443119484856,34075704.06,2026-11-04,,True,True,False,True,False,False,False,True,True,False,False,True,True,True,True,False,False,False,False,False
CWT,California Water Service Group,Utilities,,4,45.05,963695000.0,5954964000.0,0.7012330583636145,1677538000.0,40,,20.201794,1.5412774,3,6,utility,,4,2.15,29.27104254596614,38.29575888297117,-0.1763704732335833,3,5,4419944392.0,170369000.0,0.038545507565290654,0.11346099081934664,0.025572792649522634,5.156624338891484,True,sec,12,-0.029347112761722825,21347032.599999998,2026-10-29,,True,True,False,True,False,False,False,True,True,True,False,True,True,False,True,False,True,False,False,False
CXM,"Sprinklr, Inc.",Technology,,4,5.22,857200000.0,1051779000.0,1.5550389811743301,41352000.0,0,,47.454544,2.3824737,3,6,industrial,,6,0.09,2.1910000517529324,2.328674578875784,-1.2416184929197205,2,5,800383424.0,40239000.0,0.050274654363656586,0.5493387869504905,0.12140591749023603,-2.379701013579619,True,sec,13,-0.12957855214831251,17634167.46,2026-12-02,,False,False,True,True,False,True,True,False,False,True,False,True,True,False,True,True,False,True,False,True
CXW,"CoreCivic, Inc.",Industrials,,4,32.49,2211182000.0,3455639000.0,1.3187447720257153,1347020000.0,0,,25.58268,2.233604,3,6,industrial,,7,1.08,14.54579191651583,20.387541674631272,-0.593620286276502,1,5,4451135600.0,219405000.0,0.04929191552825306,0.15925542789222238,0.071281812767534,3.3107520678275337,True,sec,11,-0.022598425356352328,53241850.35,2026-11-04,,True,True,False,True,False,False,False,True,False,False,False,True,True,True,True,False,True,True,False,True
CZR,"Caesars Entertainment, Inc.",Consumer Cyclical,,4,29.62,11486000000.0,31742000000.0,0.851421188630491,11699000000.0,0,,,1.7903771,3,6,industrial,,6,-2.42,16.65604307226089,,,1,5,16769967488.0,1858000000.0,0.11079329768107896,0.1815164828218338,0.037939236825789875,3.277557251908397,True,sec,12,-0.05478545775313465,116648062.24000001,2026-10-27,,True,False,False,True,True,False,False,False,False,True,False,False,True,False,True,True,True,True,False,True
DAL,"Delta Air Lines, Inc.",Industrials,,4,84.13,63364000000.0,86321000000.0,0.42364004285204143,12905000000.0,4,,13.951906,2.5224116,3,6,industrial,,6,7.66,32.73649635807191,67.26937608942639,-0.2506433817397009,3,5,63565822976.0,5822000000.0,0.09159009869498838,0.18830010944820885,0.007952886669049086,0.9969751966122202,True,sec,12,-0.0386580322285423,521718145.28999996,2026-10-09,,True,True,True,False,False,False,False,True,True,True,False,True,True,True,True,True,True,False,False,False
DAN,Dana Incorporated,Consumer Cyclical,,4,27.63,7500000000.0,6113000000.0,1.4865491651205938,1344000000.0,15,,,1.5480726,3,6,industrial,,6,0.64,17.84782088982951,,,2,5,3985343552.0,139000000.0,0.03487779615141194,0.0984786520530018,0.23685014456902187,2.09297520661157,True,sec,13,-0.06985113692131523,40155977.61,2026-10-28,,True,False,True,True,False,False,False,False,True,True,False,True,True,True,True,False,False,True,True,False
DASH,"DoorDash, Inc.",Consumer Cyclical,,4,182.175,13717000000.0,19561000000.0,1.3680104031209364,3304999936.0,0,,95.379585,7.955588,3,6,industrial,,5,2.13,22.89899879179264,31.37012007266778,-4.8072777400277085,1,5,76904636416.0,723000000.0,0.009401253730517345,0.3550027977007986,0.0,-0.7472145292479109,True,sec,12,-0.07647870763253413,757062279.225,2026-11-04,,True,False,True,False,False,True,False,False,False,True,False,True,True,True,True,False,False,False,True,False
DD,"DuPont de Nemours, Inc.",Basic Materials,,4,129.2,6849000000.0,21061000000.0,2.4267866066966515,3125000000.0,55,,55.450645,1.2671263,3,6,industrial,,6,-1.86,101.96324605980998,73.1123122427684,-0.7671442201279755,2,5,18832553024.0,513000000.0,0.02724006667318225,0.11219790133421965,0.03238276446117193,1.5565381960717344,True,sec,12,-0.02241109159109254,174117284.39999998,2026-11-05,,True,False,True,True,False,False,True,False,True,False,False,False,True,False,True,True,False,True,True,True
DE,Deere & Company,Industrials,,4,667.26,45684000000.0,107607000000.0,2.132,17115000000.0,55,,37.07,6.427643,3,6,industrial,,5,18.5,52.17817269257886,205.04499996042088,-2.2542124905693814,3,5,188097246400.0,9039000000.0,0.04805492995244613,0.15373221631004944,0.015885698881461817,0.7265708200212992,True,sec,10,-0.022600760173594654,807447989.7,2026-11-25,,True,True,True,False,False,False,True,True,True,False,False,True,True,False,True,False,True,True,False,False
DEA,"Easterly Government Properties,",Real Estate,,4,23.23,336099000.0,3416399000.0,0.604,1707185000.0,12,,122.26316,0.8345308,3,6,financial,,5,0.27,27.794168572050275,10.908661755082836,-1.1295004393344674,3,5,2842289864.0,88011000.0,0.03096482210162081,0.07569461295358065,0.027204732674086678,7.922480173726078,True,sec,10,-0.07206154784613858,8893280.28,2026-10-26,,True,True,False,True,False,False,False,True,True,False,True,True,True,False,True,False,False,False,True,True
DGII,Digi International Inc.,Technology,,4,73.39,430221000.0,964351000.0,1.1287658033584322,108130000.0,0,,58.246033,4.0639014,3,6,industrial,,5,1.08,15.388444273390109,22.626813102800625,-2.243496981504487,2,5,2865170736.0,56290000.0,0.01964629866301971,0.2806830707906146,0.002472520111304798,0.8880296903561735,True,sec,14,-0.06963750750504744,27838294.8,2026-11-11,,False,True,True,False,False,True,False,True,False,True,False,True,True,True,True,False,False,False,True,False
DHR,Danaher Corporation,Healthcare,,4,211.76,24568000000.0,92367000000.0,1.6509561998766193,26558000000.0,34,,37.74688,2.8307889,3,6,industrial,,5,5.05,74.80580452411438,97.17194934759348,-1.1792297203230322,2,5,171074319488.0,4690000000.0,0.027414985569058362,0.15723147877488713,0.026641709804206645,4.082720588235294,True,sec,14,-0.030335509435187893,992799913.76,2026-10-21,,True,True,False,True,False,False,False,True,True,False,False,True,True,False,True,False,True,True,False,False
DLR,"Digital Realty Trust, Inc.",Real Estate,,4,176.49,6112692000.0,48859973000.0,0.89,20074991616.0,23,,86.09269,2.4455438,3,6,financial,,6,3.58,66.97376219463264,57.695308587426204,-2.059000884492422,3,5,86318604288.0,658492000.0,0.007628621957358773,0.06852707810822598,0.02593196681328143,5.178107188652411,True,sec,10,-0.022492255572879667,427425070.41,2026-10-29,,True,True,False,True,False,False,False,True,True,True,False,True,True,True,True,False,False,False,True,True
DMC,Del Monte Corporation,Consumer Defensive,,4,29.56,4322300000.0,3382400000.0,2.225705329153605,433400000.0,17,,42.228573,0.69425523,3,6,industrial,,8,1.88,42.57817668428886,25.896013082734815,-0.14148845637199683,3,5,1790942112.0,137400000.0,0.07671939761724694,0.11799314096499527,0.0625698658566368,1.8928060981419723,True,sec,14,-0.04482024597918638,11323017.12,2026-10-28,,True,False,True,True,False,False,True,False,True,False,True,True,True,False,True,True,True,True,True,True
DOC,"Healthpeak Properties, Inc.",Real Estate,,4,19.44,603989000.0,21680046000.0,2.286,10032186000.0,40,,55.54286,1.7085603,3,6,financial,,5,0.1,11.378019841555133,9.465820068515258,-1.053704788310985,2,5,22187294104.0,589472000.0,0.026567998658913888,-0.02171914210883132,0.0686579927172468,6.272702678294511,True,sec,10,-0.054456157519222975,105132492.0,2026-11-02,,True,True,False,True,False,False,False,True,True,False,False,True,True,False,True,False,False,True,False,True
DTE,DTE Energy Company,Utilities,,4,123.27,16465000448.0,55108000000.0,0.9527114967462039,26711000000.0,65,,19.504745,2.111366,3,6,utility,,5,7.03,59.23712893830947,91.1164424427181,-0.352884251132783,3,5,52124015680.0,2374000000.0,0.04554522457698716,0.088650908149299,0.03395577044066584,6.280664294187426,True,sec,11,-0.03533062350293968,182565581.94,2026-10-29,,True,True,False,True,False,False,False,True,True,True,False,True,True,False,True,False,True,False,False,True
DUK,Duke Energy Corporation (Holdin,Utilities,,4,113.74,31741000000.0,198048000000.0,0.6612570079669519,90245000000.0,44,,17.129519,1.6496968,3,6,utility,,7,6.31,69.9961439588689,101.49153779046817,-0.1206845661834298,3,5,176788323392.0,8626000000.0,0.04879281524081891,0.08428699881473005,0.03703063749070375,5.395284751990202,True,sec,12,-0.03717280659234125,465334794.09999996,2026-11-05,,True,True,False,True,False,False,False,True,True,True,False,True,True,True,True,True,False,False,True,True
DXPE,"DXP Enterprises, Inc.",Industrials,,4,182.31,2016365000.0,1769510000.0,2.993157074110369,824945000.0,0,,31.87238,5.2276764,3,6,industrial,,7,5.37,34.87504111550393,66.99465494203534,-1.7212618701855695,2,5,3427258328.0,176870000.0,0.05160684811967871,0.35938084554481187,0.006079680984041194,3.1954743059783595,True,sec,14,-0.003157371249667987,24161179.68,2026-11-05,,True,True,False,False,False,True,False,True,False,True,False,True,True,True,True,False,True,True,True,False
DY,"Dycom Industries, Inc.",Industrials,,4,269.96,5545912000.0,6540044000.0,2.3480861768541064,2795336000.0,0,,24.653881,3.9443038,3,6,industrial,,4,9.56,68.44301627253765,129.85624841917686,-1.0789142092613613,2,5,10597507520.0,434387000.0,0.040989543926268426,0.19068109985613416,0.003707205546998381,2.5100168610805182,True,sec,11,-0.055275316190533275,156117328.07999998,2026-11-25,,True,True,True,False,False,False,False,True,False,True,False,True,True,False,True,False,False,False,True,False
EBC,"Eastern Bankshares, Inc.",Financial Services,,4,21.08,134091000.0,31141955000.0,,571088000.0,6,,11.776537,1.0741948,3,6,financial,,3,0.43,18.715566803579875,28.113281568591418,0.25017647091220785,3,5,4863841792.0,,,,0.04407410520809983,,False,sec,10,-0.01105264585990186,50409763.4,2026-10-22,,True,True,False,True,False,False,False,True,True,False,True,True,True,False,True,False,,False,,False
ECPG,Encore Capital Group Inc,Financial Services,,4,94.3,88388000.0,5565263000.0,11.376,4033394000.0,0,,7.1656537,1.8540729,3,6,financial,,7,10.91,50.86128530340893,122.7189528471569,0.23157753702927966,1,5,5850505264.0,626647000.0,0.10710989422673563,0.1808740027716394,0.04520002223311905,5.874917417726695,True,sec,10,0.018651589331896805,34051730.0,2026-11-04,,True,False,False,True,True,False,False,False,False,True,False,True,True,True,False,True,False,True,True,True
ED,"Consolidated Edison, Inc.",Utilities,,4,103.5,17049000000.0,74741000000.0,1.189178963299281,26670000000.0,65,,17.221296,1.4889729,3,6,utility,,6,5.64,69.55434782608695,96.95167047987384,-0.06754220414887566,3,5,64800263360.0,2935000000.0,0.0452930257967396,0.12075921879817166,0.030461947841821886,5.046232876712328,True,sec,12,-0.06419471240684498,224960458.5,2026-11-05,,True,True,False,True,False,False,False,True,True,True,False,True,True,True,True,True,False,False,False,True
ELF,"e.l.f. Beauty, Inc.",Consumer Defensive,,4,104.09,1636472000.0,2460649000.0,2.5464999881536237,831996000.0,0,,106.21428,5.2483234,3,6,industrial,,3,0.44,19.832873735200213,20.912141974531654,-3.977491073213278,1,5,6629896952.0,73632000.0,0.011106054970852585,0.47034217395492,0.007194558566919946,3.188087036661808,True,sec,14,-0.07566824849866845,214347020.23000002,2026-11-04,,True,True,False,False,False,True,False,True,False,False,False,True,True,False,True,False,False,False,False,False
ELS,"Equity Lifestyle Properties, In",Real Estate,,4,57.62,1531382000.0,5800675000.0,0.139,3345866000.0,34,,28.107317,6.3570166,3,6,financial,,6,2.01,9.064031058678282,20.44693160953066,-1.8180267386986486,3,5,14863675720.0,391349000.0,0.026329220804609966,0.1271566627383018,0.03357987257321083,5.514818973617396,True,sec,10,-0.02914953863127998,88692967.88,2026-10-21,,True,True,False,True,False,False,False,True,True,True,False,True,True,True,True,False,True,False,True,False
EMN,Eastman Chemical Company,Basic Materials,,4,64.05,8752000000.0,15424000000.0,1.4982394366197183,5217000000.0,33,,16.67969,1.2012154,3,6,industrial,,5,4.1,27.187807460050713,67.87439320713507,0.05634515501986171,2,5,11848620416.0,787000000.0,0.06642123490910894,0.1195539419087137,0.05203055441294091,3.517588009422565,True,sec,13,-0.032157676348547715,71534370.6,2026-11-02,,True,True,False,True,False,False,False,True,True,False,False,True,True,False,True,True,False,True,False,False
ENR,"Energizer Holdings, Inc.",Industrials,,4,21.21,2952700000.0,4466000000.0,2.0717430717430716,3305100000.0,12,,17.823528,7.1486344,3,6,industrial,,6,3.32,2.636418949027655,8.912992639486006,-1.3796721099079845,2,5,4584237984.0,438400000.0,0.09563203340012288,0.27601880877742946,0.12171798737622548,7.090102228140258,True,sec,13,0.02057769816390506,21089103.0,2026-11-17,,True,False,False,True,False,True,False,False,True,True,False,True,True,True,False,False,True,True,True,False
ENSG,"The Ensign Group, Inc.",Healthcare,,4,169.63,5032118000.0,5749396000.0,1.2109959437115096,139744000.0,20,,26.587774,4.0142465,3,6,industrial,,6,5.84,41.90156507413509,77.88447794042936,-1.1779692755948497,3,5,9705349664.0,425306000.0,0.0438218111375817,0.17619972602339445,0.003480521437872563,-0.3419348869877821,True,sec,14,-0.03831689450509236,65529595.67,2026-11-03,,True,True,True,False,False,False,False,True,True,True,False,True,True,False,True,True,False,False,True,True
EPR,EPR Properties,Real Estate,,4,55.49,718357000.0,6052113000.0,1.666,3293013000.0,30,,17.728434,1.8394272,3,6,financial,,7,3.28,27.20442905271367,46.0924182744106,-0.20388562972853858,3,5,7527844992.0,414301000.0,0.05503580379780487,0.10765238969627153,0.07048317020746397,5.616169718284513,True,sec,10,-0.024126614952496756,42886001.4,2026-10-28,,True,True,False,True,False,False,False,True,True,True,False,True,True,True,True,False,True,False,True,True
EQH,"Equitable Holdings, Inc.",Financial Services,,4,51.95,11665000000.0,334657000000.0,2.03,3839000000.0,9,,,-7.6565957,3,6,financial,,3,-4.83,-2.874580633473495,,,3,5,826182656.0,-969000000.0,-1.1728641275180678,,0.12448675100550517,-10.848360655737705,False,sec,8,-0.002133531884885121,148218337.20000002,2026-11-02,,True,False,True,True,False,False,True,False,True,False,True,False,True,False,True,False,,True,,False
EQT,EQT Corporation,Energy,,4,50.09,8644211000.0,41320840000.0,0.6729367146609198,5655714000.0,5,,11.62181,1.2404349,3,6,industrial,,8,3.31,40.381056828555124,62.57752996358455,0.1995529381049613,3,5,36874949048.0,3249619000.0,0.08812538278412213,0.17211946804566414,0.012435586005223521,0.947494439752144,True,sec,13,-0.07470092573142269,356771334.54,2026-10-20,,True,True,True,False,False,False,False,True,True,True,False,True,True,True,True,True,True,False,True,True
ESS,"Essex Property Trust, Inc.",Real Estate,,4,269.51,9381000.0,12898302000.0,0.249,6386526000.0,32,,42.045246,3.25393,3,6,financial,,5,10.4,82.8259528817816,109.29582968053919,-1.4658763357005555,3,5,24906303320.0,899316000.0,0.036107967868432754,0.10225981683480508,0.035227437026255214,4.199598767767102,True,sec,11,-0.028813870228809962,134393317.57999998,2026-10-27,,True,True,False,True,False,False,False,True,True,True,False,True,True,False,True,False,True,False,False,True
ETN,"Eaton Corporation, PLC",Industrials,,4,437.28,27448000000.0,56181000000.0,1.2404064153161474,20611000000.0,55,,44.439022,8.385526,3,6,industrial,,7,10.45,52.14727085478888,107.44927072263039,-3.0696413950430137,3,5,189755558656.0,5173000000.0,0.02726138847599146,0.18363859667859242,0.020537029344646015,3.118541938305967,True,sec,13,-0.006852850607856749,923581711.68,2026-11-03,,True,True,False,True,False,False,False,True,True,True,False,True,True,True,True,True,False,True,False,True
ETSY,"Etsy, Inc.",Consumer Cyclical,,4,72.84,2883501000.0,2439167000.0,1.4762321982569622,2985505000.0,0,,23.05063,-4.8228827,3,6,industrial,,5,1.39,-15.10315037349789,,,2,5,8548599144.0,266210000.0,0.031140774706560508,0.8468878924649276,0.11620861504487842,5.062333075219736,True,sec,15,-0.21745702528773142,220765730.04000002,2026-11-04,,True,False,False,True,False,True,False,False,False,True,True,True,True,False,True,True,False,True,False,False
EVRG,"Evergy, Inc.",Utilities,,4,78.79,5705100000.0,34481500000.0,0.44551920341394025,15474300000.0,41,,20.048346,1.7769508,3,6,utility,,4,3.66,44.061402626898776,62.61600903111236,-0.2583044052017302,3,5,33622286688.0,1532900000.0,0.04559178304035762,0.09178314211231718,0.03368859259195793,5.733325914385341,True,sec,12,-0.03449965923756217,166820648.78,2026-11-05,,True,True,False,True,False,False,False,True,True,True,False,True,True,False,True,False,False,False,True,False
EVTC,"Evertec, Inc.",Technology,,4,27.39,931818000.0,2479618000.0,1.7024243462804132,1286705000.0,14,,17.785715,2.5514672,3,6,industrial,,7,2.2,10.735024461386095,19.286464936271027,-0.42016694560178763,2,5,2662668080.0,186440000.0,0.07001999287872186,0.20625454688101794,0.05014841300442433,4.915425888665325,True,sec,12,-0.0330724329312015,11691914.52,2026-11-04,,False,True,False,True,False,True,False,True,True,False,False,True,True,True,True,True,True,True,False,False
EWBC,"East West Bancorp, Inc.",Financial Services,,4,125.02,2888595968.0,84763472000.0,,45302000.0,28,,11.906667,1.8526146,3,6,financial,,7,9.52,54.04032121589155,126.26503650958948,0.009860500927308767,3,5,12085601144.0,,,,0.026249353077454022,,False,sec,8,-0.0020846243768778134,97146791.0,2026-10-20,,True,True,False,True,False,False,False,True,True,True,False,True,True,True,True,True,,True,,True
EXC,Exelon Corporation,Utilities,,4,40.47,24258000000.0,117545000000.0,0.9388819357530246,50850000000.0,54,,14.878676,1.4066737,3,6,utility,,6,2.72000008602916,28.655913978494624,41.96098132183201,0.03553256560890444,3,5,91831380032.0,5148000000.0,0.05605926860955485,0.08933687912842068,0.022209228181095504,5.703219201456035,True,sec,11,-0.029656727210855417,322425865.98,2026-11-03,,True,True,False,True,False,False,False,True,True,True,False,True,True,True,True,False,True,False,True,False
EXPO,"Exponent, Inc.",Industrials,,4,69.9,582014000.0,652723000.0,1.9767989964393873,80721000.0,14,,29.369747,11.511858,3,6,industrial,,6,2.07,4.392469599890423,18.032071475380423,-2.8764265156910005,4,5,3337563392.0,119787000.0,0.03589055425497668,,0.0473941198638763,-1.0244190260270583,False,sec,12,-0.039405689702982735,34819007.400000006,2026-10-29,,False,True,True,True,False,False,True,True,True,True,False,True,True,False,True,True,False,True,,True
EXR,Extra Space Storage Inc,Real Estate,,4,133.08,129476000.0,29660493000.0,0.886,14414687232.0,23,,29.442478,2.1207292,3,6,financial,,7,4.59,62.75241148095936,79.88665991694901,-0.6658601090388725,3,5,42753273856.0,1412691000.0,0.03304287303840575,-0.026589982843508365,0.0518825055015722,6.178210084809148,True,sec,11,-0.02954077668230262,161416192.08,2026-10-28,,True,True,False,True,False,False,False,True,True,True,False,True,True,True,True,False,True,True,False,True
EYE,"National Vision Holdings, Inc.",Consumer Cyclical,,4,16.4,1987488000.0,1983493000.0,0.5923488222731617,230090000.0,0,,26.451612,1.4454433,3,6,industrial,,8,0.37,11.346044282050107,12.580807147219316,-0.30357295903902504,0,5,1490828640.0,58829000.0,0.039460604942496945,0.5888148177274739,0.0024715889881849872,1.2941105873410632,True,sec,12,-0.05883207049382075,35181116.0,2026-11-04,,True,False,True,False,False,True,False,False,False,False,False,True,True,True,True,True,True,False,True,True
FANG,"Diamondback Energy, Inc.",Energy,,4,185.51,15026000000.0,70218000000.0,0.46671363156040857,12614000000.0,9,,35.335236,1.3733039,3,6,industrial,,5,5.73,135.0833539855228,126.31975062818186,-0.46857478009153714,2,5,64098467328.0,1266000000.0,0.01975086227135069,0.0734741552794157,0.016998268514094864,1.9276649746192893,True,sec,12,-0.10269446580648836,432576855.75,2026-11-02,,True,True,True,False,False,False,False,True,True,False,False,True,True,False,True,False,False,True,False,True
FBK,FB Financial Corporation,Financial Services,,4,52.09,650777024.0,16796101000.0,,212764000.0,9,,13.780423,1.3442928,3,6,financial,,4,2.45,38.7486342400582,57.407337588964154,0.09262470290882019,2,5,1703768024.0,,,,0.07409805947836146,,False,sec,8,-0.0019790902662469106,23023363.28,2026-10-13,,True,True,False,True,False,False,False,True,True,False,False,True,True,False,True,True,,False,,False
FBP,First BanCorp. New,Financial Services,,4,26.66,1000818000.0,19241235000.0,,290000000.0,9,,11.248945,2.0452628,3,6,financial,,7,2.15,12.948031381238843,26.364585498999105,-0.011204974226206213,3,5,3798810064.0,,,,0.06613832947281047,,False,sec,9,-0.005388947227140046,36011394.9,2026-10-22,,True,True,False,True,False,False,False,True,True,True,False,True,True,True,True,True,,True,,True
FBRT,"Franklin BSP Realty Trust, Inc.",Real Estate,,4,6.47,29633000.0,6383846000.0,8.697,4187389952.0,6,,15.046511,0.43816876,3,6,financial,,7,0.64,18.19581072843413,11.95244987211657,0.45868838027142667,5,5,5006661632.0,85022000.0,0.0169817747332041,0.03511032234099633,0.29767888784439805,,True,sec,9,-0.032559526028666734,11548186.54,2026-10-28,,True,True,False,True,False,False,True,True,True,True,True,True,True,False,True,True,True,True,True,False
FCF,First,Financial Services,,4,20.28,507073984.0,12207826000.0,,263030000.0,35,,12.365854,1.3015853,3,6,financial,,6,1.47,15.520714825193197,23.977882897949865,0.15422057542311363,3,5,2132809272.0,,,,0.04454004309773832,,False,sec,8,-0.002886509031173937,17053675.080000002,2026-10-27,,True,True,False,True,False,False,False,True,True,True,False,True,True,True,True,True,,False,,True
FCX,"Freeport-McMoRan, Inc.",Basic Materials,,4,69.28,25186000000.0,59727000000.0,2.066073512252042,9386000000.0,9,,33.960785,4.947511,3,6,industrial,,6,2.0399999587759825,12.359557467732023,25.352272465725235,-1.7326938874478586,2,5,104793293440.0,6518000000.0,0.06219863682146719,0.109967016592161,0.009770091902100096,0.6055695046792969,True,sec,12,-0.05702613558357192,944791589.76,2026-10-22,,True,True,True,False,False,False,False,True,True,False,False,True,True,True,True,True,False,True,False,False
FDXF,"FedEx Freight Holding Company, ",Industrials,,4,110.67,8795000000.0,6884000000.0,1.5166163141993958,4527000000.0,0,,24.925674,-33.294224,3,6,industrial,,4,4.38,-3.3242980206286807,,,2,5,21074171328.0,540000000.0,0.025623783331519854,0.37027890761185356,0.0029007979097175154,4.303231939163498,True,sec,11,0.07088901801278326,151483767.96,2026-10-29,,True,True,False,False,False,True,False,True,False,False,True,True,True,False,False,False,True,True,False,False
FE,FirstEnergy Corp.,Utilities,,4,43.39,15090000000.0,56917000000.0,0.5218284540318439,28060000000.0,29,,23.327957,1.9410396,3,6,utility,,5,1.76,21.876414251012665,30.58618832774953,-0.41861416450621036,3,5,53115185664.0,2206000000.0,0.04153237859234606,0.17628434459072695,0.04046650284092948,7.2372093023255815,True,sec,12,-0.04708610784124251,182461458.5,2026-10-21,,True,True,False,True,False,False,False,True,True,True,False,True,True,False,True,False,True,False,False,True
FFBC,First Financial Bancorp.,Financial Services,,4,31.51,952892992.0,22439679000.0,,992082000.0,39,,11.056141,1.1070124,3,6,financial,,3,2.66,27.094282641726657,42.72298956765745,0.2624579806125274,4,5,4099530920.0,,,,0.02856108294829415,,False,sec,8,-0.015045018914931894,29481449.220000003,2026-10-22,,True,True,False,True,False,False,False,True,True,True,True,True,True,False,True,False,,False,,False
FFIN,"First Financial Bankshares, Inc",Financial Services,,4,31.75,637203008.0,15306437000.0,,21829000.0,34,,16.97861,2.2638147,3,6,financial,,6,1.77,13.933082976713674,24.292011861738825,-0.3070140168179274,3,5,3992095320.0,,,,0.02329272502428841,,False,sec,8,-0.0029965170862428663,23624000.25,2026-10-22,,True,True,False,True,False,False,False,True,True,True,False,True,True,True,True,True,,False,,True
FG,"F&G Annuities & Life, Inc.",Financial Services,,4,21.98,5731000000.0,103592000000.0,0.941,2239000000.0,4,,7.1363635,0.62444955,3,6,financial,,4,1.88,35.19914110735398,49.389176736854566,0.5549632236813868,2,5,3013955840.0,487000000.0,0.16158166404986213,,-0.04239119944244871,1.0333762053915276,False,sec,9,-0.042792879759054755,14158592.84,2026-11-05,,True,False,True,False,True,False,False,False,True,False,True,True,True,False,True,True,,False,,False
FHB,"First Hawaiian, Inc.",Financial Services,,4,24.9,880788000.0,23646049000.0,,0.0,11,,10.686695,1.0721205,3,6,financial,,6,2.2,23.224961171717762,34.89370608907191,0.2864042605151009,4,5,2017369728.0,,,,0.07613406688892056,,False,sec,9,-0.0024868425164812948,55486637.099999994,2026-10-23,,True,True,False,True,False,False,False,True,True,True,True,True,True,True,True,,,True,,True
FHN,First Horizon Corporation,Financial Services,,4,23.05,3419000000.0,84437000000.0,,3003000000.0,16,,11.081731,1.2872779,3,6,financial,,5,1.87,19.34503962704131,28.948244375900543,0.20375136741663133,3,5,12295562688.0,,,,0.11281469968152616,,False,sec,9,0.004192474862915546,119630007.10000001,2026-10-15,,True,True,False,True,False,False,False,True,True,True,False,True,True,True,False,False,,True,,True
FIBK,"First Interstate BancSystem, In",Financial Services,,4,35.77,1058600000.0,25885000000.0,,146300000.0,17,,11.248427,1.0286422,3,6,financial,,6,2.94,34.77411436110011,49.880653365468056,0.2828883026467479,4,5,2388245760.0,,,,0.09275322839902272,,False,sec,8,-0.00013521344407958278,40700858.730000004,2026-10-28,,True,True,False,True,False,False,False,True,True,True,True,True,True,True,True,False,,True,,True
FITB,Fifth Third Bancorp,Financial Services,,4,50.41,577000000.0,300180000000.0,,22269000000.0,41,,16.973064,1.4148586,3,6,financial,,7,3.53,38.035562368369966,48.794549491809235,-0.03310719178710595,3,5,63611451328.0,,,,0.036923250842222505,,False,sec,9,-0.00663601838896662,289679855.15999997,2026-10-19,,True,True,False,True,False,False,False,True,True,True,False,True,True,True,True,True,,True,,True
FIX,"Comfort Systems USA, Inc.",Industrials,,4,1685.29,1831286000.0,8487806000.0,1.2138159908940764,54064000.0,22,,41.417797,18.408411,3,6,industrial,,7,28.88,91.3996875,289.51045654816403,-4.82117143571852,3,5,57511922288.0,209098000.0,0.0036357331085702348,0.04752889026916968,0.00480221317058901,-6.632571878982534,True,sec,14,-0.01929803767899502,703542848.6899999,2026-10-22,,True,True,True,False,False,False,False,True,True,True,False,True,True,True,True,False,True,True,True,False
FIZZ,National Beverage Corp.,Consumer Defensive,,4,29.69,1180552000.0,582268000.0,2.3920660770753153,58771000.0,1,,15.708995,7.4579253,3,6,industrial,,6,1.96,3.6045986892935193,13.011226626750668,-1.281875556525801,4,5,2726161408.0,230110000.0,0.08440806157872219,0.7509634738642686,0.00024213525131431445,-1.2044936745565562,True,sec,14,0.004111508789766911,13369169.48,2026-12-10,,False,True,True,False,False,True,True,True,True,True,False,True,True,False,False,True,True,True,True,False
FN,Fabrinet,Technology,,4,451.44,4641097000.0,3910961000.0,2.252711166562695,4013000.0,0,,32.4777,6.59152,3,6,industrial,,4,13.05,68.48793956633963,146.35443124185372,-2.0845666657949433,3,5,15306249216.0,462887000.0,0.030241700201518527,0.14229520570519624,0.00032335450444913246,-0.6457142652141042,True,sec,15,0.05530661134181599,389349393.84,2026-11-02,,True,True,True,False,False,False,True,True,False,True,False,True,True,True,False,True,False,False,False,False
FNB,F.N.B. Corporation,Financial Services,,4,17.24,1744899968.0,50999000000.0,,4683000000.0,40,,10.261905,0.89127845,3,6,financial,,6,1.56,18.235848497605264,27.04007069095627,0.3624277023149192,4,5,8444818176.0,,,,0.036500999960537205,,False,sec,8,0.0016274828918214084,81985682.0,2026-10-19,,True,True,False,True,False,False,False,True,True,True,True,True,True,True,False,True,,True,,True
FORM,"FormFactor, Inc.",Technology,,4,148.44,784993000.0,1342480000.0,4.0782688149118265,11644000.0,0,,102.37241,10.434416,3,6,industrial,,4,0.69,14.226186456922923,21.543520160208896,-5.890238869791122,3,5,11262244896.0,57070000.0,0.005067373381329107,0.23006003813837078,0.0022631471901426773,-3.5284125122809242,True,sec,15,-0.045465854239914186,194653231.44,2026-10-28,,False,True,True,False,False,True,True,True,False,True,False,True,True,False,True,True,False,False,False,False
FOUR,"Shift4 Payments, Inc.",Technology,,4,35.58,4180000000.0,8699000000.0,1.211111111111111,4511000000.0,0,,55.593754,4.58328,3,6,industrial,,6,0.6399999539516615,7.762999423993296,10.572945836537512,-2.365192686133341,2,5,6964401088.0,351000000.0,0.05039916506313658,0.16389303339837025,0.12992092925394352,5.306513409961686,True,sec,10,-0.05598344637314634,61507644.12,2026-11-05,,True,True,False,True,False,False,False,True,False,True,False,True,True,False,True,False,True,True,True,False
FR,"First Industrial Realty Trust, ",Real Estate,,4,58.87,727076000.0,5780665000.0,1.498,2584134912.0,14,,21.407272,2.8119028,3,6,financial,,6,1.87,20.935606273696294,35.99187560499823,-0.6356469067098204,2,5,10436787200.0,329578000.0,0.03157849189451712,0.09416110635555296,0.028664914183916652,4.814262454849989,True,sec,9,-0.03698882395018566,62679536.57,2026-10-21,,True,True,False,True,False,False,False,True,True,False,False,True,True,False,True,False,True,False,True,True
FRT,Federal Realty Investment Trust,Real Estate,,4,108.03,1278975000.0,9096770000.0,0.564,4963602000.0,40,,21.824244,2.928833,3,6,financial,,4,4.68,38.329250894874576,64.0941992730832,-0.6854879415798855,3,5,14291772136.0,602199000.0,0.04213606222303963,0.09420029220871676,0.035843928036748095,4.997694942791078,True,sec,10,-0.023228134821480593,91148151.9,2026-10-30,,True,True,False,True,False,False,False,True,True,True,False,True,True,True,True,False,False,False,False,False
FUL,H. B. Fuller Company,Basic Materials,,4,50.23,3473589000.0,5427048000.0,1.8163339897635995,2054547000.0,40,,13.761643,1.246897,3,6,industrial,,7,2.75,40.28422153554184,57.518030071837366,0.12670861750193732,2,5,4661153672.0,348220000.0,0.07470682678663679,0.1991239067721531,0.04104685802560192,3.7173187222243325,True,sec,14,-0.02055003014530183,39005001.44,2026-09-23,,True,True,False,True,False,False,False,True,True,False,False,True,True,True,True,True,False,True,True,False
FULT,Fulton Financial Corporation,Financial Services,,4,22.59,276768000.0,34556720000.0,,691808000.0,41,,10.860578,1.1937853,3,6,financial,,6,2.08,15.373264433130753,29.75897078692524,0.24090116685335652,4,5,3741500808.0,,,,0.046268748755692354,,False,sec,9,0.002521246229387511,38535919.56,2026-10-21,,True,True,False,True,False,False,False,True,True,True,True,True,True,True,False,True,,True,,True
FUN,Six Flags Entertainment Corpora,Consumer Cyclical,,4,10.88,3100289000.0,7435253000.0,0.41976551867245243,4986972000.0,0,,,9.70562,3,6,industrial,,4,-15.89,1.1213335548757244,,,0,5,5965645536.0,-1375007000.0,-0.230487546017015,0.38069787268839406,0.06692409019457192,6.3819467964970125,True,sec,13,-0.2524372741586601,24055843.200000003,2026-11-04,,True,False,False,True,False,True,False,False,False,False,False,False,True,False,True,False,True,False,False,True
GATX,GATX Corporation,Industrials,,4,168.88,1740400000.0,17720900000.0,3.302,12549600000.0,45,,16.837488,2.1413267,3,6,industrial,,6,9.12,78.86688643876467,133.41030088355288,-0.26586926857624604,3,5,17764817824.0,670600000.0,0.03774876875427507,0.0473346481846718,0.02596305741651118,9.90312273569608,True,sec,9,-0.01776433476855013,37341732.32,2026-10-20,,True,True,False,True,False,False,False,True,True,True,False,True,True,False,True,False,True,True,True,False
GBCI,"Glacier Bancorp, Inc.",Financial Services,,4,43.41,101072000.0,31599001000.0,,2276980992.0,35,,17.718367,1.310451,3,6,financial,,6,1.99,33.1256064516463,42.732549573776275,-0.01585326485268862,2,5,6863077888.0,,,,0.028790087826666585,,False,sec,8,-0.004284027839994055,46233473.22,2026-10-22,,True,True,False,True,False,False,False,True,True,False,False,True,True,True,True,True,,False,,True
GEO,Geo Group Inc (The) REIT,Industrials,,4,30.79,2631549000.0,3742262000.0,1.6534991211509666,1542318000.0,0,,14.38785,2.63613,3,6,industrial,,7,1.82,11.46339949682855,23.714806503323427,-0.2983449810431742,2,5,5539893040.0,257490000.0,0.04647923671825982,,0.022460084953955507,3.8182677027897793,False,sec,12,0.04856982220913447,62681327.51,2026-11-05,,True,True,False,True,False,False,False,True,False,True,False,True,True,True,False,True,True,True,,True
GFF,Griffon Corporation,Industrials,,4,93.15,2519926000.0,1836055000.0,2.410527437897044,1267635000.0,16,,19.446764,32.799297,3,6,industrial,,6,1.09,2.840029025661323,17.495170476759675,-4.3243265119216225,2,5,5429761928.0,206277000.0,0.03799006341995921,0.5762381845859738,0.052185887427219364,4.704200218689408,True,sec,14,-0.16684140725631857,30818677.500000004,2026-11-18,,True,False,False,True,False,True,False,False,True,True,False,True,True,False,True,False,False,True,True,True
GHC,Graham Holdings Company,Industrials,,4,1151.29,4911563000.0,8141109000.0,1.8595417159654302,900373000.0,13,,9.3086195,1.0239524,3,6,industrial,,5,66.47,1124.3589057460092,1768.8600285211896,0.3491344812836849,5,5,5619237592.0,234947000.0,0.04181118811108637,0.1750757797461633,0.007143281129039236,2.358313802475635,True,sec,11,-0.0067428159971817106,34078184.0,2026-10-28,,True,True,True,False,False,False,True,True,True,True,True,True,True,False,True,True,True,False,False,False
GIS,"General Mills, Inc.",Consumer Defensive,,4,31.67,18424600000.0,30273400000.0,0.7037896253602306,13615600000.0,44,,,2.2939303,3,6,industrial,,5,-0.16,9.873310363106281,,,1,5,30116041888.0,885800000.0,0.029412895734912455,0.20465821480243382,0.10721915190623113,9.148160999306038,True,sec,13,-0.07436231146815356,298526170.5,2026-12-23,,True,False,False,True,False,True,False,False,True,False,False,False,True,False,True,False,True,True,False,True
GLPI,"Gaming and Leisure Properties, ",Real Estate,,4,37.59,1594752000.0,14155215000.0,24.29,8077741000.0,13,,10.991228,2.194396,3,6,financial,,6,2.95,17.12954596127762,36.30638217151671,-0.03535515663387483,3,5,19016988264.0,1201453000.0,0.06317787986830721,0.11266179990907944,0.07744293314788112,5.2268611429422185,True,sec,12,-0.07978799155646878,123342976.89000002,2026-10-29,,True,True,False,True,False,False,False,True,True,True,False,True,True,True,True,True,False,False,False,True
GLW,Corning Incorporated,Technology,,4,160.42,15629000000.0,32956000000.0,1.813153961136024,8424000000.0,20,,73.92626,11.57181,3,6,industrial,,7,1.83,6.610526315789474,26.01655305953964,-5.166074330941311,3,5,144103917568.0,2279000000.0,0.01581497601496213,0.1705607476635514,0.008409082767740916,1.683731513083049,True,sec,14,-0.03334749362786746,1723852946.6599998,2026-10-27,,True,True,True,False,False,False,False,True,True,True,False,True,True,True,True,True,False,False,True,True
GM,General Motors Company,Consumer Cyclical,,4,79.31,167971000000.0,282742000000.0,1.1360472561290456,128771997696.0,5,,35.40625,1.1218456,3,6,industrial,,5,3.27,70.69555302166476,59.69152833988817,-0.3286642544718027,3,5,175284682752.0,2909000000.0,0.01659585968567358,0.04122523854893986,0.09297100220405687,6.550054480475825,True,sec,13,-0.08519073926052727,529271557.43,2026-10-20,,True,True,False,True,False,False,False,True,True,False,True,True,True,False,True,False,True,True,False,False
GPK,Graphic Packaging Holding Compa,Consumer Cyclical,,4,8.96,8581000000.0,11660000000.0,1.379120879120879,5667000000.0,12,,13.7846155,0.8197621,3,6,industrial,,5,1.48,10.93041340782606,12.64322953475785,0.2913203089948009,3,5,8114801280.0,804000000.0,0.09907821180804073,0.13430531732418524,0.10479488309052686,4.076119402985075,True,sec,13,-0.03404802744425386,47245184.00000001,2026-11-03,,True,True,False,True,False,False,False,True,True,False,True,True,True,False,True,True,False,True,False,False
GPN,Global Payments Inc.,Industrials,,4,80.29,7705878000.0,63573787000.0,0.8245017344461183,22418326000.0,26,,38.052135,0.923468,3,6,industrial,,5,5.78,86.94385095972936,64.24691477836363,-0.24970981528033137,4,5,38255574048.0,1754624000.0,0.04586583899638886,0.08796859938515225,0.06728451788673571,5.700509948281271,True,sec,13,-0.01976419935468057,231350094.99,2026-11-03,,True,True,False,True,False,False,False,True,True,True,True,True,True,False,True,False,True,True,False,False
GS,"Goldman Sachs Group, Inc. (The)",Financial Services,,4,896.67,67569999872.0,2127711000000.0,1.563,72385000000.0,28,,13.850325,2.4766536,3,6,financial,,4,51.32,421.15361029113285,726.208424635049,-0.23472817111783742,4,5,146203643328.0,,,,0.06755280500294565,,False,sec,8,0.02929439195454646,1769981746.5,2026-10-13,,True,True,False,True,False,False,True,True,True,True,False,True,False,True,False,False,,True,,True
GTES,Gates Industrial Corporation Lt,Industrials,,4,26.5,3443200000.0,7392800000.0,3.2442821219015685,2233500000.0,0,,18.53147,1.9048305,3,6,industrial,,7,0.96,13.912240658417657,21.15699723884927,-0.2525406937870988,2,5,8118506112.0,465300000.0,0.057313499993827434,0.18554539551996538,0.01623312227519664,2.0762774260050065,True,sec,14,-0.030664971323449842,48803698.5,2026-10-28,,True,True,True,False,False,False,False,True,False,True,False,True,True,True,True,True,True,True,False,False
GTM,ZoomInfo Technologies Inc.,Technology,,4,3.85,1249500000.0,5678500000.0,0.6511056511056511,1264000000.0,0,,,1.3580246,3,6,industrial,,7,0.38,2.8349815596371726,,,2,5,2234673632.0,225700000.0,0.10099908853267393,0.18489037597957206,0.36680020680572184,4.351171875,True,sec,14,-0.060086290393589856,25813714.85,2026-11-02,,False,True,False,True,True,False,False,True,False,True,False,True,True,True,True,False,True,True,False,True
GTY,Getty Realty Corporation,Real Estate,,4,27.84,221727000.0,2291223000.0,1.719,1066972000.0,32,,17.079754,1.536,3,6,financial,,6,1.35,18.124674029504668,25.782443607994466,-0.0798045531792626,2,5,2786330336.0,126785000.0,0.04550250139472336,0.09799628962973597,0.06304349875675204,5.628071365363318,True,sec,10,-0.021060368196373726,15715485.12,2026-10-21,,True,True,False,True,False,False,False,True,True,False,False,True,True,True,True,True,False,False,True,False
GVA,Granite Construction Incorporat,Industrials,,4,116.85,4424379000.0,4778876000.0,1.0129274812537052,1558652000.0,36,,,6.7936044,3,6,industrial,,6,3.86,17.20011539131652,,,3,5,5835961176.0,282446000.0,0.048397511820596116,0.14882495381759225,0.013662713294204102,1.4491108818352856,True,sec,15,-0.05773658910589017,86348177.1,2026-11-05,,True,True,True,False,False,False,False,True,True,True,False,True,True,True,True,True,False,False,True,False
GXO,"GXO Logistics, Inc.",Industrials,,4,45.96,13178000000.0,12371000000.0,0.7893715117689881,3203000000.0,0,,39.28205,1.7659264,3,6,industrial,,7,0.28,26.02596497342511,26.17507335443262,-0.7558690047459562,1,5,7704902784.0,245000000.0,0.031797935271651576,0.12485728266188224,0.03794416406371725,3.467236467236467,True,sec,12,-0.0321720151968313,64975168.68,2026-11-03,,True,True,False,True,False,False,False,True,False,False,False,True,True,False,True,True,True,True,False,True
HAE,Haemonetics Corporation,Healthcare,,4,104.37,1334027000.0,2365400000.0,3.080259084088362,1174158000.0,0,,50.66505,5.6695094,3,6,industrial,,7,2.05,18.409431018629263,29.210565509288177,-2.573022232890806,1,5,5699301616.0,156734000.0,0.027500562447860453,0.3329610213917308,0.036853528957132634,3.5417040726240545,True,sec,14,-0.12392140525915278,72666986.28,2026-11-05,,False,True,False,True,False,True,False,True,False,False,False,True,True,False,True,False,True,True,True,True
HALO,"Halozyme Therapeutics, Inc.",Healthcare,,4,106.94,1396611000.0,2577408000.0,2.7088221717052945,2146654000.0,0,,31.360704,84.94044,3,6,industrial,,5,2.56,1.2586853966082672,9.828365164772427,-9.880751600815818,2,5,14120992096.0,469006000.0,0.033213388748574796,0.4531052126787843,0.028207841341317357,4.128927236961251,True,sec,13,-0.12984711772447358,232014778.26,2026-11-02,,False,True,False,True,False,True,False,True,False,True,False,True,True,False,True,False,False,True,False,True
HAS,"Hasbro, Inc.",Consumer Cyclical,,4,89.98,4701300000.0,6037200000.0,1.661283740453565,3538200000.0,40,,16.096601,18.02484,3,6,industrial,,4,-2.3,3.315224571669172,25.057310189428804,-2.5909680376611544,1,5,15348881568.0,11100000.0,0.0007231797281661063,0.5640197442523024,0.03092698641942556,18.12892223738063,True,sec,13,-0.20135161995627113,170661286.84,2026-10-20,,True,False,False,True,False,True,False,False,True,False,False,False,True,False,True,True,False,False,False,True
HBAN,Huntington Bancshares Incorpora,Financial Services,,4,15.19,1562000000.0,283984000000.0,,21849000000.0,41,,11.684615,1.0318593,3,6,financial,,5,1.39,16.147179074402615,20.750644393922805,0.2679745403738565,3,5,36940101248.0,,,,0.029586086818764477,,False,sec,9,-0.0009542791143162995,393830446.45,2026-10-22,,True,True,False,True,False,False,False,True,True,False,True,True,True,True,True,True,,False,,False
HCI,"HCI Group, Inc.",Financial Services,,4,181.39,900946000.0,2648459000.0,0.865,67465000.0,17,,7.8185344,2.0945487,3,6,financial,,6,22.72,86.60075579961206,212.61636695155767,0.146867183365391,2,5,1550567040.0,438486000.0,0.28279073957356915,,0.009224451351811633,-2.4230995160200868,False,sec,9,-0.04684006813018438,29144656.86,2026-11-05,,True,False,True,False,True,False,False,False,True,True,False,True,True,True,True,True,,False,,True
HFWA,Heritage Financial Corporation,Financial Services,,4,27.89,295079008.0,8430566000.0,,166250000.0,16,,13.280952,1.028089,3,6,financial,,7,1.96,27.127773197371287,35.80220818147127,0.2209977703432851,3,5,1103009976.0,,,,0.0334456491148686,,False,sec,8,-0.0032366747380899456,10983779.25,2026-10-22,,True,True,False,True,False,False,False,True,True,False,True,True,True,True,True,True,,True,,True
HIW,"Highwoods Properties, Inc.",Real Estate,,4,29.09,806112000.0,6596901000.0,1.05,3515608064.0,33,,19.2649,1.356873,3,6,financial,,6,1.45,21.48491933592592,26.988702152095243,-0.07785842520558642,3,5,6864559616.0,544739000.0,0.07935527265730428,0.08682707459134265,0.04704070521082169,7.226882826020429,True,sec,10,-0.02979535390935835,36989214.96,2026-10-27,,True,True,False,True,False,False,False,True,True,True,False,True,True,True,True,False,True,False,True,False
HLIT,Harmonic Inc.,Technology,,4,10.72,360523000.0,632645000.0,3.0466874068880903,116369000.0,0,,44.666668,3.2435703,3,6,industrial,,3,-0.38,3.305198855297916,4.224570952313339,-1.5375357926299758,1,5,1053699320.0,14080000.0,0.013362445749704004,0.2762133582024674,0.06759110425904953,-4.589976949368094,True,sec,14,-0.16873602099123522,16500835.040000001,2026-10-26,,False,False,True,True,False,True,True,False,False,False,False,False,True,False,True,False,False,True,False,False
HOMB,"Home BancShares, Inc.",Financial Services,,4,28.56,1099376000.0,24713248000.0,,250000.0,21,,11.801652,1.2589817,3,6,financial,,6,2.41,22.684988524174962,35.14538873420856,0.18737561231749048,3,5,4661148216.0,,,,0.04220591475880763,,False,sec,8,0.003081747894894269,45715477.919999994,2026-10-14,,True,True,False,True,False,False,False,True,True,True,False,True,True,True,False,True,,True,,True
HONA,Honeywell Aerospace Inc.,Industrials,,3,154.07,17915000832.0,19371000000.0,1.525809951945435,15853000000.0,0,,46.82979,-8.571826,3,6,industrial,,5,3.2899998056792477,-17.974,,,2,5,63628909312.0,3174000000.0,0.04988298611935195,0.342832909245123,0.0,4.504239900662156,True,mixed,5,,617466030.86,2026-10-28,,True,True,False,False,False,True,False,True,False,False,True,True,True,False,True,False,False,True,False,True
HOPE,"Hope Bancorp, Inc.",Financial Services,,4,13.5,534027008.0,18991916000.0,,472000000.0,15,,13.366337,0.7511267,3,6,financial,,3,0.49,17.9725927847162,20.20980970685343,0.33200756484995697,3,5,1556071816.0,,,,0.041012115027256456,,False,sec,8,-0.0053994552208423835,12861598.5,2026-10-27,,True,True,False,True,False,False,False,True,True,False,True,True,True,False,True,False,,False,,False
HP,"Helmerich & Payne, Inc.",Energy,,4,38.2,3678660000.0,6286774000.0,1.961869604867019,1862116000.0,40,,,1.483092,3,6,industrial,,4,-1.66,26.721293970697154,,,1,5,5448396840.0,3318000.0,0.0006089864775708959,0.0908952899740491,0.02638652816898811,2.595036942853551,True,sec,13,-0.11240184552522486,47077298.0,2026-11-16,,True,False,True,True,False,False,False,False,True,False,False,False,True,False,True,True,False,False,False,True
HQY,"HealthEquity, Inc.",Healthcare,,4,89.37,1313429000.0,3271363000.0,2.992710128434401,931062000.0,0,,32.26354,3.7231297,3,6,industrial,,9,2.46,24.0035460565198,38.67879411088026,-1.3105684149253354,1,5,8067325240.0,322456000.0,0.03997062104316498,0.2791240226168725,0.04048203761665381,1.4148828474596165,True,sec,14,-0.07394257378346579,74825300.61,2026-08-27,,False,False,True,True,False,True,False,False,False,True,False,True,True,True,True,True,True,True,True,True
HTH,Hilltop Holdings Inc.,Financial Services,,4,37.93,1270299008.0,16000819000.0,,1243214000.0,11,,14.100371,1.0219038,3,6,financial,,5,2.64,37.11710400726005,47.39732424889334,0.19974385472011935,4,5,2647102728.0,,,,0.10558966084567617,,False,sec,8,0.012792845166238053,10274326.68,2026-10-22,,True,True,False,True,False,False,False,True,True,True,True,True,False,True,False,True,,True,,True
HUM,Humana Inc.,Healthcare,,4,379.68,5833000000.0,57196000000.0,1.7423392880427695,14247000000.0,16,,36.09125,2.3729851,3,6,industrial,,4,9.84,96.68385790503285,194.60792066640448,-0.9509997265262639,3,5,35968088576.0,2704000000.0,0.07517775080781651,,0.012743439007658064,-2.8289241622574957,False,sec,13,0.004668158612490384,464181580.8,2026-11-06,,True,True,True,False,False,False,True,True,True,False,False,True,True,False,False,False,,True,,True
HWC,Hancock Whitney Corporation,Financial Services,,4,71.93,1412391040.0,36345972000.0,,1764793000.0,35,,14.13163,1.3024427,3,6,financial,,7,5.67,55.22652881162158,79.52906513975633,0.09555079173133108,2,5,6963198288.0,,,,0.06943607459017201,,False,sec,8,-0.0015326320066498702,59493303.00000001,2026-10-20,,True,True,False,True,False,False,False,True,True,False,False,True,True,True,True,True,,True,,True
HWKN,"Hawkins, Inc.",Basic Materials,,4,127.19,1083696000.0,1006243000.0,2.2695914755414455,253812000.0,40,,32.69666,6.014565,3,6,industrial,,3,3.91,26.427259234577285,43.021982511275525,-1.9563956046578068,3,5,2900941048.0,121293000.0,0.041811604576943474,0.24353461340849078,0.004754988980387423,1.4141858659073259,True,sec,14,-0.06238964643729199,21415489.06,2026-10-28,,False,True,True,False,False,True,False,True,True,True,False,True,True,False,True,False,False,False,False,False
HXL,Hexcel Corporation,Industrials,,4,86.74,1893900000.0,2730600000.0,2.4270833333333335,959400000.0,5,,43.80808,5.04449,3,6,industrial,,6,1.9800000365229429,11.51907719609583,27.67737731642756,-2.133967464052909,2,5,7456778624.0,171600000.0,0.023012618270267158,0.15923240313484216,0.07747448870276702,3.052739026879891,True,sec,13,-0.044349227276056544,81055580.83999999,2026-10-21,,True,True,False,True,False,False,False,True,True,False,False,True,True,False,True,False,True,True,False,True
HZO,"MarineMax, Inc.  (FL)",Consumer Cyclical,,4,52.33,2309288000.0,2358337000.0,1.2336283527383227,971017000.0,0,,327.06253,1.2134494,3,6,industrial,,5,-1.43,43.124958289464644,12.459934583027653,-3.1998615362942195,0,5,1952036912.0,34017000.0,0.017426412272679402,0.318117385259189,0.023775762128421175,9.554435604833387,True,sec,14,-0.044284171430970215,35913451.04,2026-11-12,,True,False,False,True,False,True,False,False,False,False,False,False,True,False,True,False,True,True,False,True
IBOC,International Bancshares Corpor,Financial Services,,4,69.12,837574016.0,17021950000.0,,731019008.0,29,,10.472728,1.273491,3,6,financial,,5,6.62,34.911984883468755,89.77742327520059,0.23009596980610636,3,5,4578539520.0,,,,0.021325164628875157,,False,sec,8,-0.004627201936323394,22462963.200000003,2026-11-05,,True,True,False,True,False,False,False,True,True,True,False,True,True,False,True,True,,True,,False
ICE,Intercontinental Exchange Inc.,Financial Services,,4,151.47,12640000000.0,174247000000.0,1.0123407643312101,21064000000.0,14,,21.394068,2.875503,3,6,financial,,8,5.77,52.67557932263814,91.60396792863438,-0.6535309924347957,3,5,105031426368.0,4929000000.0,0.04692881140859877,0.051852988231168774,0.02821210305597813,3.081676683618431,True,sec,12,-0.007730405688476703,548030880.54,2026-10-29,,True,True,False,True,False,False,False,True,True,True,False,True,True,True,True,False,True,True,True,True
IDCC,"InterDigital, Inc.",Technology,,4,339.93,834015000.0,2192092000.0,1.743371989963424,389100000.0,16,,39.94477,7.296984,3,6,industrial,,7,11.8,46.58486398511974,94.44502674043059,-2.5992366324830605,4,5,8048925288.0,460853000.0,0.05725646387687031,0.3586574560744857,0.018581464822485183,-1.3434853190287972,True,sec,13,-0.06288513438304597,77456789.73,2026-10-29,,False,True,True,False,False,True,True,True,True,True,False,True,True,True,True,True,True,False,True,False
ILMN,"Illumina, Inc.",Healthcare,,4,265.72,4343000000.0,6650000000.0,1.7959442332065907,2527000064.0,0,,49.574627,14.137803,3,6,industrial,,8,5.45,18.54901960784314,47.60963065243993,-4.581223722145851,1,5,41487249408.0,807000000.0,0.01945175955300584,0.43157894736842106,0.01739619371201828,0.9601731623800153,True,sec,15,-0.03443609022556391,693609713.1600001,2026-10-29,,True,False,True,False,False,True,False,False,False,True,False,True,True,True,True,True,True,True,True,False
INDB,Independent Bank Corp.,Financial Services,,4,78.93,948691008.0,24973894000.0,,359345000.0,33,,14.044484,1.0700922,3,6,financial,,4,4.44,73.76027607348435,96.5761456630887,0.18271743546950256,3,5,3096962136.0,,,,0.044064967158868255,,False,sec,8,-0.0018434449990057619,27413572.950000003,2026-10-22,,True,True,False,True,False,False,False,True,True,False,True,True,True,False,True,True,,False,,False
INSP,"Inspire Medical Systems, Inc.",Healthcare,,4,70.78,911981000.0,925993000.0,8.550953892838077,29093000.0,0,,15.624723,2.4782913,3,6,industrial,,7,4.89,28.559715235165637,53.95348197506345,-0.3118708451979714,2,5,1754685312.0,50954000.0,0.02903882516798545,0.8409955582817581,0.08553048068455614,-1.0615598143812475,True,sec,15,0.030719454682702783,56365794.56,2026-11-02,,False,False,True,True,False,True,True,False,False,True,False,True,True,True,False,True,False,True,True,True
INSW,"International Seaways, Inc.",Energy,,4,114.6,843302000.0,3018942000.0,5.944281280118996,645622000.0,7,,7.3273654,2.5051918,3,6,industrial,,5,6.23,45.74542054078802,126.87657931371034,0.09676001181711974,3,5,5912513512.0,345385000.0,0.05841593415372477,0.13363500986644145,0.029880616469975512,0.4641227103312369,True,sec,13,-0.02344927461342417,68883768.0,2026-11-05,,False,True,True,True,False,False,True,True,True,False,False,True,True,False,True,True,True,False,False,False
INVA,"Innoviva, Inc.",Healthcare,,4,20.55,411328000.0,1702727000.0,16.007266700662928,258454000.0,0,,4.916268,1.2103899,3,6,industrial,,5,3.3,16.97842697247959,39.959741026902876,0.4857324028660565,3,5,1172710736.0,163745000.0,0.13962948830716598,0.18069073903215255,0.0013329788278722593,-1.1244452445886268,True,sec,12,0.04359771120091477,16725049.05,2026-11-04,,False,True,True,False,True,False,True,True,False,True,False,True,True,True,False,True,True,False,False,False
INVH,Invitation Homes Inc.,Real Estate,,4,26.4,2729296000.0,18448310000.0,0.43,8526691000.0,10,,24.220182,1.7220011,3,6,financial,,7,0.96,15.330527769392994,19.390534140398138,-0.36148905485787397,3,5,24043358120.0,943236000.0,0.03923062640802191,0.08536157629244513,0.049129472707370885,5.635867522089043,True,sec,9,-0.033515590316945024,114647649.6,2026-10-28,,True,True,False,True,False,False,False,True,True,True,False,True,True,True,True,False,True,True,False,True
INVX,"Innovex International, Inc.",Energy,,4,27.52,978251000.0,1327747000.0,5.006043868837889,25084000.0,0,,30.921349,1.790734,3,6,industrial,,6,1.2,15.368215532595341,17.54263925201074,-0.5687491263234893,3,5,1727662856.0,132625000.0,0.07676555616126529,0.22841701016835286,0.004821696329964176,-1.0186381337043031,True,sec,13,-0.0810500795708821,18615573.759999998,2026-11-03,,False,True,True,False,False,True,True,True,False,True,False,True,True,False,True,False,True,True,False,True
IP,International Paper Company,Consumer Cyclical,,4,32.52,23634000000.0,36521000000.0,1.0983213429256595,9217000000.0,65,,,1.1912525,3,6,industrial,,4,-6.95,23.05422647527911,,,2,5,25712613568.0,-2817000000.0,-0.10955712427093868,0.1915884011938337,0.06050536413940745,2.226232655577585,True,sec,12,-0.14276717504997125,161232956.76000002,2026-10-28,,True,False,True,True,False,False,False,False,True,False,True,False,True,False,True,True,False,False,True,False
IQV,"IQVIA Holdings, Inc.",Healthcare,,4,260.72,16310000000.0,29881000000.0,0.7062960862166762,15999000000.0,0,,32.42786,6.954202,3,6,industrial,,5,7.84,37.49088699878493,82.35364217269536,-2.165858766188761,2,5,56833512896.0,2182000000.0,0.038392840576172996,0.18133849853059045,0.028987862521351174,4.184906794948888,True,sec,13,-0.043305110270740604,373264741.68000007,2026-10-27,,True,True,False,True,False,False,False,True,False,True,False,True,True,False,True,True,False,True,False,False
IRDM,Iridium Communications Inc,Communication Services,,4,47.87,871659000.0,2565093000.0,2.782056295421847,1760526000.0,4,,55.022987,10.733184,3,6,industrial,,7,1.06,4.4599999403718416,9.343687774210714,-4.1232448211855734,3,5,6649648832.0,235980000.0,0.03548758828652683,0.24640607757617614,0.04914497267899913,3.5328505761037414,True,sec,11,-0.11138036710559812,61863645.62,2026-10-22,,False,True,False,True,False,True,False,True,True,True,False,True,True,True,True,False,True,True,False,True
IRM,Iron Mountain Incorporated (Del,Real Estate,,4,111.13,6901737000.0,21955442000.0,0.7260473245106343,17349649000.0,17,,78.815605,-25.826168,3,6,financial,,4,0.49,-4.303269964111947,,,3,5,50228569536.0,1163822000.0,0.023170518506720788,0.1809350798690406,0.02778974612386149,7.834937121188234,True,sec,12,-0.05409797716666328,198764228.62,2026-11-04,,True,True,False,True,False,False,False,True,True,False,True,True,True,False,True,False,True,False,False,False
IVT,InvenTrust Properties Corp.,Real Estate,,4,30.37,299169000.0,3034455000.0,1.849,1094796000.0,8,,159.84212,1.3410165,3,6,financial,,6,1.42,22.646686502802787,9.83950780885523,-2.0865365006030094,3,5,3388097056.0,60017000.0,0.01771407341879878,0.07703592458995348,0.02857945084971561,5.410165823227983,True,sec,10,-0.014498484900913013,19362636.46,2026-10-27,,True,True,False,True,False,False,False,True,True,True,False,True,True,True,True,False,False,False,True,True
IVZ,Invesco Ltd,Financial Services,,4,30.42,6377100000.0,27473100000.0,0.708,1624000000.0,31,,,1.348225,3,6,financial,,6,-1.6,28.248924122310306,,,1,5,14139023552.0,-695700000.0,-0.04920424649137751,0.08294087251790064,0.03729591982416729,-0.2462624584717608,True,sec,10,-0.06188235037181825,136563532.56,2026-10-27,,True,False,True,True,False,False,False,False,True,False,False,False,True,False,True,False,True,True,True,True
JAZZ,Jazz Pharmaceuticals plc,Healthcare,,4,233.01,4267586000.0,11080900000.0,1.7788237403622018,4351400000.0,0,,15.948666,3.1445343,3,6,industrial,,4,-5.84,78.1590298689672,156.0721701727192,-0.49296315763493626,0,5,17857344640.0,-430240000.0,-0.02409316775105932,0.322856182253884,0.008265576536931407,1.565799712969815,True,sec,12,-0.15449295634831106,200880717.12,2026-11-04,,True,False,True,False,False,True,False,False,False,False,False,False,True,False,True,True,False,False,False,True
JLL,Jones Lang LaSalle Incorporated,Real Estate,,4,308.07,26115600000.0,17464200000.0,1.1257858016255484,903200000.0,0,,14.78263,1.8994975,3,6,financial,,8,16.4,162.1854945868578,275.7690042879542,-0.11713062457997467,2,5,14618593600.0,1098000000.0,0.07510982451827651,,0.01492211544713685,0.3294344092389695,False,sec,12,-0.023024243881769563,109206810.09,2026-10-28,,True,True,True,False,False,False,False,True,False,True,False,True,True,True,True,True,True,True,,True
JOE,St. Joe Company (The),Real Estate,,4,65.16,513246000.0,1508347000.0,3.839,370324000.0,7,,30.591549,4.8576117,3,6,financial,,9,1.99,13.413561224959073,25.354800792468463,-1.5699275073521972,3,5,3962597480.0,146231000.0,0.03690281456495551,0.14649812012753033,0.019917842746805164,1.3061764979194845,True,sec,11,-0.049769051816326085,15687204.84,2026-10-28,,True,True,True,False,False,False,False,True,True,True,False,True,True,True,True,True,True,True,True,True
JPM,JP Morgan Chase & Co.,Financial Services,,4,333.18,182447000000.0,5015069000000.0,,72430000000.0,43,,14.1839075,2.5049808,3,6,financial,,3,20.02,91.25554992646234,265.1368162547529,-0.25663423400192303,3,5,648273487040.0,,,,0.05444109492534232,,False,sec,9,0.04083333649048498,2559211887.42,2026-10-13,,True,True,False,True,False,False,False,True,True,True,False,True,False,False,False,True,,True,,False
JXN,Jackson Financial Inc.,Financial Services,,4,129.48,6683000000.0,367065000000.0,1.806,2769000000.0,6,,142.2857,0.9363271,3,6,financial,,5,-0.24,146.10190239577494,53.21076781849053,-1.4333420716963645,4,5,5552517568.0,-14000000.0,-0.0025213787851269703,,0.10171597161227101,,False,sec,8,-0.015732908340484655,90376133.63999999,2026-11-03,,True,True,False,True,False,False,True,True,True,False,True,True,True,False,True,False,,True,,True
KAI,Kadant Inc,Industrials,,4,263.52,1052248000.0,1889296000.0,2.591074352145537,510632000.0,14,,28.093815,3.0421128,3,6,industrial,,5,8.65,69.94959505021794,135.2109378170502,-0.948954753620309,2,5,3488037304.0,157288000.0,0.04509355442375165,0.25180172932139805,0.0035996857603511154,1.8037715760142345,True,sec,13,-0.036711558167698444,36615840.48,2026-11-03,,False,True,True,False,False,True,False,True,True,False,False,True,True,False,True,False,True,False,True,False
KDP,Keurig Dr Pepper Inc.,Consumer Defensive,,4,30.69,16603000000.0,87619000000.0,0.47930492932772684,29980000000.0,18,,31.0,1.6683881,3,6,industrial,,6,1.53,18.395373846845054,20.242248813379522,-0.5161358939385642,3,5,70226749888.0,3575000000.0,0.050906527864403965,0.10270603407936635,0.030145760459161956,7.062779156327544,True,sec,14,0.001004348371928463,353666127.87,2026-11-03,,True,True,False,True,False,False,False,True,True,True,False,True,True,True,False,True,True,False,False,True
KHC,The Kraft Heinz Company,Consumer Defensive,,4,22.46,24942000000.0,73065000000.0,1.0613813675998165,19001000000.0,12,,,0.73981357,3,6,industrial,,5,-4.93,30.35919055649241,,,2,5,42953601024.0,-4669000000.0,-0.10869868622635927,0.11372065968658045,0.08763366237621387,2.9830692450847813,True,sec,15,-0.1410798603982755,375512715.42,2026-10-28,,True,False,True,True,False,False,False,False,True,False,True,False,True,False,True,False,True,True,False,True
KIM,Kimco Realty Corporation (HC),Real Estate,,4,22.21,2140116000.0,20030952000.0,0.971,7718700000.0,35,,25.82558,1.4501175,3,6,financial,,8,0.8600000464655586,15.316174084600014,17.215243853912803,-0.29013566049207923,3,5,21917689296.0,770823000.0,0.03516899019736884,0.07505908346348711,0.056040544908452464,5.021384020321722,True,sec,9,-0.028237050340892435,103795147.92,2026-10-29,,True,True,False,True,False,False,False,True,True,True,False,True,True,True,True,True,False,True,True,True
KLIC,"Kulicke and Soffa Industries, I",Technology,,4,96.03,654081000.0,1319086000.0,3.4443273807482866,38118000.0,9,,43.84931,5.5107307,3,6,industrial,,7,0.004,17.426040930197008,29.303008552883995,-2.277137902979889,2,5,4546710016.0,-3224000.0,-0.0007090841484622186,0.21069210043924352,0.030082595500151556,-0.9253334722801168,True,sec,15,-0.08593222883117553,83816904.6,2026-11-18,,False,False,True,True,False,True,True,False,True,False,False,True,True,True,True,False,False,True,True,True
KMI,"Kinder Morgan, Inc.",Energy,,4,30.53,15202000000.0,74062000000.0,0.4582964405879228,32248000000.0,16,,19.696775,2.1474292,3,6,industrial,,6,1.37,14.217330407792595,22.266967451633406,-0.37108926333659575,3,5,100143273408.0,4724000000.0,0.047172414474147,0.12309616759223621,0.03830297610702384,4.480841577260694,True,sec,12,-0.038629796656855064,332103691.38,2026-10-28,,True,True,False,True,False,False,False,True,True,True,False,True,True,True,True,False,True,False,False,True
KMX,CarMax Inc,Consumer Cyclical,,4,55.89,25881100000.0,26068356000.0,2.3287171898691015,17357577000.0,0,,26.363209,1.2962705,3,6,industrial,,6,1.68,44.41861202600307,45.35011717680304,-0.2324113691284617,1,5,25120234976.0,1263027000.0,0.05027926694183802,0.10766283075158249,0.08102498101261493,15.747111953915505,True,sec,13,-0.05895450407382805,142635248.19,2026-12-17,,True,True,False,True,False,False,False,True,False,False,False,True,True,False,True,True,False,True,False,True
KNSL,"Kinsale Capital Group, Inc.",Financial Services,,4,334.53,1873987000.0,6428830000.0,0.194,224535000.0,11,,13.582217,3.7442915,3,6,financial,,5,21.65,89.34392961760965,222.51340071140496,-0.503415070420312,3,5,7634090304.0,644948000.0,0.08448262652356489,,0.013881768974171907,0.08354148918848124,False,sec,9,-0.08401590958230347,82709866.25999999,2026-10-22,,True,True,True,False,False,False,False,True,True,True,False,True,True,False,True,True,,True,,False
KNTK,Kinetik Holdings Inc.,Energy,,4,51.01,1764389000.0,7202470000.0,0.6824584891373079,3925562000.0,6,,17.835665,-3.3974955,3,6,industrial,,5,2.63,-15.014,,,4,5,12548617376.0,164919000.0,0.013142404064006102,0.08396683527324145,0.04283836291327894,7.154838521159171,True,sec,11,-0.010856275694310424,55206898.76,2026-11-04,,True,True,False,True,False,False,False,True,True,True,True,True,True,True,True,False,False,False,False,True
KNX,Knight-Swift Transportation Hol,Industrials,,4,65.41,7469689000.0,12004345000.0,0.8768611711184742,303478000.0,23,,242.25926,1.5247443,3,6,industrial,,5,0.41,42.89937690492577,16.143463116394322,-3.051794805637061,2,5,10763234592.0,216062000.0,0.020074077002892106,0.08723044479515427,0.011031037714120657,0.1168830263465838,True,sec,12,-0.10002220029497652,236352755.64,2026-10-21,,True,True,True,False,False,False,False,True,True,False,False,True,True,False,True,False,True,False,False,True
KRC,Kilroy Realty Corporation,Real Estate,,4,33.3,19080000.0,10774858000.0,1.103,4664327168.0,30,,23.286715,0.74108696,3,6,financial,,6,2.32,45.28049552486379,38.023036178293644,0.12421512464567216,4,5,8505374208.0,428932000.0,0.05043070293092506,0.06770241453197394,0.06593499052184479,7.428355860800172,True,sec,9,-0.05255871560998762,42538552.199999996,2026-10-22,,True,True,False,True,False,False,False,True,True,True,True,True,True,True,True,True,True,False,False,False
KWR,Quaker Houghton,Basic Materials,,4,158.39,1888634000.0,2851116000.0,2.456755999672779,873444000.0,40,,28.385305,1.979677,3,6,industrial,,4,-0.14,80.00801488970842,100.22476961000656,-0.5803478582821919,2,5,3443878808.0,52986000.0,0.015385558828875026,0.23828283380963805,0.027852953757131507,6.046165759062713,True,sec,14,-0.04873214558790312,23764202.04,2026-10-29,,True,False,False,True,False,True,False,False,True,True,False,False,True,False,True,False,True,True,False,False
LFUS,"Littelfuse, Inc.",Technology,,4,435.55,2386294000.0,4012479000.0,2.7612482389208943,629660000.0,17,,,4.2245803,3,6,industrial,,5,-2.89,95.17479257255971,,,2,5,11063493576.0,37528000.0,0.003392056925075581,0.2258062908242012,0.00899838903453058,0.009510760771892989,True,sec,15,-0.1259729957465198,125532914.35000001,2026-10-28,,True,False,True,False,False,True,True,False,True,False,False,False,True,False,True,True,False,False,True,True
LKFN,Lakeland Financial Corporation,Financial Services,,4,58.095,273694016.0,7242959000.0,,77889000.0,30,,13.324541,1.8675861,3,6,financial,,6,4.01,31.10699900940811,55.24125924021905,-0.05165958920978485,2,5,1327968256.0,,,,0.04972314472107198,,False,sec,8,-0.0015913385675661012,10177837.334999999,2026-10-26,,True,True,False,True,False,False,False,True,True,False,False,True,True,True,True,,,True,,True
LMAT,"LeMaitre Vascular, Inc.",Healthcare,,4,80.19,249602000.0,640549000.0,16.311909136462337,190254000.0,16,,28.038464,4.361945,3,6,industrial,,7,2.52,18.38369538334572,34.394917388617806,-1.3314491235422186,4,5,1647899776.0,67912000.0,0.04121124414789653,0.2787280910593881,0.007355965548683794,1.951433974536563,True,sec,15,-0.03676689839497056,26635990.59,2026-11-05,,False,True,True,False,False,True,True,True,True,True,False,True,True,True,True,True,False,False,True,True
LNT,Alliant Energy Corporation,Utilities,,4,63.71,4362000000.0,24813000000.0,0.688413948256468,11440000000.0,40,,20.161392,2.1940217,3,6,utility,,6,3.14,28.736584894304794,45.43788917445097,-0.4021337953309494,3,5,27594028736.0,1025000000.0,0.03714571764081532,0.15060653689598194,0.030147050892568892,5.919294494922501,True,sec,14,-0.014468222302825132,157006095.77,2026-11-05,,True,True,False,True,False,False,False,True,True,True,False,True,True,True,True,False,True,False,True,False
LQDT,"Liquidity Services, Inc.",Consumer Cyclical,,4,43.64,476669000.0,420092000.0,1.5800684405335568,13843000.0,0,,42.784313,5.7962546,3,6,industrial,,8,0.87,6.202530563673361,13.144981910684185,-2.319898064259,2,5,1150055808.0,35066000.0,0.03049069423942251,0.4970696894965865,0.011833438914717609,-3.2370328608247423,True,sec,14,-0.09203936280624245,9451507.56,2026-11-19,,False,True,True,False,False,True,True,True,False,False,False,True,True,True,True,True,True,True,False,True
LSCC,Lattice Semiconductor Corporati,Technology,,4,128.86,523262000.0,976181000.0,3.024436375685116,38082000.0,0,,515.44,22.445566,3,6,industrial,,5,0.02,5.740536639769075,5.682704145201612,-21.675824168817133,2,5,18166798336.0,11232000.0,0.0006182707482221704,0.36565247633379466,0.005049278263250607,-1.0397994291109978,True,sec,14,-0.17622039355406427,222253604.48000002,2026-11-02,,False,True,True,False,False,True,True,True,False,False,False,True,True,False,True,False,False,True,True,False
LW,"Lamb Weston Holdings, Inc.",Consumer Defensive,,4,41.18,6612300000.0,7380100000.0,1.4231013776050865,3915200000.0,10,,20.087805,3.1018379,3,6,industrial,,7,2.08,11.995286520883587,24.74581776525695,-0.6641195854039056,2,5,9508556224.0,591100000.0,0.06216506334663495,0.18423869595262937,0.03665070022980311,3.89451305932375,True,sec,14,-0.08846763593989242,65949687.64,2026-10-06,,True,True,False,True,False,False,False,True,True,False,False,True,True,False,True,True,True,True,False,True
LXP,LXP Industrial Trust,Real Estate,,4,60.95,4088000.0,3463934000.0,1.026,1363186000.0,33,,61.56566,1.9381816,3,6,financial,,7,1.82,33.04194405654285,26.466619032027413,-1.3029008701959268,2,5,4938641376.0,185637000.0,0.03758867791091863,-0.017409973746612954,0.047390451831373546,5.028461387582669,True,sec,10,-0.021812193881292196,48555329.900000006,2026-10-29,,True,True,False,True,False,False,False,True,True,False,False,True,True,True,True,True,True,False,False,True
LYFT,"Lyft, Inc.",Technology,,4,15.21,5895475000.0,9107486000.0,0.5858887390171973,1043888000.0,0,,2.223684,1.9074492,3,6,industrial,,4,6.81,7.97400004152142,35.03139624072442,0.5658180480309205,1,5,5006970184.0,-188374000.0,-0.037622353055338266,0.24132038193635433,0.08684039261889426,3.4389833884191097,True,sec,13,0.183977224889503,162923481.63,2026-11-04,,True,False,False,True,False,True,False,False,False,True,False,True,True,True,False,False,False,True,False,False
LZ,"LegalZoom.com, Inc.",Industrials,,4,5.73,756043000.0,466359000.0,0.6669736854513962,15136000.0,0,,63.666664,7.549407,3,6,industrial,,5,0.08,0.7593624403556861,1.2397479936310403,-3.621907056463685,1,5,829256384.0,24976000.0,0.030118550163612607,1.0680248478103778,0.0820626830585188,-4.225524357619765,True,sec,14,-0.34902287293694345,16353626.280000001,2026-11-04,,False,False,True,True,False,True,False,False,False,True,False,True,True,False,True,False,True,False,True,False
MAA,Mid-America Apartment Communiti,Real Estate,,4,116.38,2209126000.0,11994502000.0,0.048,5715268096.0,33,,34.129032,2.4846814,3,6,financial,,6,3.78,47.619148297761626,59.94766506116994,-0.9413600159613742,2,5,19314675712.0,644343000.0,0.03336028052491074,0.05630258339127859,0.0530737968993854,4.567660233654943,True,sec,9,-0.05262961313441775,122527773.5,2026-10-28,,True,True,False,True,False,False,False,True,True,False,False,True,True,False,True,True,True,True,False,False
MAN,ManpowerGroup,Industrials,,4,56.28,17957100000.0,8374900000.0,1.043094686343863,1043500000.0,33,,25.35135,1.242631,3,6,industrial,,1,-0.29,17.634116569522607,47.56348962837563,-0.18326053112857055,1,5,3480233248.0,150100000.0,0.0431292931547788,0.3579266618108873,0.040078962081025765,3.654807285048708,True,sec,14,0.01084192050054329,61575666.6,2026-10-15,,True,False,False,True,False,True,False,False,True,False,False,False,False,False,False,False,False,True,False,False
MAR,Marriott International,Consumer Cyclical,,4,354.79,26186000000.0,28085000000.0,0.534665991902834,16915000000.0,5,,36.689762,-20.527077,3,6,industrial,,7,9.51,-17.019930782781294,,,4,5,108970269504.0,4141000000.0,0.03800119077293826,0.18961510530137982,0.04243532068172698,3.8387774148390106,True,sec,12,-0.02175538543706605,561786194.07,2026-11-03,,True,True,False,True,False,False,False,True,True,True,True,True,True,True,True,False,True,True,True,False
MBGL,Mobility Global Inc.,Technology,,3,17.71,1814000000.0,13060000000.0,1.8790322580645162,1981000000.0,1,,42.166664,0.5308912,3,6,industrial,,6,0.42000002656126656,33.35918854172419,17.755071898197645,0.002538536506980841,3,5,7462199488.0,327000000.0,0.04382086012654182,,0.0,2.7513966480446927,False,mixed,6,,101643268.65,2026-11-05,,True,True,True,False,False,False,False,True,True,False,True,True,True,False,True,True,False,True,,True
MC,Moelis & Company,Financial Services,,4,56.95,1573993984.0,1408157000.0,1.167,262752992.0,13,,20.052818,8.340656,3,6,financial,,8,2.8399998444108956,6.828000099752346,20.88801528319578,-1.7264438113378708,2,5,4409676800.0,273863000.0,0.06210500506522383,0.287082384233793,0.043651114865401956,,True,mixed,7,-0.22488969624835867,48140803.150000006,2026-10-28,,True,False,False,True,False,True,False,False,True,True,False,True,True,True,True,True,True,False,True,True
MCRI,"Monarch Casino & Resort, Inc.",Consumer Cyclical,,4,116.18,545125000.0,741161000.0,1.2073290193414608,12791000.0,4,,18.648476,3.610205,3,6,industrial,,9,5.43,32.18124280618781,67.16376393827807,-0.7298018036446963,3,5,1956768512.0,127495000.0,0.06515589310545897,0.17202065408190664,0.04544100373339779,-0.42322243240235896,True,sec,12,-0.08548300571670663,18523274.48,2026-10-20,,False,True,True,True,False,False,False,True,True,True,False,True,True,True,True,True,True,True,True,True
MCY,Mercury General Corporation,Financial Services,,4,100.27,29600000.0,10542365000.0,0.952,943752000.0,37,,5.9862685,1.9583219,3,6,financial,,6,9.77,51.201953456462476,138.91275915025312,0.27818005622115466,2,5,4446758400.0,692272000.0,0.15568014668842814,0.0013659174198578782,,-0.278554420161177,True,sec,10,-0.05179995190832418,29023352.04,2026-11-03,,True,False,True,False,True,False,False,False,True,True,False,True,True,True,True,True,,True,,False
MDLZ,"Mondelez International, Inc.",Consumer Defensive,,4,57.76,38537000000.0,71247000000.0,0.5991756587783078,21450000000.0,26,,21.157509,2.7765226,3,6,industrial,,5,1.89,13.342597517330825,35.74666826858984,-0.6158149219952058,2,5,93410554048.0,3548000000.0,0.037982860032891176,0.15348014653248557,0.06608829994858299,4.013656746840604,True,sec,14,-0.028955605148286944,479121106.08,2026-10-27,,True,True,False,True,False,False,False,True,True,False,False,True,True,False,True,False,False,True,False,True
MDU,"MDU Resources Group, Inc.",Utilities,,4,18.47,1862918000.0,7712074000.0,0.9924839563685263,2577157000.0,41,,19.648935,1.3273445,3,6,utility,,4,0.93,13.914568906705421,17.1552408308051,-0.07663892230728879,2,5,6416042304.0,290377000.0,0.045257962189396435,0.08023687630588834,0.027881260697541654,5.091459207177847,True,sec,12,-0.03669181597583218,30401527.65,2026-11-05,,True,True,False,True,False,False,False,True,True,False,False,True,True,False,True,False,False,False,True,False
MFP,"Midera Food Processing, Inc.",Industrials,,3,41.55,938356992.0,1407000000.0,1.836884154460719,258600000.0,0,,115.41666,2.3916423,3,6,industrial,,4,0.36000002079422505,17.372999298431875,11.862600998331036,-2.5026045304773983,2,5,2087425440.0,63829000.0,0.03057785862761163,0.21141084986923456,0.0,1.3071442491327903,True,mixed,5,,36788951.699999996,2026-11-12,,False,True,True,False,False,True,True,True,False,False,False,True,True,False,True,False,False,True,False,False
MGEE,MGE Energy Inc.,Utilities,,4,70.05,752129984.0,3185682000.0,1.1527109732860894,941065000.0,40,,17.211302,1.8372326,3,6,utility,,6,3.72,36.71513517949236,59.089520347852215,-0.18548939960292254,3,5,3575740872.0,170653000.0,0.04772521446850526,0.09789409967611284,0.024142786130512038,3.2210634295227525,True,sec,10,-0.039974171935554144,12946781.1,2026-11-04,,True,True,False,True,False,False,False,True,True,True,False,True,True,True,True,True,False,False,True,False
MGY,Magnolia Oil & Gas Corporation,Energy,,4,24.07,1311845000.0,3140584000.0,1.58349187006362,393636000.0,6,,10.242554,2.0372407,3,6,industrial,,6,2.3499998144993914,11.815000554426387,24.994361464183775,0.03698279972098345,2,5,6709608144.0,439181000.0,0.06545553638519609,0.21371454986614272,0.01710489064988721,0.11140810410770202,True,sec,10,-0.17620512618035372,114393421.17,2026-11-04,,False,True,True,False,False,True,False,True,True,False,False,True,True,False,True,True,True,True,False,False
MKC,"McCormick & Company, Incorporat",Consumer Defensive,,4,44.14,6840300000.0,16650600000.0,0.6571945701357466,5018200000.0,41,,7.663194,1.6963873,3,6,industrial,,5,2.93,26.020001446603615,58.07058104632516,0.23989050557651892,3,5,16554207328.0,1070800000.0,0.06468446231121167,0.15568207752273192,0.04363321116834176,3.599646724521926,True,sec,13,-0.010378004396237973,136343119.06,2026-10-01,,True,True,False,True,False,False,False,True,True,True,False,True,True,False,True,True,False,False,False,True
MLKN,"MillerKnoll, Inc.",Consumer Cyclical,,4,20.15,3841700000.0,4002900000.0,1.6466849631662575,1298800000.0,41,,14.29078,1.0232582,3,6,industrial,,7,1.32,19.7180825968991,24.994573240856273,0.1938250032986083,3,5,2506515776.0,198300000.0,0.07911380486759002,0.37193035049589046,0.0948557336478006,3.2319676860934794,True,sec,14,-0.027080366734117765,13441702.299999999,2026-12-16,,True,False,False,True,False,True,False,False,True,True,True,True,True,True,True,True,True,False,False,True
MLM,"Martin Marietta Materials, Inc.",Basic Materials,,4,479.17,6150000000.0,21305000000.0,1.4065554916618745,5951000000.0,33,,31.114937,2.4921725,3,6,industrial,,8,18.77,192.27035536660682,258.11150680004664,-0.8564457119348908,3,5,39869358528.0,1437000000.0,0.03604271683957001,0.08866463271532504,0.019012435601219183,2.8153326904532303,True,sec,14,-0.030386763670499882,330277985.07,2026-11-03,,True,True,True,False,False,False,False,True,True,True,False,True,True,False,True,True,True,True,True,True
MS,Morgan Stanley,Financial Services,,4,188.01,77827997696.0,1675057000000.0,1.999,383156000000.0,34,,15.186591,2.7729678,3,6,financial,,3,10.21,74.00387930995765,137.42623445824282,-0.3680793972211116,4,5,518303147328.0,,,,0.022327797530801895,,False,sec,8,0.020745562688314487,947577732.39,2026-10-14,,True,True,False,True,False,False,True,True,True,True,False,True,False,True,False,False,,True,,False
MTB,M&T Bank Corporation,Financial Services,,4,217.35,1657000000.0,219261000000.0,,18182000000.0,40,,11.506088,1.2347327,3,6,financial,,7,17.0,155.74287587942047,273.5272398167465,0.20538078713616692,3,5,32132874752.0,,,,0.11246022764084844,,False,sec,9,-0.0006932377394976763,228702407.85,2026-10-16,,True,True,False,True,False,False,False,True,True,True,False,True,True,True,True,True,,True,,True
MTRN,Materion Corporation,Basic Materials,,4,285.14,1786550000.0,1870697000.0,2.9411072645642884,458166000.0,15,,66.4662,5.9711437,3,6,industrial,,5,3.58,36.646051274495356,67.89225251443817,-3.199890111752608,3,5,6378707128.0,109796000.0,0.01721289248694912,0.16497914948278636,0.0032577911564431196,2.44970649074747,True,sec,14,-0.01519219841588456,88969382.8,2026-10-28,,True,True,True,False,False,False,True,True,True,False,False,True,True,True,True,False,False,True,False,False
MTX,Minerals Technologies Inc.,Basic Materials,,4,65.18,2072600000.0,3495200000.0,1.4287266143633073,964900000.0,34,,,1.313345,3,6,industrial,,4,-0.59,49.78071544899666,,,1,5,2647672672.0,47400000.0,0.01790251510364949,0.148203250171664,0.03583094095019925,1.6685908370506428,True,sec,14,-0.06068322270542458,13408503.700000001,2026-10-29,,True,False,True,True,False,False,False,False,True,False,False,False,True,False,True,True,False,True,False,False
MWA,MUELLER WATER PRODUCTS,Industrials,,4,21.5,1429700000.0,1953300000.0,4.636177194421657,452900000.0,21,,15.140845,2.9956806,3,6,industrial,,7,1.22,7.1773760497136685,15.142825186425135,-0.41981431703205474,4,5,3314302208.0,260600000.0,0.07862891904394495,0.26452669840782267,0.015550977347824357,-0.1378861788617886,True,sec,14,-0.014129933957917371,25556942.5,2026-11-05,,False,True,True,False,False,True,True,True,True,True,False,True,True,True,True,True,True,False,True,False
NBHC,National Bank Holdings Corporat,Financial Services,,4,39.17,47150000.0,12586136000.0,,202003000.0,15,,16.457981,1.0452021,3,6,financial,,6,2.85,37.47619040562429,44.79777204271058,0.1256261592059759,4,5,1565921016.0,,,,0.035093149222985495,,False,sec,9,-0.004198588033690403,15595809.690000001,2026-10-27,,True,True,False,True,False,False,False,True,True,True,True,True,True,False,True,True,,True,,True
NBTB,NBT Bancorp Inc.,Financial Services,,4,50.74,182952000.0,16214957000.0,,316438000.0,35,,12.197116,1.3561406,3,6,financial,,6,3.33,32.90140819324899,59.178068449542344,0.14258776385608102,3,5,2658238632.0,,,,0.03139785922849866,,False,sec,8,-0.004069267652081964,17567202.8,2026-10-27,,True,True,False,True,False,False,False,True,True,True,False,True,True,True,True,True,,False,,True
NDAQ,"Nasdaq, Inc.",Financial Services,,4,91.67,8262000000.0,27341000000.0,1.0062153163152052,8761000000.0,15,,26.725946,4.2975016,3,6,financial,,9,3.09,21.331325801953,40.573635524639094,-1.2593489297830285,3,5,59482451520.0,2331000000.0,0.03918802840895418,0.1919827365495044,0.023184354946235528,3.3283521809369954,True,sec,14,-0.01708057496068176,307411769.87,2026-10-22,,True,True,False,True,False,False,False,True,True,True,False,True,True,True,True,True,True,True,True,True
NHC,National HealthCare Corporation,Healthcare,,4,223.35,1469631000.0,1536930000.0,1.8618367554380972,0.0,23,,25.64294,3.1168015,3,6,industrial,,8,7.67,71.6604108382427,118.50556239386236,-0.8847216576862365,4,5,3458763736.0,128352000.0,0.037109212943361336,0.3909156005002558,0.011212208601959784,-0.22628583960478324,True,sec,12,-0.042333092593677006,24610266.45,2026-11-06,,False,True,True,False,False,True,True,True,True,True,False,True,True,True,True,True,True,False,True,True
NIC,Nicolet Bankshares Inc.,Financial Services,,4,163.62,510222016.0,15414619000.0,,92750000.0,4,,18.281565,1.5105243,3,6,financial,,7,9.78,107.85336257064203,147.69204495564398,-0.10784572079789154,3,5,3056570032.0,,,,0.027739023872478247,,False,sec,8,-0.00018482454869627333,28562488.92,2026-10-20,,True,True,False,True,False,False,False,True,True,True,False,True,True,True,True,True,,True,,True
NJR,NewJersey Resources Corporation,Utilities,,4,51.15,1351305000.0,8024458000.0,0.6612128380975155,3702970000.0,41,,14.168976,1.9622512,3,6,utility,,6,3.33,26.066808540225097,46.014039725620286,-0.11161724345450258,3,5,8859100632.0,508867000.0,0.05744002931425331,0.09587829167642528,0.03469422525319906,5.2591734144065505,True,sec,12,-0.01629044603386297,33046633.95,2026-11-16,,True,True,False,True,False,False,False,True,True,True,False,True,True,True,True,False,True,False,False,True
NOVT,Novanta Inc.,Technology,,4,143.58,980600000.0,2139565000.0,4.5694154106441305,229656000.0,0,,90.87341,3.3589895,3,6,industrial,,6,1.47,42.74534588533954,38.9818523641371,-2.683252367250052,2,5,4940881200.0,94012000.0,0.019027375116811147,0.20344509281092185,0.007233683750226893,-3.135702559893295,True,sec,14,-0.004779943586663644,59234934.06,2026-11-03,,False,True,True,False,False,True,True,True,False,False,False,True,True,False,True,True,True,True,False,False
NRG,"NRG Energy, Inc.",Utilities,,4,96.93,30347000000.0,39940000000.0,0.9677192982456141,23256000000.0,15,,25.242188,4.8479548,3,6,utility,,5,4.01,23.08520009866296,41.562981346060354,-1.332123367016061,1,5,43469701504.0,1845000000.0,0.0424433556285227,0.20425531914893616,0.08451242769049941,7.103660412180868,True,sec,12,-0.02626439659489234,269296257.15000004,2026-11-05,,True,False,False,True,False,True,False,False,True,False,False,True,True,False,True,False,True,True,False,False
NTCT,"NetScout Systems, Inc.",Technology,,4,40.33,859482000.0,2310838000.0,1.8251641980823272,39980000.0,0,,24.591465,1.7630602,3,6,industrial,,8,1.3,22.87501659205686,29.053182306840455,-0.38814397590120314,2,5,2342854912.0,109825000.0,0.04687656902588426,0.29534480565059085,0.020734335257627697,-2.910747163725961,True,sec,14,-0.08613239006801862,24685912.34,2026-11-05,,False,False,True,True,False,True,True,False,False,True,False,True,True,True,True,True,True,True,True,False
NTNX,"Nutanix, Inc.",Technology,,4,71.52,2537927000.0,5073685000.0,1.7983040139089623,1521468032.0,0,,13.833654,27.539469,3,6,industrial,,4,0.65,2.5969999639426598,17.380910737379804,-3.114859173989506,1,5,18511183872.0,172541000.0,0.009320905739636964,0.43422975608458153,0.01591117669809882,2.001549339415587,True,sec,14,-0.12477912996175364,197065707.35999998,2026-11-25,,True,False,True,False,False,True,False,False,False,True,False,True,True,True,False,True,False,False,False,False
NTRS,Northern Trust Corporation,Financial Services,,4,169.2,5017800000.0,179297200000.0,,16345100288.0,41,,14.536081,2.473178,3,6,financial,,5,8.74,73.25053793227148,133.85674600031905,-0.26403789914029957,3,5,38181298176.0,,,,0.06024984645505432,,False,sec,9,-0.021174898436785404,175078177.2,2026-10-21,,True,True,False,True,False,False,False,True,True,True,False,True,True,False,True,True,,True,,False
NWBI,"Northwest Bancshares, Inc.",Financial Services,,4,14.99,654411008.0,17207139000.0,,368241000.0,32,,14.413462,1.1385386,3,6,financial,,5,0.92,13.165661314900108,17.552333361141823,0.1459824918101451,3,5,2314225712.0,,,,0.05008604046544867,,False,sec,8,-0.001592478563693825,15362246.67,2026-10-26,,True,True,False,True,False,False,False,True,True,False,True,True,True,True,True,False,,False,,True
NWE,"NorthWestern Energy Group, Inc.",Utilities,,4,68.53,1610559000.0,8703701000.0,0.8260909087790672,3587170000.0,19,,24.740072,1.4559785,3,6,utility,,6,2.94,47.06824488036759,54.16191737346385,-0.26528016959709155,2,5,7798807984.0,325818000.0,0.04177792307086503,0.10826400160478675,0.03828177606635495,6.227561250312856,True,sec,12,-0.02451405442351478,27380613.26,2026-10-28,,True,True,False,True,False,False,False,True,True,False,False,True,True,False,True,False,True,False,True,True
NWL,Newell Brands Inc.,Consumer Defensive,,4,5.31,7204000000.0,11061000000.0,1.110803324099723,5006000000.0,40,,,0.921555,3,6,industrial,,3,-0.68,5.359720096216925,,,2,5,7058529088.0,39000000.0,0.005525230471360211,0.21987162101075852,0.053061444416849346,13.705714285714286,True,sec,14,-0.04963384865744508,42723702.449999996,2026-10-30,,True,False,False,True,False,True,False,False,True,False,True,False,True,False,True,False,False,False,True,False
NWS,News Corporation,Communication Services,,4,31.45,8452000000.0,15544000000.0,1.6233248822890256,1989000000.0,12,,30.833334,2.0045893,3,6,industrial,,5,2.07,15.688999237898754,18.975313560640853,-0.657416616568303,3,5,16856578432.0,1142000000.0,0.06774803110885558,,0.01974935599224824,0.6128550553064275,False,sec,10,0.023288728769943385,36920790.4,2026-11-05,NWSA,True,True,True,False,False,False,False,True,True,True,False,True,True,False,True,False,False,True,,True
NX,Quanex Building Products Corpor,Industrials,,4,19.2,1837641000.0,1968691000.0,2.231405050534989,663365000.0,39,,19.793814,1.1689498,3,6,industrial,,5,-5.43,16.267826556359825,18.933452515582648,-0.014078123585647003,2,5,1481134232.0,-193952000.0,-0.1309482934157179,0.2535837264456433,0.053700391471750916,3.6571362719686125,True,sec,13,-0.2111570581670765,7401523.2,2026-09-03,,True,False,False,True,False,True,False,False,True,False,True,False,True,False,True,False,False,True,True,True
OC,Owens Corning Inc,Industrials,,4,117.09,10103000000.0,12731000000.0,1.1597035040431267,4291000000.0,13,,,2.4523005,3,6,industrial,,4,-6.22,47.74683544303797,,,1,5,13275810048.0,360000000.0,0.02711698937378469,0.22292043044536958,0.11311813818243129,3.81404174573055,True,sec,14,-0.18128976514020895,113063509.08,2026-11-04,,True,False,False,True,False,True,False,False,True,False,False,False,True,False,True,False,False,True,False,True
OFG,OFG Bancorp,Financial Services,,4,50.69,0.0,12154572000.0,,577990976.0,35,,9.998027,1.522405,3,6,financial,,4,4.58,33.29624685888035,61.62987641411264,0.17750930312765506,3,5,1974699904.0,,,,0.06696576867109624,,False,sec,9,-0.0010379633277091123,14003670.09,2026-10-21,,True,True,False,True,False,False,False,True,True,True,False,True,True,False,True,False,,True,,False
OHI,"Omega Healthcare Investors, Inc",Real Estate,,4,45.23,1190099000.0,10014761000.0,0.444,4256011000.0,24,,16.096087,2.5097103,3,6,financial,,7,1.94,18.021848076466597,33.75560489627073,-0.339925625358796,3,5,18658791064.0,839468000.0,0.044990481812064304,0.11699214822004728,0.05403662507136609,3.5168350459712814,True,sec,9,-0.08766475136051674,84316816.16999999,2026-11-03,,True,True,False,True,False,False,False,True,True,True,False,True,True,True,True,True,False,False,True,True
OKE,"ONEOK, Inc.",Energy,,4,87.16,33629000000.0,68549000000.0,0.7370905052748473,33022000000.0,42,,15.318103,2.395361,3,6,industrial,,6,5.42,36.3870064707859,68.25280443168108,-0.27701712370287174,3,5,87807467840.0,5741000000.0,0.0653816826885507,0.1496156034369575,0.0483743560685265,4.529427980702963,True,sec,13,-0.03218135931961079,315161233.88,2026-10-27,,True,True,False,True,False,False,False,True,True,True,False,True,True,True,True,True,False,False,False,True
OKTA,"Okta, Inc.",Technology,,4,212.63,2919000000.0,9138000000.0,1.5254320987654322,53000000.0,0,,127.32336,5.3308096,3,6,industrial,,8,1.31,39.88699952817673,38.713743403685314,-4.492364760049499,2,5,34926174208.0,149000000.0,0.004266141464926636,0.24710002188662727,0.0008608589659026022,-2.5077881619937696,True,sec,14,-0.07102210549354344,744482269.52,2026-12-01,,True,False,True,False,False,True,True,False,False,True,False,True,True,True,True,True,True,False,True,True
OMCL,"Omnicell, Inc.",Healthcare,,4,33.44,1184845000.0,1998859000.0,1.6435373602329693,199996000.0,0,,39.809525,1.1809161,3,6,industrial,,7,0.04,28.31659833819306,23.134201190679374,-0.4454789134224685,2,5,1433192704.0,5160000.0,0.0036003532432160638,0.2518646888049632,0.05102528632234481,0.0422953372919303,True,sec,14,-0.06265974738588365,23053569.439999998,2026-10-29,,False,False,True,True,False,True,True,False,False,False,True,True,True,False,True,False,True,True,True,True
ONB,Old National Bancorp,Financial Services,,4,24.98,2660699904.0,74189417000.0,,8903822336.0,40,,11.053097,1.14393,3,6,financial,,3,1.79,22.439249013820884,33.322837677773926,0.25036396235061736,4,5,16774888448.0,,,,0.030961018495352054,,False,sec,8,-0.00016464612466222776,103983246.8,2026-10-21,,True,True,False,True,False,False,False,True,True,True,True,True,True,False,True,False,,False,,False
ORCL,Oracle Corporation,Technology,,4,138.07,67357000000.0,303259000000.0,1.1708128130656228,7199000000.0,18,,21.641068,6.754232,3,6,industrial,,5,5.83,22.08068783068783,54.17055087183947,-1.5488018448742713,3,5,388681361024.0,20606000000.0,0.05301514830994851,0.16937717518786363,0.0105910903274382,-1.0584151050338304,True,sec,13,-0.04943958794297943,4541583729.94,2026-12-10,,True,True,True,False,False,False,False,True,True,True,False,True,True,False,True,True,True,False,False,False
OSW,OneSpaWorld Holdings Limited,Consumer Cyclical,,4,22.73,961001000.0,729835000.0,2.9052577319587627,81604000.0,3,,28.77215,3.9626915,3,6,industrial,,7,0.69,5.736000392662412,10.09739638263034,-1.2510753404808803,3,5,2348309600.0,81637000.0,0.034764155458888384,0.22507300999158528,0.04027020297992393,0.3855696510203891,True,sec,11,-0.016306425424924813,20994291.740000002,2026-10-28,,False,False,True,True,False,True,True,False,True,True,False,True,True,True,True,True,False,True,False,True
OTTR,Otter Tail Corporation,Industrials,,4,88.46,1304058000.0,4293605000.0,1.7069050569951567,1186736000.0,40,,19.105831,1.9788381,3,6,industrial,,5,6.55,44.70275270700083,68.24174072308179,-0.2962740847857603,2,5,4567077416.0,345682000.0,0.0756899803775956,0.14211361006629453,0.02371107884995202,1.8392695816416518,True,sec,13,-0.02564092411854374,20859221.84,2026-11-02,,False,True,True,True,False,False,False,True,True,False,False,True,True,False,True,True,True,False,False,False
PANW,"Palo Alto Networks, Inc.",Technology,,4,396.25,9221000000.0,48460000000.0,0.8710067519903255,2567000064.0,0,,990.625,11.746657,3,6,industrial,,3,1.6,33.732515337423315,17.424035550880877,-21.74157435244486,1,5,323628498944.0,1243000000.0,0.0038408236729951467,0.1397028477094511,0.0,0.0339744,True,sec,15,-0.05328105654147751,2539375653.75,2026-11-19,,True,True,True,False,False,False,False,True,False,False,False,True,True,False,True,False,False,False,False,False
PB,"Prosperity Bancshares, Inc.",Financial Services,,4,66.8,1391284992.0,43872511000.0,,2710096896.0,28,,11.577124,0.8095008,3,6,financial,,7,5.72,82.51970087725095,103.50438230485933,0.35461669822588887,4,5,9053940736.0,,,,0.04716455449929471,,False,mixed,7,-0.00015203141666543773,73603580.0,2026-10-28,,True,True,False,True,False,False,False,True,True,True,True,True,True,True,True,True,,True,,True
PBI,Pitney Bowes Inc.,Industrials,,4,16.61,1892629000.0,3019585000.0,0.7335280237860945,2033894000.0,55,,13.5040655,-2.6369267,3,6,industrial,,7,0.84,-3.1933320509880225,,,3,5,4032209544.0,293984000.0,0.07290890931932183,0.30743661794584354,0.18858457341194557,3.568976697662985,True,sec,13,-0.07900423402553662,28488408.959999997,2026-11-05,,True,False,False,True,False,True,False,False,True,True,True,True,True,True,True,False,False,True,True,True
PCRX,"Pacira BioSciences, Inc.",Healthcare,,4,25.01,726411000.0,1243978000.0,5.0422912688200245,363124000.0,0,,71.457146,1.4821619,3,6,industrial,,8,0.16,16.87436521116888,11.527477811023001,-1.1695986242614593,1,5,1109038856.0,19191000.0,0.01730417279446519,0.4635628604364386,0.1487824028830709,1.0170486508066126,True,sec,14,-0.11655672367196204,14410036.71,2026-11-05,,False,False,True,True,False,True,True,False,False,False,False,True,True,True,True,False,True,True,True,True
PCTY,Paylocity Holding Corporation,Technology,,4,146.6,1471801000.0,4884358000.0,1.088537113499119,81250000.0,0,,29.79675,6.645211,3,6,industrial,,7,4.02,22.928366278087516,49.418139742030355,-1.9665220254196665,2,5,7925989128.0,304024000.0,0.0383578623551198,0.22459410223411141,0.01601102694885536,-0.47234553832433235,True,sec,14,-0.0391246915152411,104841283.2,2026-11-03,,False,True,True,False,False,True,False,True,False,True,False,True,True,True,True,True,False,True,True,False
PECO,"Phillips Edison & Company, Inc.",Real Estate,,4,37.49,12751000.0,5444913000.0,1.567,2450755000.0,6,,32.885967,2.0278018,3,6,financial,,6,0.89,18.88705751332432,21.776528051160042,-0.7215783853111928,3,5,7746454104.0,233216000.0,0.030106161718504904,0.09777055930666358,0.029658685505062617,5.287437271815014,True,sec,9,-0.04349858298929662,33926163.11,2026-10-26,,True,True,False,True,False,False,False,True,True,True,False,True,True,True,True,False,True,False,False,True
PEG,Public Service Enterprise Group,Utilities,,4,67.89,12123000000.0,58813000000.0,0.8769497400346621,24541000000.0,47,,16.762962,1.9510301,3,6,utility,,8,4.22,32.451310861423224,56.310541368282,-0.20563571847029605,3,5,58186735936.0,2980000000.0,0.05121442115738754,0.07358969014867306,0.03717742825286406,5.499888032266898,True,sec,11,-0.020182612687671093,204984418.29,2026-11-02,,True,True,False,True,False,False,False,True,True,True,False,True,True,True,True,False,True,True,True,True
PFBC,Preferred Bank,Financial Services,,4,105.99,286640000.0,7601165000.0,,382120000.0,13,,9.8963585,1.5831927,3,6,financial,,4,10.71000004698698,66.94699893449483,127.01398796595882,0.16552498116659,3,5,848611776.0,,,,0.10455606048333484,,False,yahoo,0,,13036028.07,2026-10-19,,True,True,False,True,False,False,False,True,True,True,False,True,True,False,True,False,,True,,False
PFS,"Provident Financial Services, I",Financial Services,,4,22.35,73109000.0,25663358000.0,,1960000000.0,24,,9.3125,1.0027368,3,6,financial,,5,2.23,22.288889714748354,34.6930248202442,0.35577828350792146,4,5,4646652536.0,,,,0.04319360291471326,,False,sec,9,-0.00589416240852035,19987001.55,2026-10-29,,True,True,False,True,False,False,False,True,True,True,True,True,True,True,True,False,,False,,True
PII,Polaris Inc.,Consumer Cyclical,,4,52.37,7152000000.0,5199400000.0,1.1995795374912404,1951300000.0,38,,,3.5623426,3,6,industrial,,3,-8.18,14.701230228471001,,,1,5,4629237376.0,-348700000.0,-0.07532558209432379,0.26324191252836865,0.051240968059589866,3.9048973785815893,True,sec,14,-0.2320460053083048,42940729.129999995,2026-10-26,,True,False,False,True,False,True,False,False,True,False,False,False,True,False,True,False,False,False,False,True
PIPR,Piper Sandler Companies,Financial Services,,4,65.78,1834064000.0,2326856000.0,2.429,15000000.0,10,,15.262181,3.236886,3,6,financial,,6,15.82,20.32213467796014,44.392860099732154,-0.4817698128081837,4,5,4359460712.0,,,,0.051452971033240244,,False,sec,9,-0.13120536896137966,42316471.34,2026-10-30,,True,True,False,True,False,False,True,True,True,True,False,True,True,True,True,True,,False,,True
PLD,"Prologis, Inc.",Real Estate,,4,128.18,8790127000.0,98133451000.0,0.649,34669592000.0,30,,28.547884,2.2286358,3,6,financial,,4,3.56,57.389656359710514,76.22633045979181,-0.6815711739870902,2,5,158411119104.0,4357864000.0,0.02750983658627509,0.06640184758647358,0.030213999159438117,4.840917929429607,True,sec,10,-0.01712161330186992,517781187.3,2026-10-15,,True,True,False,True,False,False,False,True,True,False,False,True,True,False,True,False,False,False,False,True
PLMR,"Palomar Holdings, Inc.",Financial Services,,4,125.93,875967000.0,3964165000.0,0.541,295773000.0,1,,16.903357,3.361809,3,6,financial,,6,7.17,37.45915097728531,79.24054661438983,-0.5892116521206774,3,5,3570716512.0,253782000.0,0.07107313032191787,,0.01121303794394486,0.6525086332404046,False,sec,9,-0.05349197119696077,31983197.680000003,2026-11-05,,True,True,True,False,False,False,False,True,True,True,False,True,True,True,True,,,True,,True
PLNT,"Planet Fitness, Inc.",Consumer Cyclical,,4,41.85,1324144000.0,3004945000.0,1.5840222539431141,2549032000.0,0,,14.381442,-5.1362295,3,6,industrial,,7,2.9100002628387336,-8.148,,,3,5,5322563920.0,394677000.0,0.07415166937065173,0.36401198690824627,0.15704961190186434,3.902674480708932,True,sec,12,-0.06632966659955507,91256980.05,2026-11-05,,False,True,False,True,False,True,False,True,False,True,True,True,True,True,True,False,True,True,False,True
PLTR,Palantir Technologies Inc.,Technology,,4,190.04,4475446000.0,11678564000.0,7.228212495327504,211400000.0,0,,161.05084,46.71583,3,6,industrial,,8,0.63,4.067670815686232,10.392564987747587,-17.28614978343166,2,5,447590236160.0,1414015000.0,0.003159173024262603,0.3156440295228078,0.00016419694412939356,-0.45533778669880237,True,sec,15,-0.04362180144750673,6744815682.32,2026-11-02,,True,False,True,False,False,True,True,False,False,True,False,True,True,True,True,True,True,False,True,True
PLXS,Plexus Corp.,Technology,,4,270.27,4032966000.0,3633597000.0,1.4880227118779956,306961984.0,0,,38.609997,4.71626,3,6,industrial,,8,6.26,57.30599392735315,95.00366229557434,-1.844837698563019,2,5,7196171776.0,202371000.0,0.028122035757252053,0.11187646841408114,0.009070333849768918,0.0016265587506289563,True,sec,14,-0.02101113579739305,71722360.71,2026-10-28,,True,True,True,False,False,False,False,True,False,True,False,True,True,True,True,False,True,True,True,True
PNC,"PNC Financial Services Group, I",Financial Services,,4,220.75,23099000000.0,616034000000.0,,85723000000.0,41,,12.155837,1.5170361,3,6,financial,,6,16.59,114.855441324443,243.83810783118923,0.09468621634471215,3,5,145044818048.0,,,,0.04511347279328922,,False,sec,9,0.004241648999892863,380483154.75,2026-10-15,,True,True,False,True,False,False,False,True,True,True,False,True,True,True,False,True,,True,,True
PNFP,"Pinnacle Financial Partners, In",Financial Services,,4,94.63,3302606080.0,129055000000.0,,2456442000.0,14,,13.034434,1.0137444,3,6,financial,,6,5.33,98.19867549668874,123.48374049487907,0.23366428955944735,4,5,9105230288.0,,,,0.03036051941862148,,False,sec,8,0.0008981132075471699,101650883.58999999,2026-10-21,,True,True,False,True,False,False,False,True,True,True,True,True,True,True,True,True,,False,,True
PNW,Pinnacle West Capital Corporati,Utilities,,4,94.63,5339939000.0,32576874000.0,0.5940682628780745,11369408000.0,34,,18.163147,1.6302305,3,6,utility,,4,5.05,58.024099228490044,82.48976059498885,-0.14717268322086327,3,5,22829178208.0,1067630000.0,0.04676602855664212,0.07397055348268336,0.037577990709808454,5.576297401637996,True,sec,12,-0.03602101294310805,107461165.58999999,2026-11-03,,True,True,False,True,False,False,False,True,True,True,False,True,True,False,True,True,False,False,False,False
POR,Portland General Electric Co,Utilities,,4,44.76,3555000000.0,13643000000.0,0.9766136576239476,4928000000.0,21,,19.80531,1.2567031,3,6,utility,,5,2.77,35.60902496271244,42.55731025155973,-0.05175819936504428,3,5,10157122368.0,555000000.0,0.05464146043455445,0.12962962962962962,0.042742167501224775,4.318623124448367,True,sec,12,-0.059517701385325805,52791913.44,2026-10-30,,True,True,False,True,False,False,False,True,True,True,False,True,True,False,True,False,True,False,True,False
POST,"Post Holdings, Inc.",Consumer Defensive,,4,72.83,8158100000.0,12852700000.0,1.851387728580711,7632600000.0,0,,13.241818,1.0400869,3,6,industrial,,4,5.51,70.02299519395928,93.08783902440159,0.21762068210748023,2,5,10667843776.0,799300000.0,0.07492610660443177,0.18201623005282935,0.2147935643471059,5.565880930794802,True,sec,13,-0.051553370109004334,70663234.67,2026-11-19,,True,True,False,True,False,False,False,True,False,False,True,True,True,False,True,False,False,True,False,False
POWL,"Powell Industries, Inc.",Industrials,,4,190.6,1104318000.0,1406698000.0,1.970977347314496,2524000.0,14,,35.361782,9.182887,3,6,industrial,,5,14.86,20.75571733024335,50.171543730121805,-2.7989662232690735,4,5,6313009664.0,217860000.0,0.03450968897487181,0.2305974701037465,0.0018532420369941085,-1.8974552632106558,True,sec,15,0.009106432226391166,123642791.8,2026-11-17,,False,True,True,False,False,True,True,True,True,True,False,True,True,True,False,False,True,False,True,False
PPL,PPL Corporation,Utilities,,4,32.76,9170000000.0,46304000000.0,1.0032505224053865,20238000000.0,42,,19.384613,1.6382457,3,6,utility,,6,1.59,19.967348154293266,27.57509810768106,-0.1880284114338175,3,5,43650367296.0,2129000000.0,0.04877393093998308,0.08540358942622227,0.03220655379311313,5.520778843359489,True,sec,12,-0.03127159640635798,245851154.64,2026-11-04,,True,True,False,True,False,False,False,True,True,True,False,True,True,True,True,False,True,False,True,False
PRGS,Progress Software Corporation,Technology,,4,36.58,977831000.0,2302593000.0,0.7958893273006165,1232635000.0,0,,17.757282,3.237455,3,6,industrial,,7,1.66,12.941327664894192,22.884680004690512,-0.5984492679164599,1,5,2614159984.0,153290000.0,0.058638339251695926,0.34320003578574243,0.07085577846496702,7.016001003197693,True,sec,14,-0.07037891629132895,19720095.099999998,2026-09-30,,False,True,False,True,False,True,False,True,False,False,False,True,True,True,True,True,False,True,False,True
PRIM,Primoris Services Corporation,Industrials,,4,76.25,7574900000.0,4638800000.0,1.181301878549585,797000000.0,19,,29.901962,2.5552094,3,6,industrial,,6,5.02,29.840935718708337,41.37785908176833,-0.8427729634179365,3,5,4715738752.0,411500000.0,0.0872609831970607,0.1752824006208502,0.004017221669517238,1.149781485895908,True,sec,14,-0.04214452013451755,97064038.75,2026-11-02,,True,True,True,False,False,False,False,True,True,True,False,True,True,True,True,True,False,False,False,True
PRK,Park National Corporation,Financial Services,,4,179.16,664421000.0,12677010000.0,,81711000.0,36,,16.025045,1.8744507,3,6,financial,,7,11.11,88.04014637527928,155.0585336735631,-0.1554346333312845,3,5,1475770040.0,,,,0.03400440265414975,,False,sec,10,-0.0014393772664058797,18663276.36,2026-10-26,,True,True,False,True,False,False,False,True,True,True,False,True,True,True,True,True,,True,,True
PRSU,Pursuit Attractions and Hospita,Consumer Cyclical,,4,50.95,452417000.0,1020329000.0,1.6063593240438778,234787000.0,0,,34.425674,2.590239,3,6,industrial,,6,0.8,19.66958882001247,25.593183025085857,-0.9907644918594131,1,5,1599463032.0,108443000.0,0.06779962889445512,0.4094698866738082,0.007299755292238928,1.3003630762460117,True,sec,13,-0.062186804452289406,11710806.55,2026-11-04,,False,True,True,False,False,True,False,True,False,False,False,True,True,False,True,False,False,True,True,True
PSA,Public Storage,Real Estate,,4,284.0,4824113000.0,20117732000.0,0.22,10180215000.0,39,,27.073404,10.304416,3,6,financial,,4,9.01,52.33016386950628,80.65410484231394,-2.5212094977093313,2,5,62986330584.0,2094299000.0,0.03325005569592589,0.1738931595670834,0.0,2.86976921976859,True,sec,9,-0.06969478468049976,277321740.0,2026-10-28,,True,True,True,False,False,False,False,True,True,False,False,True,True,False,True,False,False,False,False,True
PTEN,"Patterson-UTI Energy, Inc.",Energy,,4,11.3,4793596000.0,5372674000.0,1.7499126438188806,1234173000.0,23,,,1.3902559,3,6,industrial,,5,-0.24,8.12804426279957,,,1,5,5342797896.0,-40830000.0,-0.007642063352343582,0.041263693199096806,0.044571844397414226,1.039453976841898,True,sec,11,-0.19622873079587558,95940649.9,2026-10-21,,True,False,True,True,False,False,False,False,True,False,False,False,True,True,True,False,True,True,False,False
PTON,"Peloton Interactive, Inc.",Consumer Cyclical,,4,4.97,2490800000.0,2055900000.0,2.836952380952381,1330000000.0,0,,35.5,-15.628931,3,6,industrial,,7,-0.3,-0.318,,,2,5,2304592704.0,-36200000.0,-0.015707764733077972,0.6169074371321562,0.0,2.3065420560747665,True,sec,13,-0.21980641081764676,42616388.22,2026-11-05,,True,False,True,False,False,True,False,False,False,True,True,True,True,True,True,False,True,False,True,True
PWR,"Quanta Services, Inc.",Industrials,,4,662.6,28479697000.0,28291820000.0,1.0982822823668232,6104884000.0,9,,75.812355,10.331171,3,6,industrial,,5,6.8,64.13587773874008,112.30469735507458,-4.900020351820661,3,5,105215982856.0,1611509000.0,0.015316199651962884,0.15110660961366218,0.001957195689170733,2.7673370910314987,True,sec,14,-0.041992809228957345,680251001.4,2026-10-29,,True,True,True,False,False,False,False,True,True,True,False,True,True,False,True,True,False,False,True,False
Q,"Qnity Electronics, Inc.",Technology,,4,128.45,4754000000.0,14331000000.0,2.0083217753120666,4020000000.0,2,,45.875,3.704291,3,6,industrial,,5,3.3,34.686041665660504,46.73957733940893,-1.7482062806694685,2,5,29931836096.0,1027000000.0,0.034311293056199954,0.15316446863442887,0.00044654758273862243,2.366972519003932,True,sec,12,-0.03795966785290629,226623821.2,2026-11-04,,True,True,True,False,False,False,False,True,True,False,False,True,True,False,True,,True,False,True,False
RAL,Ralliant Corporation,Technology,,4,70.8,2068800000.0,3705700000.0,1.523749804044521,1148500000.0,2,,,5.1049104,3,6,industrial,,4,-10.84,13.868896925858952,,,1,5,8710912768.0,-1183000000.0,-0.13580666360772356,0.28072968669886933,0.0014425569787232069,2.285858585858586,True,sec,14,-0.43732628113446853,105770527.2,2026-10-26,,True,False,True,False,False,True,False,False,True,False,False,False,True,False,True,False,False,True,False,True
RAMP,"LiveRamp Holdings, Inc.",Technology,,4,37.7,812940000.0,1278811000.0,2.6571015352976337,33118000.0,0,,15.774058,2.344819,3,6,industrial,,7,2.24,6.040772558714463,29.40398755873842,-0.2821390270516603,2,5,1954065792.0,83466000.0,0.042714017277060035,0.4494980102610941,0.08129553775260635,-2.866200038058362,True,sec,15,-0.017011896206710765,39984733.1,2026-11-04,,False,False,True,True,False,True,True,False,False,True,False,True,True,True,True,True,False,True,False,True
RBA,"RB Global, Inc.",Industrials,,4,81.59,4590700000.0,12487600000.0,1.3124826244092298,2904100000.0,24,,35.168102,2.7124333,3,6,industrial,,6,2.04,30.08049702863317,39.625448724231994,-1.0590303107433479,3,5,17489667584.0,713400000.0,0.04078979755182064,0.17531087869554476,0.017080874470972295,1.9879679144385027,True,sec,12,-0.04402767545405042,134619991.63,2026-11-05,,True,True,True,False,False,False,False,True,True,True,False,True,True,True,True,True,False,False,False,True
RBC,RBC Bearings Incorporated,Industrials,,4,508.49,1870900000.0,5196100000.0,2.530257639304973,806200000.0,0,,50.196445,4.636842,3,6,industrial,,6,9.09,105.66367685056562,158.09788000957792,-2.216298662380511,3,5,16780108448.0,421000000.0,0.02508922998350338,0.15977367641115453,0.0003105897092964603,1.2399054201527828,True,sec,14,-0.02465310521352553,134889176.26,2026-10-30,,True,True,True,False,False,False,True,True,False,True,False,True,True,True,True,True,False,False,False,True
RDDT,"Reddit, Inc.",Communication Services,,4,149.53,2202506000.0,3636605000.0,10.486085821127524,20867000.0,0,,34.774418,8.752634,3,6,industrial,,7,2.62,17.084000085002984,40.655590476144354,-2.677968964384869,2,5,26003560448.0,441984000.0,0.01699705703316463,0.5522430948645783,0.0,-1.163670900691273,True,sec,13,-0.04423768872341098,879345706.43,2026-10-29,,True,False,True,False,False,True,True,False,False,True,False,True,True,True,True,True,False,False,True,True
REG,Regency Centers Corporation,Real Estate,,4,71.8,1553524000.0,13046484000.0,0.964,5003934000.0,33,,24.175085,1.9726902,3,6,financial,,7,2.9699998986559923,37.64764869075761,49.31763645530231,-0.4558686336291472,3,5,18282011504.0,1123441000.0,0.06145062318521118,0.08432744676044664,0.045700206059438,3.178555236067086,True,sec,9,-0.023012483669929768,93117420.0,2026-11-05,,True,True,False,True,False,False,False,True,True,True,False,True,True,True,True,False,True,False,True,True
RELY,"Remitly Global, Inc.",Technology,,4,21.48,1635147000.0,1567455000.0,3.18056510533892,3022000.0,0,,15.453238,4.0345607,3,6,industrial,,6,0.31,5.323582351857364,12.903801168600554,-0.6646257733936825,2,5,3873601184.0,77468000.0,0.019998961255996973,0.674869559673493,0.005254924327259899,-6.569354744297672,True,sec,12,-0.1640551084401147,74264264.64,2026-11-04,,True,False,True,False,False,True,True,False,False,True,False,True,True,True,True,False,True,False,True,False
REX,REX American Resources Corporat,Basic Materials,,4,43.75,650487000.0,856476000.0,6.884441973007905,17819000.0,0,,11.986301,2.1546416,3,6,industrial,,7,2.5,20.451181006739937,40.83562494414101,-0.07136844507328,3,5,1187732224.0,61090000.0,0.051434152215104,0.1464477696981585,0.023000008598391616,-1.4168062072052656,True,sec,14,-0.040722682246788,8260481.25,2026-12-03,,False,True,True,True,False,False,True,True,False,True,False,True,True,True,True,True,False,True,True,False
REXR,"Rexford Industrial Realty, Inc.",Real Estate,,4,36.02,589000.0,11634676000.0,0.344,3263724000.0,14,,,1.0844172,3,6,financial,,6,0.86,33.820345722166984,,,4,5,11466911504.0,324666000.0,0.028313290800818236,0.06147828781959916,0.020645593559742645,4.585545176129363,True,sec,9,-0.027703564757626253,96627648.22000001,2026-10-22,,True,True,False,True,False,False,False,True,True,True,True,True,True,False,True,True,True,False,False,True
REZI,"Resideo Technologies, Inc.",Industrials,,4,18.17,7472000000.0,8781000000.0,2.222545031958164,3578000000.0,0,,7.0976562,1.0907017,3,6,industrial,,3,-3.77,19.776315789473685,30.976740093361293,0.4134308534326999,1,5,5788066880.0,607000000.0,0.10487093749683832,0.2500854116843184,0.0,3.7768079800498753,True,sec,14,0.06946816991231067,44747713.25000001,2026-11-05,,True,False,False,False,True,True,False,False,False,False,True,False,False,False,False,False,True,False,True,True
RH,RH,Consumer Cyclical,,4,120.51,3439536000.0,5131100000.0,1.122051276094452,4108546048.0,0,,21.291521,18.957056,3,6,industrial,,6,6.31,6.3570547979106085,28.452835657361597,-3.235430220425867,1,5,6264689152.0,387268000.0,0.0618175923184257,0.2954058583929372,0.005254126808934325,9.465965992188307,True,sec,14,-0.06381497144861725,92253176.73,2026-12-10,,True,True,False,False,False,True,False,True,False,False,False,True,True,True,True,True,False,False,False,True
RNR,RenaissanceRe Holdings Ltd.,Financial Services,,4,322.99,12848074000.0,55195613000.0,1.352,2330907000.0,31,,5.60163,1.2199074,3,6,financial,,6,56.03,282.7033365794214,586.0837673606512,0.4489013038962985,2,5,14449592056.0,4134927000.0,0.2861621964118376,,0.12477031014163882,,False,sec,9,-0.018312560456571068,98698315.23,2026-11-03,,True,False,False,True,True,False,False,False,True,True,False,True,True,True,True,False,,True,,True
RNST,Renasant Corporation,Financial Services,,4,39.28,1062574976.0,27004999000.0,,1111694000.0,34,,11.485379,0.92739934,3,6,financial,,5,2.07,42.35493647215749,57.089558118298925,0.3119582407941326,4,5,3820858232.0,,,,0.025607408395598906,,False,sec,8,-0.0033400852930970297,25171409.6,2026-10-27,,True,True,False,True,False,False,False,True,True,True,True,True,True,False,True,True,,False,,True
ROKU,"Roku, Inc.",Communication Services,,4,151.26,4737251000.0,4572546000.0,2.8661966961656606,474118016.0,0,,64.09322,7.949755,3,6,industrial,,7,0.59,19.096733175515727,31.785748110204764,-3.7587365090657787,2,5,20366770176.0,-5624000.0,-0.0002761360761377504,0.45366935619674464,0.006676632536629745,-1.9222067950566453,True,sec,15,-0.08646320889937466,368065949.58,2026-11-05,,True,False,True,False,False,True,True,False,False,True,False,True,True,True,True,True,True,False,False,True
ROP,"Roper Technologies, Inc.",Technology,,4,362.59,7902500000.0,35169500000.0,0.5528021898861836,11319400000.0,35,,15.107917,1.9176235,3,6,industrial,,6,14.2,189.08291203235592,319.538442992822,-0.1347304462147143,2,5,46814967712.0,2235400000.0,0.047749685821678,0.1555893600989494,0.023326522306346877,3.4958195047230025,True,sec,14,-0.028555993119037802,295201198.14,2026-10-22,,True,True,False,True,False,False,False,True,True,False,False,True,True,False,True,False,True,True,False,True
RTX,RTX Corporation,Industrials,,4,185.01,88603000000.0,173972000000.0,1.01054628824413,37383000000.0,65,,32.57218,3.7565482,3,6,industrial,,8,4.96,38.47246179241783,79.33568325719637,-1.33198974791987,3,5,277715718592.0,9300000000.0,0.03348748154101746,0.10398120166706609,0.014533862537829264,2.0739143149583272,True,sec,13,-0.022043777159542914,831530220.15,2026-10-20,,True,True,True,False,False,False,False,True,True,True,False,True,True,True,True,True,True,False,True,True
RYN,Rayonier Inc. REIT,Real Estate,,4,18.22,483035000.0,7745428000.0,2.5294202362429297,2055047000.0,33,,39.608692,1.0438269,3,6,financial,,5,3.03,17.66586655813409,13.44095536557695,-0.35555840373240527,4,5,6825713400.0,83336000.0,0.012209126741242901,0.020118965665938668,0.05409672465683639,6.9647903037679395,True,sec,13,0.02810935690061285,56115559.36,2026-11-04,,True,True,False,True,False,False,False,True,True,True,True,True,True,True,False,True,True,False,False,False
SAH,"Sonic Automotive, Inc.",Consumer Cyclical,,4,63.76,15153600000.0,6382200000.0,1.011521263748817,1758800000.0,17,,10.152865,1.9650507,3,6,industrial,,6,3.42,32.44699996799065,67.71086808148432,0.058349098061034846,3,5,3755359744.0,367500000.0,0.09786013193201018,0.37336655071918773,-0.06533516724501072,3.2766999434921833,True,sec,13,-0.07030491053241829,19138010.32,2026-10-29,,True,True,False,False,False,True,False,True,True,True,False,True,True,False,True,False,False,True,True,True
SAIA,"Saia, Inc.",Industrials,,4,344.38,3234286000.0,3724960000.0,1.5843657236528148,100124000.0,0,,33.30561,3.3601656,3,6,industrial,,5,9.52,102.22169737934706,154.4152340102408,-1.2302203678761434,2,5,9178377648.0,352200000.0,0.03837279457298705,0.14833888030514422,0.0,0.026815452758362977,True,sec,12,-0.09125923499849663,146792663.76,2026-10-29,,True,True,True,False,False,False,True,True,False,False,False,True,True,False,True,True,True,False,False,False
SAIC,Science Applications Internatio,Technology,,4,126.3,7262000000.0,5423000000.0,1.204331450094162,2485000000.0,14,,14.703143,3.8165174,3,6,industrial,,6,7.7,34.19047619047619,79.97530328179207,-0.5792375248016678,3,5,7650671552.0,521000000.0,0.06809859715697804,0.16079660704407156,0.09316526831935922,4.281306715063521,True,sec,13,-0.04628434445878665,56705668.8,2026-08-31,,True,True,False,True,False,False,False,True,True,True,False,True,True,False,True,False,True,True,True,False
SANM,Sanmina Corporation,Technology,,4,221.96,8128382000.0,9739734000.0,1.7804474991357508,2172310000.0,0,,39.70662,4.6475987,3,6,industrial,,6,4.46,51.67450003745038,77.50330177855015,-1.8638779885043526,3,5,12223837504.0,354568000.0,0.0290062756383971,0.07354995526571875,0.009565611037941766,0.6906002523025775,True,sec,14,-0.038477847546965864,156264279.20000002,2026-11-02,,True,True,True,False,False,False,True,True,False,True,False,True,True,False,True,True,False,True,True,False
SBAC,SBA Communications Corporation,Real Estate,,4,158.02,244498000.0,11742320000.0,0.17173921314749074,12729222000.0,8,,17.064795,-3.620824,3,6,financial,,7,9.8,-43.64163713143805,,,4,5,29137329288.0,1342786000.0,0.04608473160760883,0.18089840849167796,0.05826857667628706,7.567429793568597,True,sec,15,-0.020242677767255534,155400818.5,2026-11-02,,True,True,False,True,False,False,False,True,True,True,True,True,True,True,True,True,False,True,False,True
SBSI,"Southside Bancshares, Inc.",Financial Services,,4,30.49,245011008.0,8763714000.0,,207869000.0,29,,11.956862,1.0297197,3,6,financial,,5,2.29,23.146774609966183,41.21739727594717,0.26026382025357175,3,5,719458312.0,,,,0.07322808306459086,,False,sec,8,-0.0028066867540405814,4057334.7899999996,2026-10-23,,True,True,False,True,False,False,False,True,True,False,True,True,True,False,True,True,,True,,False
SCHW,Charles Schwab Corporation (The,Financial Services,,4,98.37,23921000000.0,517266000000.0,0.655,36614000000.0,38,,17.918034,3.869331,3,6,financial,,7,4.65,25.42299947975503,56.03905600670031,-0.7553828884669007,3,5,166148760704.0,,,,0.05687337159903789,,False,sec,8,-0.017983296795072556,803340867.51,2026-10-15,,True,True,False,True,False,False,False,True,True,True,False,True,True,True,True,True,,True,,True
SCI,Service Corporation Internation,Consumer Cyclical,,4,76.5,4309234000.0,19214493000.0,0.5314714237770436,5303165000.0,22,,19.97389,6.7987914,3,6,industrial,,7,3.8,11.252063523535451,31.139060774560658,-1.4567214969597726,2,5,15469060560.0,978087000.0,0.06322859725102789,0.05933406621762021,0.061823043116046646,4.210220740544075,True,sec,14,-0.020827195388397706,76614444.0,2026-10-28,,True,True,False,True,False,False,False,True,True,False,False,True,True,False,True,True,True,True,True,False
SGI,Somnigroup International Inc.,Consumer Cyclical,,4,62.75,7476500000.0,11611000000.0,0.7481137550783518,4408500000.0,6,,24.802372,4.0863504,3,6,industrial,,5,1.84,11.379140239605356,29.565864256278157,-1.1223800344911399,2,5,18744008480.0,754900000.0,0.040274202863570197,0.2741538196537766,0.014556143039550582,4.109910082265162,True,sec,14,-0.03582809404874688,191985758.5,2026-11-05,,True,True,False,False,False,True,False,True,True,False,False,True,True,False,True,True,False,False,True,False
SHO,"Sunstone Hotel Investors, Inc. ",Real Estate,,4,11.31,960126000.0,3034721000.0,5.435,968373000.0,5,,51.409092,1.2858119,3,6,financial,,5,0.04,10.114704815762357,6.598499329981062,-0.7140260890247693,2,5,2976968048.0,73952000.0,0.024841381838035772,0.1459089701073455,0.08986289075198368,3.780490707482134,True,sec,9,-0.05179784237167107,25487616.57,2026-11-06,,True,True,False,True,False,False,False,True,True,False,False,True,True,False,True,False,False,True,False,True
SLGN,Silgan Holdings Inc.,Consumer Cyclical,,4,34.77,6483166000.0,9600683000.0,1.2718381036151072,4833754000.0,23,,13.635295,1.5443724,3,6,industrial,,8,2.7,22.565701090697555,35.94079379305316,0.03257562422785038,2,5,8156790840.0,597867000.0,0.07329684084433383,0.11972314886347149,0.043726278000928674,3.837716703917923,True,sec,13,-0.045979853724990194,44978124.300000004,2026-10-29,,True,True,False,True,False,False,False,True,True,False,False,True,True,False,True,True,True,True,True,True
SLM,SLM Corporation,Financial Services,,4,22.61,1685997952.0,28579411000.0,1.334,5844116000.0,8,,6.2980504,1.9110811,3,6,financial,,5,3.46,5.55231994615212,30.913572497439734,0.2686060466847511,3,5,5506667064.0,,,,0.11208253569469302,,False,sec,8,0.040007157600273846,53185028.19,2026-10-22,,True,True,False,True,False,False,False,True,True,True,False,True,False,True,False,True,,True,,True
SM,SM Energy Company,Energy,,4,35.06,3138000000.0,18858000000.0,0.6150857882809971,7432999936.0,34,,5.9829354,1.0657184,3,6,industrial,,6,5.64,32.89762139797046,65.86046337502836,0.4676624153043335,3,5,15152163840.0,1000000000.0,0.0659971744339322,0.11304441802658598,0.012231442421022986,2.204368198776775,True,sec,11,-0.07227701771131616,135979017.96,2026-11-02,,True,True,True,False,False,False,False,True,True,False,True,True,True,False,True,True,True,False,False,True
SMCI,"Super Micro Computer, Inc.",Technology,,4,41.92,21972042000.0,29945467000.0,3.8723242365406323,9259886592.0,0,,12.858895,2.6856298,3,6,industrial,,2,1.68,22.042698688653367,33.83667144394323,-0.23889254501431426,3,5,33481713664.0,1252994000.0,0.03742323384562112,0.08114490249893247,0.00726216770272663,0.6155505432849967,True,sec,15,-0.02039273590223188,1881492760.96,2026-11-03,,True,True,True,False,False,False,True,True,False,True,False,True,False,False,False,True,False,False,False,False
SMG,Scotts Miracle-Gro Company (The,Basic Materials,,4,50.02,3413100000.0,3167400000.0,1.2145300684191573,2113300000.0,22,,19.928288,-13.948689,3,6,industrial,,7,2.47,-3.5859106529209623,,,3,5,4997777920.0,358600000.0,0.07175188768691827,0.3296710235524405,0.05930269535180048,4.950391644908616,True,sec,14,-0.07138346909136832,50363437.32,2026-11-04,,True,False,False,True,False,True,False,False,True,True,True,True,True,True,True,True,False,False,True,True
SNDR,"Schneider National, Inc.",Industrials,,4,32.31,5674300000.0,4996100000.0,2.0333046224519093,392100000.0,10,,50.48438,1.8513639,3,6,industrial,,8,0.59,17.451998496891942,15.852720696003198,-1.0381359527860747,3,5,5728972352.0,168900000.0,0.029481727196856964,0.10113427408524617,0.014406849985979592,0.10502504443367265,True,sec,12,-0.10684333780348672,24733595.790000003,2026-10-29,,True,True,True,False,False,False,True,True,True,False,False,True,True,False,True,True,True,True,True,True
SONO,"Sonos, Inc.",Technology,,4,17.75,1443276000.0,882121000.0,1.6145163972638965,56823000.0,0,,39.444447,5.2022276,3,6,industrial,,4,-0.51,3.3601593789978614,5.877626787238214,-2.01992634825669,1,5,1895515136.0,-50468000.0,-0.026624952257833092,0.7147885607530032,0.03856898849411977,-1.0579875388289373,True,sec,14,-0.22447373999712059,33924882.75,2026-11-11,,False,False,True,True,False,True,True,False,False,False,False,False,True,False,True,False,False,True,False,True
SR,Spire Inc.,Utilities,,4,76.44,2476400000.0,14670200000.0,0.5458231675887426,8204500000.0,41,,16.874172,1.2610116,3,6,utility,,6,4.37,57.830795262267344,78.60336903354566,0.027522599350956568,3,5,12673583296.0,523900000.0,0.04133795373920427,0.09919428501315593,0.023458680089804857,9.919717795888578,True,sec,13,-0.020879060953497567,37964690.4,2026-11-13,,True,True,False,True,False,False,False,True,True,True,False,True,True,True,True,True,False,False,True,False
SRE,DBA Sempra,Utilities,,4,78.05,12418000000.0,113518000000.0,1.6886515229255097,36433000000.0,29,,22.62319,1.561125,3,6,utility,,6,2.75,49.34458758291445,62.29718254494896,-0.2528656483571306,2,5,86675925952.0,2701000000.0,0.03116205532659413,0.057603852883349266,0.031918066568744116,6.23680648796582,True,sec,11,-0.024031431138674043,283741799.25,2026-11-04,,True,True,False,True,False,False,False,True,True,False,False,True,True,False,True,True,True,False,True,False
SSB,SouthState Bank Corporation,Financial Services,,4,100.61,2676012032.0,68910028000.0,,2698108928.0,30,,10.45842,1.068421,3,6,financial,,4,7.87,94.16686048721587,142.7671075800368,0.29528585606739327,4,5,10090684416.0,,,,0.047363384462094524,,False,sec,8,0.007224217061702544,78092174.07,2026-10-21,,True,True,False,True,False,False,False,True,True,True,True,True,True,True,False,False,,False,,True
STBA,"S&T Bancorp, Inc.",Financial Services,,4,49.01,404686016.0,9944013000.0,,200000000.0,35,,13.0345745,1.2311596,3,6,financial,,6,3.49,39.807671847185546,58.032376295656256,0.15547142597935604,2,5,1710542728.0,,,,0.05158700204683079,,False,sec,8,6.174569562610186e-05,13022937.2,2026-10-22,,True,True,False,True,False,False,False,True,True,False,False,True,True,True,False,True,,True,,True
STC,Stewart Information Services Co,Financial Services,,4,50.66,2921636000.0,3291507000.0,1.847,770977984.0,24,,11.085339,0.9273462,3,6,financial,,5,4.05,54.62850609918301,74.94816543926723,0.3240661768959331,4,5,2021878656.0,186018000.0,0.09200255388620117,,-0.05072579923500722,1.5706232851928605,False,sec,10,-0.027389581732622778,12272486.319999998,2026-10-21,,True,True,True,False,False,False,True,True,True,False,True,True,True,True,True,True,,False,,False
STRL,"Sterling Infrastructure, Inc.",Industrials,,4,505.12,2490049000.0,3194240000.0,1.106620648417374,283875000.0,0,,36.287357,11.421852,3,6,industrial,,5,9.38,44.22373908510361,117.69008884129411,-3.2919501971075724,2,5,15270295808.0,405916000.0,0.02658206527913778,0.17917063213784812,0.0048023180129927335,-0.3738401341531582,True,sec,14,-0.04690787166900421,335144594.4,2026-11-02,,True,True,True,False,False,False,False,True,False,True,False,True,True,False,True,True,False,False,True,False
STT,State Street Corporation,Financial Services,,4,174.62,13944000000.0,418381000000.0,,4372000000.0,40,,15.41218,2.0069418,3,6,financial,,6,9.4,102.90403201572028,148.93124412061505,-0.1724873516706836,3,5,48050419840.0,,,,0.048365153735278846,,False,sec,8,-0.02139877430380443,343400183.34000003,2026-10-14,,True,True,False,True,False,False,False,True,True,True,False,True,True,True,True,False,,True,,True
STWD,"STARWOOD PROPERTY TRUST, INC. S",Real Estate,,4,13.18,1844289000.0,61046276000.0,12.868,23785697280.0,18,,22.338985,0.7516396,3,6,financial,,4,1.15,17.534988085502697,15.2570343734327,0.13613617971848263,4,5,28956989440.0,,,,0.020186779926399976,,False,sec,9,-0.009276700187248113,56657880.86,2026-11-09,,True,True,False,True,False,False,True,True,True,False,True,True,True,True,True,False,,False,,False
STX,Seagate Technology Holdings PLC,Technology,,4,945.57,9097000000.0,9972000000.0,1.669651423089223,3565000000.0,16,,67.88011,98.960754,3,6,industrial,,8,6.77,9.55502238697211,54.7245472823653,-16.278717631433107,2,5,216877013824.0,1890000000.0,0.008714616485515485,0.32089851584436424,0.0027904898306371087,0.8692199906585708,True,sec,13,0.03870838347372643,4225742874.3,2026-10-27,,True,False,True,False,False,True,False,False,True,True,False,True,True,True,True,True,True,False,True,True
STZ,"Constellation Brands, Inc.",Consumer Defensive,,4,112.99,9139000000.0,22108700000.0,0.9134875337939321,10533800000.0,12,,10.760952,2.3467712,3,6,industrial,,6,10.500000371714323,48.14700299713922,106.65237859867486,-0.05942316040763746,2,5,29736382592.0,2721400000.0,0.09151752038367102,0.2131061527814842,0.0849673291696685,3.322467689565162,True,sec,12,-0.04443047307168671,230998902.81,2026-10-06,,True,False,False,True,False,True,False,False,True,True,False,True,True,True,True,False,True,True,False,False
SW,Smurfit WestRock plc,Consumer Cyclical,,4,43.04,31179000000.0,45201000000.0,1.4470304975922954,14164000000.0,8,,45.787235,1.25,3,6,industrial,,6,1.33,34.385533453192856,26.985862683486705,-0.594909175400837,2,5,36062466496.0,1719000000.0,0.047667288652889814,0.1336917324837946,0.039866285826672294,3.159287889435465,True,sec,14,-0.05957832791309927,206077499.84,2026-10-28,,True,True,False,True,False,False,False,True,True,False,False,True,True,True,True,False,True,False,False,True
SWX,"Southwest Gas Holdings, Inc.",Utilities,,4,81.76,5433972000.0,10475435000.0,1.1164529309750362,3509859000.0,40,,21.017994,1.4357713,3,6,utility,,6,6.08,56.94461586061236,70.59824028321682,-0.15810252028954103,2,5,9162514376.0,473886000.0,0.051720082561756406,0.2881857412126561,0.026806914118598306,4.025976560072582,True,sec,13,-0.011097391182323215,45522741.6,2026-11-04,,True,False,False,True,False,True,False,False,True,True,False,True,True,True,True,False,True,False,True,False
SYF,Synchrony Financial,Financial Services,,4,71.51,9907999744.0,121930000000.0,,16432000000.0,11,,7.334359,1.5308373,3,6,financial,,6,9.28,51.99076923076923,101.2307460145082,0.2935940629168995,3,5,23506270656.0,,,,0.14475268929454277,,False,sec,8,-0.051660788977282046,243398801.53000003,2026-10-20,,True,True,False,True,False,False,False,True,True,True,False,True,True,True,True,True,,True,,False
T,AT&T Inc.,Communication Services,,4,24.3,125648000000.0,428359000000.0,0.9710014611666854,143954000000.0,43,,8.019802,1.5134529,3,6,industrial,,6,3.04,16.59075855529226,33.08500881064066,0.26552838057021344,2,5,292896967680.0,24162000000.0,0.08249317222839198,0.17807795372657653,0.07615022527475501,2.805540756526372,True,sec,12,-0.042793544666973264,1276471710.0,2026-10-21,,True,False,True,True,False,False,False,False,True,True,False,True,True,True,True,False,True,True,False,False
TALO,"Talos Energy, Inc.",Energy,,4,16.64,1780070000.0,5433279000.0,1.6125457507538665,1228764000.0,0,,,1.3668474,3,6,industrial,,5,-2.82,10.718300245015001,,,0,5,3429482280.0,-560280000.0,-0.16337159788444802,0.0318179370276638,0.042997074821093814,1.312854207955226,True,sec,12,-0.26321600639319276,32890008.32,2026-11-03,,True,False,True,True,False,False,False,False,False,False,False,False,True,False,True,False,True,True,False,True
TBBK,"The Bancorp, Inc.",Financial Services,,4,48.94,141147000.0,9215977000.0,,744000000.0,0,,9.04621,2.8476665,3,6,financial,,5,4.92,17.186189309147014,45.73801665619106,-0.07000704398439461,2,5,2660023368.0,,,,0.18850698842117014,,False,sec,9,-0.003994042085825518,23477203.16,2026-10-29,,True,True,False,True,False,False,False,True,False,True,False,True,True,False,True,False,,True,,True
TCBI,"Texas Capital Bancshares, Inc.",Financial Services,,4,93.2,1270317056.0,33913361000.0,,500859000.0,1,,12.056921,1.2102009,3,6,financial,,7,6.79,70.13107527995179,115.73380399683865,0.19470373580267153,2,5,854402072.0,,,,0.04586837754709606,,False,sec,8,-0.0008819532808912688,44986521.6,2026-10-21,,True,True,False,True,False,False,False,True,True,False,False,True,True,True,True,True,,True,,True
TDY,Teledyne Technologies Incorpora,Technology,,4,612.7,6115400000.0,15280400000.0,2.1811367043750853,2027000000.0,0,,29.61334,2.6012568,3,6,industrial,,7,18.88,235.53964854856903,331.13404068973915,-0.850308107024485,2,5,30089020704.0,1149800000.0,0.03821327424747815,0.171121174838355,0.014185560444550105,1.1351187672431196,True,sec,13,-0.019403942305175257,200841834.60000002,2026-10-21,,True,True,True,False,False,False,False,True,False,True,False,True,True,True,True,True,False,True,False,True
THRM,Gentherm Inc,Consumer Cyclical,,4,33.63,1498602000.0,1493204000.0,2.064396489639463,273258000.0,0,,39.104652,1.4280256,3,6,industrial,,5,0.59,23.550337128476706,21.346954143843615,-0.5754003954563595,2,5,1093838280.0,82700000.0,0.07560532622793198,0.24254957795451929,0.009687998281369419,0.4415449848984781,True,sec,14,-0.06596955272019095,14257875.690000001,2026-10-22,,False,True,True,False,False,True,True,True,False,False,False,True,True,False,True,True,False,True,False,False
TILE,"Interface, Inc.",Consumer Cyclical,,4,34.45,1386854000.0,1270240000.0,2.5273838670318924,204356000.0,20,,13.947369,2.9354124,3,6,industrial,,8,1.96,11.736418685121107,25.53875827678036,-0.34893010954732573,4,5,2114053856.0,163995000.0,0.07757370964536109,0.4230539110719234,0.010914884383662804,0.6053294301442504,True,sec,15,-0.040785993198135785,16448221.400000002,2026-11-06,,False,True,True,False,False,True,True,True,True,True,False,True,True,True,True,True,False,True,True,True
TKO,"TKO Group Holdings, Inc.",Communication Services,,4,176.04,4735151000.0,16263718000.0,1.2777347277560405,4629225000.0,2,,62.871426,3.8530061,3,6,industrial,,7,2.26,45.68900111525907,53.65078925782534,-2.2812192035799983,2,5,37355778976.0,835015000.0,0.022353034065665526,0.18275882252382755,0.03157356971663455,3.0581247798303792,True,sec,11,-0.04546533953675291,197515647.72,2026-11-04,,True,True,False,True,False,False,False,True,True,False,False,True,True,True,True,False,True,True,True,False
TMP,Tompkins Financial Corporation,Financial Services,,4,97.01,75742000.0,8801522000.0,,730574016.0,37,,7.867802,1.4471328,3,6,financial,,4,11.24,66.61480984045386,136.37251788437806,0.28863966505151084,3,5,1975854592.0,,,,0.026964371406929245,,False,sec,9,0.013887370843360955,10348735.770000001,2026-10-23,,True,True,False,True,False,False,False,True,True,True,False,True,True,True,False,True,,False,,False
TOST,"Toast, Inc.",Technology,,4,29.23,6153000000.0,3181000000.0,2.4003623188405796,0.0,0,,36.5375,8.247743,3,6,industrial,,7,0.56,3.5439998554756134,7.9869892574462025,-2.6597019299542843,2,5,15181939712.0,292000000.0,0.01923337897127858,0.5007859163784973,0.0015389222899739468,-2.8364779874213837,True,sec,13,-0.10028292989625903,273340632.79,2026-11-03,,True,False,True,False,False,True,True,False,False,True,False,True,True,True,True,True,True,False,True,False
TPL,Texas Pacific Land Corporation,Energy,,4,336.46,798190000.0,1859474000.0,4.5518618857901725,18016000.0,13,,41.487053,13.876355,3,6,industrial,,3,6.97,24.24654854883494,66.51670161981218,-4.058278474526531,4,5,22976626688.0,592161000.0,0.025772321065270554,0.4202169930227601,0.006729715648893528,-0.1709756749348811,True,sec,12,-0.03470551349467645,122170644.75999999,2026-11-04,,False,True,True,False,False,True,True,True,True,True,False,True,True,False,True,False,False,False,False,False
TR,"Tootsie Roll Industries, Inc.",Consumer Defensive,,4,37.84,732524000.0,1269615000.0,2.8930733948916396,13286000.0,41,,29.5625,2.9785893,3,6,industrial,,7,1.37,12.704000514606026,19.127864878774464,-0.9782657520751181,4,5,2708212992.0,100939000.0,0.03727144072426043,0.20355934673109566,0.011443760458446636,-0.9004926342092153,True,sec,14,-0.024071864305320906,6263882.24,2026-10-21,,False,True,True,False,False,True,True,True,True,True,False,True,True,True,True,True,False,True,True,False
TREX,"Trex Company, Inc.",Industrials,,4,43.5,1174267000.0,1626468000.0,1.0614274315256504,303372000.0,0,,25.588234,4.538815,3,6,industrial,,6,1.78,9.915885269170133,19.146487761342694,-1.271957162181345,2,5,4728032768.0,257961000.0,0.05455990105354532,0.28279929270050197,0.012293010899916136,0.9575845826264195,True,sec,14,-0.10310562519520827,79522654.5,2026-11-04,,False,True,True,False,False,True,False,True,False,True,False,True,True,False,True,True,True,True,False,False
TRGP,"Targa Resources, Inc.",Energy,,4,279.31,17028300000.0,28515100000.0,0.7707484389199964,19020000000.0,16,,26.702677,16.378937,3,6,industrial,,6,8.49,17.052789897055156,63.35158520249675,-3.4088873089318072,3,5,78780427808.0,3331200000.0,0.04228461424604911,0.22866831959207579,0.010715825167580252,3.89718353450944,True,sec,13,-0.06994189043699654,331899604.04,2026-11-05,,True,True,False,False,False,True,False,True,True,True,False,True,True,True,True,False,False,True,True,False
TRMK,Trustmark Corporation,Financial Services,,4,45.08,815201984.0,19192470000.0,,797372992.0,40,,11.470738,1.2244676,3,6,financial,,5,3.7,36.8158987973813,57.056593273626014,0.20990726200896587,3,5,2731480576.0,,,,0.05276259414152487,,False,mixed,7,-0.001029935177702505,17484999.28,2026-10-27,,True,True,False,True,False,False,False,True,True,True,False,True,True,False,True,False,,True,,True
TRN,"Trinity Industries, Inc.",Industrials,,4,25.8,2156900000.0,8232000000.0,2.168,5366300160.0,54,,6.0992904,1.7987868,3,6,industrial,,7,3.05,14.343000515680902,36.94719419875181,0.30170610896154043,3,5,7255372800.0,649200000.0,0.08947851721692371,0.06956997084548106,0.08270603369044488,8.354901585247493,True,sec,10,-0.010009718172983479,18021867.6,2026-10-29,,True,True,False,True,False,False,False,True,True,True,False,True,True,True,True,False,True,True,True,False
TRST,TrustCo Bank Corp NY,Financial Services,,4,54.75,194774000.0,6524913000.0,,108382000.0,41,,15.208334,1.4211551,3,6,financial,,6,3.25,38.52589950281129,55.86165814083309,0.019900199489791125,2,5,344011736.0,,,,0.07053116495370708,,False,sec,8,0.0005416164169545249,7154073.0,2026-10-20,,True,True,False,True,False,False,False,True,True,False,False,True,True,True,False,True,,True,,True
TRU,TransUnion,Financial Services,,4,62.18,4576300000.0,12189900000.0,1.9003577349271443,5585300000.0,9,,16.108809,2.4600413,3,6,financial,,8,2.32,25.276096033402922,46.853178820885944,-0.32712446764192127,2,5,16659488064.0,857800000.0,0.05149017765159581,0.24334782100081886,0.03105671375751743,3.3127181348596957,True,sec,13,-0.04365909482440381,141915839.02,2026-10-27,,True,False,False,True,False,True,False,False,True,True,False,True,True,True,True,True,True,True,False,True
TRUP,"Trupanion, Inc.",Financial Services,,4,23.7,1439305000.0,930811000.0,1.7742927535445556,106909000.0,0,,44.716984,2.5380168,3,6,financial,,6,0.45,9.337944158378207,10.552518122751415,-1.245909433588404,2,5,742223248.0,13837000.0,0.01864263890586192,0.24818249891761054,0.0,-9.826508947528056,True,sec,14,-0.07526232500475392,10993932.299999999,2026-11-05,,True,False,True,False,False,True,True,False,False,True,False,True,True,True,True,True,False,False,True,False
TSLA,"Tesla, Inc.",Consumer Cyclical,,4,354.11,94827000000.0,148524000000.0,1.9409456598447423,9061000000.0,0,,334.06604,16.099567,3,6,industrial,,5,1.08,21.9949354266903,22.903728555716516,-14.46080146464267,2,5,1364111153728.0,4355000000.0,0.0031925550847510882,0.11509251030136544,0.0,-3.672136387852957,True,sec,15,-0.07374565726751232,13656077573.77,2026-10-21,,True,True,True,False,False,False,True,True,False,False,False,True,True,False,True,False,True,False,True,False
TSN,"Tyson Foods, Inc.",Consumer Defensive,,4,50.47,54441000000.0,35612000000.0,1.433419178912286,8006000000.0,37,,31.154322,0.98209774,3,6,industrial,,6,1.33,51.38999708929174,43.28008009508551,-0.16612538352790412,2,5,25021422720.0,1098000000.0,0.043882396788027245,0.10002246433786365,0.039255612833981574,2.968137254901961,True,sec,13,-0.047203189935976636,163945435.78,2026-11-16,,True,False,True,True,False,False,False,False,True,False,True,True,True,False,True,True,False,True,False,True
TWLO,Twilio Inc.,Technology,,4,301.27,5067220000.0,10838627000.0,4.621289870554074,993162000.0,0,,41.38324,5.153438,3,6,industrial,,6,0.21,58.90511589603047,97.8557554176323,-2.07871518352936,2,5,44604436992.0,157802000.0,0.003537809479095151,0.22869446471402696,0.01878072141729069,-4.708242980812239,True,sec,15,-0.08942497975066399,682281348.68,2026-10-29,,True,False,True,False,False,True,True,False,False,True,False,True,True,True,True,False,False,True,False,True
TYL,"Tyler Technologies, Inc.",Technology,,4,330.18,2332340000.0,5813576000.0,1.5536587618076978,599663000.0,0,,41.847908,4.449625,3,6,industrial,,7,7.2,63.08118624899837,114.77397959403768,-1.876784452084576,3,5,13151248992.0,357676000.0,0.027197112625392227,0.18640850313129131,0.012916350791323822,-0.7466665591471552,True,sec,15,-0.058129454229204194,276802440.84000003,2026-10-28,,True,True,True,False,False,False,True,True,False,True,False,True,True,True,True,True,False,False,True,True
UBSI,"United Bankshares, Inc.",Financial Services,,4,46.4,1250497024.0,33751832000.0,,698813000.0,40,,12.643052,1.1503942,3,6,financial,,6,3.27,36.44928401433374,57.71117754741403,0.19599630484269806,4,5,4935953520.0,,,,0.05317622907231431,,False,sec,8,-0.001016330017286173,45147849.6,2026-10-22,,True,True,False,True,False,False,False,True,True,True,True,True,True,True,True,True,,False,,True
UCB,"United Community Banks, Inc.",Financial Services,,4,33.77,1063152000.0,29051142000.0,,380602000.0,13,,10.893549,1.0799488,3,6,financial,,6,2.62,31.26990923561586,46.70206037662927,0.27690556417294065,4,5,3969929448.0,,,,0.040249731968784695,,False,sec,9,-0.0019255697418022327,28646314.290000003,2026-10-20,,True,True,False,True,False,False,False,True,True,True,True,True,True,True,True,True,,False,,True
UDR,"UDR, Inc.",Real Estate,,4,33.68,11361000.0,10265348000.0,0.178,5813832000.0,40,,21.18239,3.7368248,3,6,financial,,8,1.13,9.147185645545779,17.956615929463958,-0.8756318079252596,3,5,18185466136.0,553606000.0,0.03044222214926237,0.043762140906839116,0.055462344414669434,4.711775143660109,True,sec,10,-0.051160759479366893,114344239.92,2026-10-28,,True,True,False,True,False,False,False,True,True,True,False,True,True,True,True,True,False,True,True,True
UE,Urban Edge Properties,Real Estate,,4,19.56,471935000.0,3388961000.0,0.689,1744205952.0,12,,36.905663,1.9227365,3,6,financial,,7,0.74,10.971526950743876,11.01421927385281,-0.7758861988915032,3,5,4248574720.0,173425000.0,0.040819571604474456,0.09634191669905018,0.03563137472663193,6.300074887772394,True,sec,9,-0.02631603019332474,15759668.04,2026-10-28,,True,True,False,True,False,False,False,True,True,True,False,True,True,True,True,False,True,False,True,True
UFCS,"United Fire Group, Inc",Financial Services,,4,53.94,1386412000.0,4014366000.0,0.356,146350000.0,41,,10.0074215,1.4186523,3,6,financial,,5,4.48,38.02213782687958,67.90521394672965,0.2056574618509426,2,5,1393456424.0,159203000.0,0.11425043313733362,,0.01247627725922699,-0.04969036857091655,False,sec,9,-0.03775241221154225,8181996.779999999,2026-11-03,,True,False,True,False,True,False,False,False,True,True,False,True,True,True,True,False,,False,,True
UFPT,"UFP Technologies, Inc.",Healthcare,,4,294.99,602797000.0,681909000.0,2.999744585206375,117305000.0,0,,31.856369,4.941206,3,6,industrial,,7,8.75,59.70017260989518,111.52800566782474,-1.6449858780636575,3,5,2393190560.0,92338000.0,0.038583638738738796,0.2499013798028769,0.0,0.9710462112514351,True,sec,14,-0.034597692654005155,48769221.75,2026-11-02,,False,True,True,False,False,True,True,True,False,True,False,True,True,True,True,True,True,False,False,True
UGI,UGI Corporation,Utilities,,4,36.36,7147000000.0,15631000000.0,1.4392405063291138,6713000000.0,41,,12.079735,1.49605,3,6,utility,,7,3.09,23.945122501188898,40.57078172567954,0.10378852826033413,1,5,14036036928.0,1107000000.0,0.07886841604069054,0.23496313542879316,0.043210463434287257,3.7392086330935252,True,sec,12,-0.03512251295502527,68801301.0,2026-11-18,,True,False,False,True,False,True,False,False,True,False,False,True,True,True,True,True,True,True,False,False
UNM,Unum Group,Financial Services,,4,88.08,13075500000.0,63485200000.0,17.258,3763800000.0,40,,20.38889,1.2899258,3,6,financial,,3,4.27,54.95603062527568,81.4684416323187,-0.08115484026956615,3,5,17508263616.0,1142300000.0,0.06524347731182802,,0.0940498878999922,3.034561876253682,False,sec,9,0.0008001865001606674,142796352.96,2026-11-03,,True,True,False,True,False,False,True,True,True,False,False,True,True,False,False,False,,True,,False
UPBD,"Upbound Group, Inc.",Technology,,4,15.68,4695061000.0,3103759000.0,3.126,1708210048.0,8,,10.181819,1.2464229,3,6,industrial,,6,1.25,5.666566697823575,20.87814557600847,0.2489754445424393,2,5,2517042688.0,223347000.0,0.08873389436929566,0.7319218405810503,0.09611822440303587,3.324000195091728,True,sec,12,-0.07493204208187555,14894573.12,2026-10-29,,True,False,False,True,False,True,False,False,True,True,False,True,True,False,True,True,True,False,True,False
USB,U.S. Bancorp,Financial Services,,4,57.36,28656000000.0,725918000000.0,,37337000000.0,38,,11.449101,1.4741334,3,6,financial,,6,4.62,31.721872049475326,66.22871294696911,0.13391039252220557,3,5,60215829376.0,,,,0.04041632422507446,,False,sec,8,-0.0005510264244721855,424482011.04,2026-10-15,,True,True,False,True,False,False,False,True,True,True,False,True,True,True,True,False,,True,,True
USLM,"United States Lime & Minerals, ",Basic Materials,,4,111.36,372727000.0,747361000.0,27.542597688497523,0.0,13,,23.845823,4.5813966,3,6,industrial,,5,4.67,23.39169273164704,50.53768902526242,-1.203504001624098,4,5,2792094128.0,157859000.0,0.056537850360036286,0.2440560853456362,0.0029902313108971733,-2.1992921050044245,True,sec,14,-0.041071182467375206,17562251.52,2026-10-28,,False,True,True,False,False,True,True,True,True,True,False,True,True,False,True,True,False,False,True,False
USPH,"U.S. Physical Therapy, Inc.",Healthcare,,4,82.6,780990000.0,1248874000.0,1.2708240453466049,220019000.0,16,,485.88232,2.7475634,3,6,industrial,,5,1.42,25.59829691584729,10.723384954961155,-6.702791641531554,2,5,1427746784.0,86677000.0,0.06070894431095423,0.11986237202471987,0.02671394212321893,1.7890857079986797,True,sec,13,-0.028405587753448307,17241098.0,2026-11-04,,False,True,True,True,False,False,False,True,True,False,False,True,True,False,True,False,False,False,True,True
UTI,Universal Technical Institute I,Consumer Defensive,,4,19.03,835616000.0,897862000.0,1.3015068534600138,160034000.0,0,,30.69355,3.0452874,3,6,industrial,,7,1.13,6.249314819856611,9.336677193178906,-1.0381983446854888,2,5,1038376272.0,83469000.0,0.0803841557735441,0.5024880800930595,0.0,-0.0866293900899276,True,sec,13,-0.038215226838868334,30717483.830000002,2026-11-18,,False,True,True,False,False,True,False,True,False,True,False,True,True,True,True,True,False,False,True,True
UVV,Universal Corporation,Consumer Defensive,,4,41.68,2885078000.0,3035467000.0,2.571860618920334,1183880000.0,41,,54.842106,0.74841535,3,6,industrial,,5,1.3,55.72368338695342,30.85961931367044,-0.35063234501847085,4,5,2048088024.0,168451000.0,0.08224792978917395,0.15570058906916134,0.07833775272898555,4.553139421690222,True,sec,13,-0.04251977142232151,12821268.16,2026-11-05,,True,True,False,True,False,False,True,True,True,False,True,True,True,False,True,False,True,False,False,True
VFC,V.F. Corporation,Consumer Cyclical,,4,14.41,9605207000.0,9464382000.0,1.4253624481163145,3512480000.0,41,,20.884058,1.5242225,3,6,industrial,,7,0.64,4.488778099267789,12.11500535436395,-0.18943405954082965,2,5,8507486056.0,576569000.0,0.06777195944898061,0.5559491364570872,0.024844180822638853,3.316326721098404,True,sec,13,-0.043991673201694524,105763246.93,2026-10-26,,True,False,False,True,False,True,False,False,True,True,False,True,True,True,True,False,True,False,True,True
VIAV,Viavi Solutions Inc.,Technology,,4,44.78,1518300000.0,2705600000.0,1.8464364437913299,1081100000.0,0,,,7.6364255,3,6,industrial,,6,-0.13,5.864372469635628,,,0,5,11480756640.0,105100000.0,0.009154448900503827,0.3235511531638084,-0.04932369235488488,2.96426116838488,True,sec,15,-0.053333826138379656,222807636.68,2026-10-28,,True,False,True,False,False,True,False,False,False,False,False,False,True,False,True,True,True,False,True,True
VICI,VICI Properties Inc.,Real Estate,,4,22.73,4006116000.0,48271220000.0,11.236,16931155000.0,9,,8.810078,0.8579625,3,6,financial,,6,2.61,26.492974130136066,39.21630440805622,0.42039413598262027,5,5,41670583840.0,3664593000.0,0.08794196438597343,0.08243806558027744,0.05905977352623122,4.748318263483543,True,sec,11,0.005500213170497866,223537707.67000002,2026-10-28,,True,True,False,True,False,False,True,True,True,True,True,True,True,True,False,True,False,False,True,True
VICR,Vicor Corporation,Technology,,4,308.59,407701000.0,894162000.0,13.249253878841783,7608000.0,0,,92.66967,17.051056,3,6,industrial,,8,2.61,18.097999326258737,36.82380472854977,-7.380176960930599,3,5,13782377472.0,81828000.0,0.005937146923035602,0.2901364629675607,0.0024722245407678345,-3.442602529704868,True,sec,13,-0.02347673016746406,265232487.82,2026-10-20,,False,True,True,False,False,True,True,True,False,True,False,True,True,True,True,True,True,False,True,True
VIRT,"Virtu Financial, Inc.",Financial Services,,4,55.62,617025000.0,27477122000.0,1.108,2379824000.0,12,,9.2392025,2.6271787,3,6,financial,,8,5.13,21.170999901909983,53.55008856848937,-0.03865374431385403,3,5,6221853712.0,1874636000.0,0.3012986300826097,0.11583988793262937,0.00031885757203838766,,True,sec,8,-0.01883289436208057,70519763.7,2026-11-04,,True,True,False,False,True,False,False,True,True,True,False,True,True,True,True,True,True,True,True,False
VLY,Valley National Bancorp,Financial Services,,4,12.67,2008211968.0,66318308000.0,,433484000.0,37,,10.737288,0.93970186,3,6,financial,,6,1.01,14.115606982792627,18.920191581500916,0.3303450472252087,4,5,6468103352.0,,,,0.04204522585706972,,False,sec,8,0.0038322901724211662,85516215.67999999,2026-10-29,,True,True,False,True,False,False,False,True,True,True,True,True,True,True,False,True,,True,,True
VMRK,Vivmark Residential,Real Estate,,4,60.17,3089946880.0,20275577000.0,0.348,9741242000.0,34,,23.05364,,3,6,financial,,4,2.94,28.047883095667416,,,2,5,56263126920.0,1160585000.0,0.020627808362841702,0.08650861338860696,0.028442238799478655,4.470245994329763,True,sec,9,-0.026074424417120164,286804216.05,2026-10-21,,True,True,False,True,False,False,False,True,True,False,False,True,True,False,True,False,False,True,False,False
VNO,Vornado Realty Trust,Real Estate,,4,33.56,1810425000.0,15611168000.0,5.343,2599970000.0,36,,1118.6667,,3,6,financial,,7,4.2,30.995986188578268,,,2,5,8571136296.0,1285325000.0,0.14995969677904186,,0.028927622329436475,9.526182325253489,False,sec,9,-0.02058686448060773,49225405.28,2026-11-02,,True,False,False,True,True,False,False,False,True,True,False,True,True,True,True,True,False,True,,True
VRTX,Vertex Pharmaceuticals Incorpor,Healthcare,,4,506.74,12001300000.0,27423300000.0,3.1853779933467075,1977600000.0,0,,29.73826,6.3405113,3,6,industrial,,6,15.32,79.92143441052747,175.0477482891486,-1.8948672859416236,2,5,122563985408.0,4173300000.0,0.034049969786047775,0.3774162846922143,0.015707093082286943,-0.6091951807654633,True,sec,14,0.01173454689989899,623007439.08,2026-11-02,,True,False,True,False,False,True,True,False,False,True,False,True,True,True,False,False,True,True,True,False
WAB,Westinghouse Air Brake Technolo,Industrials,,4,287.84,11167000000.0,23128000000.0,1.1214033785038056,6571000000.0,32,,38.58445,4.3404303,3,6,industrial,,5,6.83,66.3157894736842,105.50422575818165,-1.7282319540426423,3,5,54520298816.0,1793000000.0,0.03288683369200116,0.16456243514354896,0.008144913843752953,2.572362685265911,True,sec,14,-0.02546696644759599,257147045.11999997,2026-10-21,,True,True,True,False,False,False,False,True,True,True,False,True,True,False,True,False,False,True,True,False
WABC,Westamerica Bancorporation,Financial Services,,4,59.12,252200992.0,5805061000.0,,131813000.0,40,,13.050772,1.5939606,3,6,financial,,4,4.52,37.09016607251543,61.48494545554749,0.03846381318264818,2,5,1498144264.0,,,,0.1103107306194232,,False,mixed,7,-0.0009860361501799896,11360085.36,2026-10-15,,True,True,False,True,False,False,False,True,True,False,False,True,True,False,True,False,,True,,False
WAFD,"WaFd, Inc.",Financial Services,,4,29.98,29650000.0,27596970000.0,,3359337984.0,40,,9.457413,0.81436414,3,6,financial,,7,2.63,40.87085978007477,51.242155421081605,0.41493483727138675,3,5,5192512000.0,,,,0.08408351373063544,,False,sec,9,-0.00039439112337332687,24415741.98,2026-10-15,,True,True,False,True,False,False,False,True,True,False,True,True,True,True,True,True,,True,,True
WAL,Western Alliance Bancorporation,Financial Services,,4,75.7,135800000.0,98701000000.0,,6236000000.0,8,,8.544018,1.0810733,3,6,financial,,4,8.73,69.7929841479325,118.14857570622007,0.3592813155172493,3,5,8559035296.0,,,,0.029652732612956895,,False,sec,9,0.0369590986920092,78973116.60000001,2026-10-21,,True,True,False,True,False,False,False,True,True,False,True,True,False,True,False,True,,True,,False
WCC,"WESCO International, Inc.",Industrials,,4,371.28,23510900000.0,17807800000.0,2.091165596419537,5939100000.0,4,,25.676348,3.5904727,3,6,industrial,,4,13.05,103.40699707868549,183.4215560320532,-1.0241895665475558,3,5,23223735232.0,1233000000.0,0.05309223463334393,0.27920349509765385,0.009030849853543977,3.5860478121068082,True,sec,12,0.028931142533047318,224225273.99999997,2026-10-29,,True,True,False,False,False,True,True,True,True,False,False,True,True,False,False,False,True,True,False,False
WD,"Walker & Dunlop, Inc",Financial Services,,4,34.53,319964000.0,4893604000.0,1.574,2346853120.0,9,,30.830357,0.6729682,3,6,financial,,2,1.64,51.31028885749497,35.958476998851275,0.039725736963134105,4,5,3351364864.0,107501000.0,0.03207678195673773,0.10312961139469329,0.08341743246825967,,True,sec,9,0.1472446483205425,14134717.38,2026-11-05,,True,True,False,True,False,False,True,True,True,False,True,True,False,False,False,False,True,False,False,False
WDC,Western Digital Corporation,Technology,,4,462.56,9520000000.0,13861000000.0,1.3287735849056603,1052000000.0,2,,17.19554,,3,6,industrial,,6,5.12,24.554016620498615,,,2,5,166244818496.0,2334000000.0,0.014039535313734653,0.2663588485679244,0.0006955611628278926,-0.18922800718132854,True,sec,14,0.014284683644758675,3358977502.72,2026-11-05,,True,False,True,False,False,True,False,False,True,True,False,True,True,True,False,,True,False,True,True
WERN,"Werner Enterprises, Inc.",Industrials,,4,34.3,2899510000.0,3158727000.0,1.4477402038340001,801600000.0,37,,,1.5168265,3,6,industrial,,5,-0.24,22.612976180464443,,,1,5,2801792384.0,11657000.0,0.004160550962508434,0.09984234981171292,0.04357052602590978,2.5857193956042046,True,sec,12,-0.06212281086652946,35527116.8,2026-10-27,,True,False,True,True,False,False,False,False,True,False,False,False,True,False,True,False,True,True,False,True
WFC,Wells Fargo & Company,Financial Services,,4,80.25,83026001920.0,2282201000000.0,,207307000000.0,55,,11.664244,1.4743707,3,6,financial,,3,6.26,59.49810137031534,91.79196276510442,0.12574045066059097,3,5,248521941376.0,,,,0.0945705613414783,,False,sec,8,0.017675480818735947,1130068221.75,2026-10-13,,True,True,False,True,False,False,False,True,True,True,False,True,False,False,False,True,,True,,False
WGO,"Winnebago Industries, Inc.",Consumer Cyclical,,4,26.37,2798200000.0,2038500000.0,2.3733733733733735,442900000.0,13,,19.389706,0.6024262,3,6,industrial,,7,0.91,23.83011583011583,36.598547616153574,0.27947960458515514,4,5,1131250688.0,57200000.0,0.05056350516005167,0.17910228108903606,0.12422015498897762,3.275042444821732,True,sec,14,-0.050625459896983076,14591681.280000001,2026-10-21,,True,True,False,True,False,False,True,True,True,False,True,True,True,True,True,True,False,True,False,True
WHR,Whirlpool Corporation,Consumer Cyclical,,4,30.48,15524000000.0,17326000000.0,1.1491315631862646,7068000000.0,44,,10.026316,0.5238463,3,6,industrial,,5,5.66,60.50769230769231,63.08608652195993,0.5168506769017907,3,5,7816276928.0,838000000.0,0.10721216862187409,0.13771210896917926,0.1509603396351613,4.956632653061225,True,sec,14,-0.008772942398707146,76967943.6,2026-10-28,,True,False,False,True,True,False,False,False,True,True,True,True,True,True,True,False,True,False,False,False
WING,Wingstop Inc.,Consumer Cyclical,,4,104.36,696853000.0,657991000.0,2.9672250235022646,1210589000.0,11,,24.906921,-3.6776261,3,6,industrial,,6,6.21,-28.376543312529268,,,4,5,3926166064.0,179291000.0,0.045665669020972924,0.9198013346687113,0.08942600515109772,5.300153161837747,True,sec,13,0.03222232522937244,133467256.32,2026-10-28,,False,True,False,True,False,True,False,True,True,True,True,True,True,True,False,False,False,True,True,True
WKC,World Kinect Corporation,Energy,,4,35.68,36916600000.0,6598900000.0,1.0579142828465322,745300000.0,33,,,1.6086564,3,6,industrial,,6,-10.99,24.5625,,,1,5,2435089792.0,-564700000.0,-0.23190109944003248,0.14362999893921713,0.0692020746341449,1.5810887335243553,True,sec,14,-0.13749261240509783,41880434.72,2026-10-22,,True,False,True,True,False,False,False,False,True,False,False,False,True,False,True,True,False,True,True,True
WLK,Westlake Corporation,Basic Materials,,4,62.47,11170000000.0,19439000000.0,2.4532125916343253,5067000000.0,23,,,0.91711205,3,6,industrial,,3,-11.7,64.6484276655761,,,2,5,11198450112.0,-1578000000.0,-0.1409123569974252,0.041823139050362675,0.041961807902633264,2.801777709612243,True,sec,15,-0.10149699058593549,57787998.44,2026-10-29,,True,False,True,True,False,False,False,False,True,False,True,False,True,False,True,False,False,True,False,False
WM,"Waste Management, Inc.",Industrials,,4,201.9,25204000000.0,46441000000.0,0.9073638197713517,23356000000.0,29,,28.516949,8.136208,3,6,industrial,,7,6.7,24.8125,62.87312216985232,-2.211229107639434,3,5,103501496768.0,4308000000.0,0.04162258647965681,0.2194612519110269,0.019776339814963975,3.1793334263003765,True,sec,13,-0.07181154583234642,407213927.1,2026-10-27,,True,True,False,False,False,True,False,True,True,True,False,True,True,False,True,True,True,False,True,True
WMB,"Williams Companies, Inc. (The)",Energy,,4,69.22,14899000000.0,60610000000.0,0.4770852428964253,30793000000.0,45,,27.57769,6.435478,3,6,industrial,,7,2.14,10.451664025356576,24.646400778235986,-1.8085236713802344,3,5,115257654144.0,4196000000.0,0.036405391304924734,0.12640636470728833,0.028735885322416426,4.675225431759132,True,sec,12,-0.054116482428642136,484622025.7,2026-11-02,,True,True,False,True,False,False,False,True,True,True,False,True,True,True,True,False,True,False,True,True
WPC,W. P. Carey Inc. REIT,Real Estate,,4,63.83,1716485000.0,18634633000.0,1.164,8851851000.0,29,,21.859589,1.6766924,3,6,financial,,5,2.9200000054895816,38.06901212288454,50.01133059722909,-0.27631077273390003,2,5,23229864616.0,796079000.0,0.03426963579683051,0.09209287888846536,0.05432927797957486,5.702782217535908,True,sec,9,-0.04378728574906734,89227510.19,2026-10-27,,True,True,False,True,False,False,False,True,True,False,False,True,True,False,True,False,False,False,True,True
WRLD,World Acceptance Corporation,Financial Services,,4,171.63,585166700.0,1079038263.0,10.382,572830649.0,0,,21.58868,2.14128,3,6,financial,,4,6.88,77.74051141948087,119.73874080916012,-0.43337067719414457,3,5,1362277305.0,,,,0.16555462552279712,5.702522065235087,False,sec,9,-0.20830852130773791,16669735.379999999,2026-10-22,,True,True,False,True,False,False,True,True,False,True,False,True,True,False,True,False,,True,,False
WS,"Worthington Steel, Inc.",Basic Materials,,4,36.33,3443800000.0,2252400000.0,1.4564320701211653,256800000.0,3,,213.70589,1.705634,3,6,industrial,,3,0.17,21.299952977043528,9.026211146759023,-3.024944620650133,2,5,2023090752.0,-1400000.0,-0.0006920104788260136,0.17905345409341147,0.017613141113149825,2.079710144927536,True,sec,14,-0.09509856153436334,9469523.49,2026-10-06,,True,True,True,False,False,False,False,True,True,False,False,True,True,False,True,False,False,False,False,False
WSBC,"WesBanco, Inc.",Financial Services,,4,37.62,1046739968.0,27796917000.0,,88419000.0,40,,10.6875,0.9282242,3,6,financial,,5,2.23,42.86762186595281,56.65595219657256,0.33599209718558315,4,5,2824624520.0,,,,0.034563666259391626,,False,sec,8,-0.002421383637617078,35553345.3,2026-10-21,,True,True,False,True,False,False,False,True,True,True,True,True,True,False,True,True,,False,,True
WSFS,WSFS Financial Corporation,Financial Services,,4,76.62,1077805952.0,22653948000.0,,545318016.0,28,,12.855705,1.4665799,3,6,financial,,5,5.09,35.496364358697484,83.70137518813029,0.08460285356380252,3,5,1751408128.0,,,,0.08398519738082587,,False,mixed,7,0.0029729917275346444,30012283.860000003,2026-10-22,,True,True,False,True,False,False,False,True,True,True,False,True,True,True,False,True,,True,,False
WT,"WisdomTree, Inc.",Financial Services,,4,24.03,493753000.0,1645171000.0,2.9950832313428086,1078398976.0,13,,43.69091,8.488167,3,6,financial,,6,0.75,2.7588943749711596,5.918920774790492,-3.059861740732722,3,5,4294187008.0,174195000.0,0.04056530367109713,0.17642789771709538,0.03297044877463223,3.0872040843596915,True,sec,12,-0.02126161961279405,63772063.56,2026-10-30,,True,True,False,True,False,False,False,True,True,True,False,True,True,True,True,False,False,True,True,False
WTRG,"Essential Utilities, Inc.",Utilities,,4,38.67,5121000000.0,19941987000.0,0.7768239483529747,10051510000.0,40,,20.036268,1.5635613,3,6,utility,,5,5.69,24.431578103355264,32.77174438768212,-0.17997991020993234,3,5,21010963552.0,1879000000.0,0.08942950166705424,0.0735271203032955,0.057921127725148194,3.6216646231518212,True,sec,12,-0.04753789078289942,83708330.28,2026-11-04,,True,True,False,True,False,False,False,True,True,True,False,True,True,False,True,False,True,False,False,True
WTW,Willis Towers Watson Public Lim,Financial Services,,4,291.6,9516000000.0,30559000000.0,1.098392915710069,6530000000.0,24,,17.856707,3.5275757,3,6,financial,,6,16.26,82.66300280954992,174.27693815035246,-0.6731990078252948,2,5,31950457664.0,2234000000.0,0.06992075116711542,0.13826616999661362,0.074146673525232,1.9792682926829268,True,sec,12,-0.00556300926077424,159403723.20000002,2026-10-29,,True,False,True,True,False,False,False,False,True,True,False,True,True,True,True,False,True,True,False,False
WWD,"Woodward, Inc.",Industrials,,4,336.19,3567064000.0,5196401000.0,1.6454789678033102,1341935000.0,33,,37.354446,7.933126,3,6,industrial,,8,7.19,33.906167763157896,92.63662501824577,-2.6291261683355134,3,5,20717698784.0,567100000.0,0.027372731204971648,0.18402967746330584,0.011981089885019452,1.3150498766021053,True,sec,12,-0.005616002306211549,222834128.18,2026-11-23,,True,True,True,False,False,False,False,True,True,True,False,True,True,True,True,True,True,False,True,True
WY,Weyerhaeuser Company,Real Estate,,4,18.59,6905000000.0,16513000000.0,1.8157602663706993,5825000000.0,50,,29.046875,1.4200597,3,6,financial,,4,0.45,13.120722860806003,13.729908392184567,-0.35397844391896505,2,5,18696481920.0,731000000.0,0.03909826474990649,0.06207230666747411,0.05717065594249054,4.27258064516129,True,sec,14,-0.014412886816447647,105189972.03,2026-10-29,,True,True,False,True,False,False,False,True,True,False,False,True,True,False,True,False,False,True,False,False
WYNN,"Wynn Resorts, Limited",Consumer Cyclical,,4,77.3,7137924000.0,13159235000.0,0.9124050173333375,10724660000.0,4,,18.53717,-46.48226,3,6,industrial,,5,3.14,-1.6387097534123378,,,3,5,17111188728.0,1118384000.0,0.06535980742062213,0.2255858717159757,0.06969588480800101,5.262344761437065,True,sec,12,-0.07791630744492366,136589950.29999998,2026-11-05,,True,False,False,True,False,True,False,False,True,True,True,True,True,False,True,True,False,True,False,False
XHR,"Xenia Hotels & Resorts, Inc.",Real Estate,,4,18.07,1078500000.0,2718697000.0,2.198,1359120000.0,5,,,1.5018284,3,6,financial,,8,0.64,12.031708531881142,,,3,5,3034397048.0,107533000.0,0.03543801232962444,0.12135298637545854,0.06764975199219297,5.232915292083239,True,sec,11,-0.041720721360269275,13530870.21,2026-11-03,,True,True,False,True,False,False,False,True,True,True,False,True,True,True,True,False,True,True,True,True
XPEL,"XPEL, Inc.",Consumer Cyclical,,4,44.56,476200000.0,472648000.0,2.609995974003566,44800000.0,0,,22.50505,4.2710633,3,6,industrial,,5,1.85,11.10325334662665,21.558991740654026,-1.0668870110457311,3,5,1232677576.0,62649000.0,0.05082350909902494,0.4253038201790762,0.002441083970345279,0.05985808192938923,True,sec,14,-0.03324249758805707,9507232.48,2026-11-04,,False,True,True,False,False,True,True,True,False,True,False,True,True,False,True,False,False,True,True,False
XPO,"XPO, Inc.",Industrials,,4,179.73,8157000000.0,8333000000.0,1.0111482720178373,3047000000.0,0,,51.795387,10.725667,3,6,industrial,,5,2.64,16.76923076923077,36.17046879412375,-3.9689707098625964,1,5,23792949568.0,656000000.0,0.027571192807565068,0.11947766658530633,0.005939949608607616,2.447907390917186,True,sec,12,-0.08040321612864515,177307599.06,2026-10-29,,True,True,True,False,False,False,False,True,False,False,False,True,True,False,True,True,False,False,True,False
XRAY,DENTSPLY SIRONA Inc.,Healthcare,,4,8.74,3680000000.0,5204000000.0,1.6270042194092826,2224000000.0,32,,,1.3282675,3,6,industrial,,5,-3.0,6.782128514056225,,,2,5,3727352768.0,-422000000.0,-0.1132170809328665,0.3535741737125288,0.07346388306136636,3.804182631178707,True,sec,14,-0.16006917755572636,41171762.72,2026-11-05,,True,False,False,True,False,True,False,False,True,True,False,False,True,True,True,False,True,False,False,True
YOU,"Clear Secure, Inc.",Technology,,4,41.74,900779000.0,1578332000.0,1.040329072547202,109766000.0,5,,28.202703,23.09906,3,6,industrial,,6,1.4799999843986587,1.806999938525637,7.757132029209777,-4.380854656440865,2,5,3482925312.0,186478000.0,0.05354062556481257,0.44523443446023914,0.030732236690972494,0.08753774846849736,True,sec,11,-0.129443615158281,72226896.0,2026-11-05,,False,False,True,True,False,True,False,False,True,True,False,True,True,False,True,True,False,False,True,True
ZION,Zions Bancorporation N.A.,Financial Services,,4,62.65,529000000.0,89041000000.0,,5060000000.0,41,,7.980892,1.2006747,3,6,financial,,6,6.01,52.63157894736842,96.00059786608868,0.3473998975778199,2,5,13410977984.0,,,,0.03302720112935915,,False,sec,9,-0.0019541559506294852,95891776.75,2026-10-19,,True,True,False,True,False,False,False,True,True,False,False,True,True,True,True,False,,True,,True
AAL,"American Airlines Group, Inc.",Industrials,,4,13.13,54633000000.0,64233000000.0,0.5335625654058903,28812000000.0,0,,,-2.1879687,2,6,industrial,,4,0.17,-6.00057407909173,,,2,5,29615664896.0,1467000000.0,0.04953459613861779,0.16950496972836468,0.0,5.706026724843196,True,sec,13,-0.04651814487880062,1083971046.6000001,2026-10-22,,True,True,False,False,False,False,False,True,False,False,True,True,True,False,True,False,False,False,False,True
ACAD,ACADIA Pharmaceuticals Inc.,Healthcare,,4,19.89,1071505000.0,1742900000.0,3.387999535187419,73854000.0,0,,9.040909,2.620208,2,6,industrial,,6,2.3,7.590719011585277,19.38438866795013,-0.026083429336404135,2,5,2544536832.0,104811000.0,0.04119060045895221,0.3929077973492455,-0.014555214086362697,-1.0553805187413612,True,sec,15,0.16131963968099144,35363107.26,2026-11-04,,False,False,True,False,False,True,True,False,False,True,False,True,True,True,False,True,True,False,True,False
ACHC,"Acadia Healthcare Company, Inc.",Healthcare,,4,26.93,3312769000.0,5546325000.0,1.5723958711184776,2414569000.0,0,,,1.2364554,2,6,industrial,,6,-12.16,21.780126721929825,,,0,5,4750469272.0,-927077000.0,-0.1951548251168227,0.5779741392411109,0.01995620378667455,4.588955471916933,True,sec,11,-0.22261046729140466,57342856.9,2026-11-04,,True,False,False,False,False,True,False,False,False,False,False,False,True,False,True,False,True,True,True,True
ACMR,"ACM Research, Inc.",Technology,,4,83.58,901309000.0,3399238000.0,3.6562503179593624,340909000.0,0,,36.819386,3.1291652,2,6,industrial,,2,1.37,26.709999203621464,36.93525562116245,-1.2628786127071487,3,5,5087869256.0,109429000.0,0.021507824689274996,0.1176931418159011,0.0012004232218157614,-5.922533391475685,True,sec,14,0.03071364817644425,89028998.1,2026-11-04,,False,True,True,False,False,False,True,True,False,True,False,True,False,False,False,False,True,False,False,False
ADC,Agree Realty Corporation,Real Estate,,4,65.03,718163000.0,10586829000.0,0.271,3845841920.0,33,,35.928177,1.2728518,2,6,financial,,5,1.77,52.420584992843054,45.61403607849516,-0.4256576613411883,3,5,12064845824.0,340395000.0,0.028213787806792283,0.06432700131419779,-0.0690321244104435,5.664189230891124,True,sec,10,-0.02831697763324599,92323676.27,2026-10-20,,True,True,False,False,False,False,False,True,True,True,False,True,True,False,True,False,True,False,False,True
ADIG,ADI Global Distribution Inc.,Technology,,3,17.98,4878000128.0,4639000000.0,2.796008869179601,988000000.0,0,,32.107143,0.5560538,2,6,industrial,,3,0.5599999975083426,32.33500067799195,20.184672569301796,0.10922508461468973,2,5,2222099136.0,-199000000.0,-0.08955496034178738,0.2565028901734104,0.0,4.390625,True,mixed,5,,18371424.6,2026-11-12,,True,False,False,False,False,True,True,False,False,False,True,False,False,False,False,False,True,,True,True
ADMA,ADMA Biologics Inc,Healthcare,,4,9.93,510173000.0,684210000.0,6.9723325897276816,196589000.0,0,,14.185715,5.4831586,2,6,industrial,,5,0.6,1.8113979587817683,5.340716049242449,-0.8593012450846391,2,5,2284736936.0,191443000.0,0.08379214122356185,0.4278876368366437,0.014360426424203248,0.30369077881901096,True,sec,14,0.14108826237558644,25962928.349999998,2026-11-04,,False,False,True,False,False,True,True,False,False,True,False,True,True,False,False,True,True,False,True,False
AEE,Ameren Corporation,Utilities,,4,99.64,8799000000.0,51216000000.0,0.5311370028123744,21808000000.0,29,,17.542253,2.015087,2,6,utility,,6,5.35,49.44725433526011,79.49419067338582,-0.2534249252173201,3,5,49380663552.0,2026000000.0,0.04102820525824918,0.08604257777044311,0.007032893463945629,5.991203958218802,True,sec,12,-0.036941580756013746,156148036.08,2026-11-04,,True,True,False,False,False,False,False,True,True,True,False,True,True,True,True,True,False,False,False,True
AEP,American Electric Power Company,Utilities,,4,119.75,21702000000.0,117776000000.0,0.525885342226457,51109000000.0,65,,20.86237,2.0321064,2,6,utility,,5,6.66,58.34618301868095,87.23921270107482,-0.37266254809432314,3,5,115784583744.0,5319000000.0,0.04593875823538237,0.11659968547964354,0.01891348436696755,5.852961591855623,True,sec,13,-0.027577774758864283,472729411.0,2026-10-28,,True,True,False,False,False,False,False,True,True,True,False,True,True,True,True,False,True,False,False,False
AES,The AES Corporation,Utilities,,4,14.92,12233000000.0,54238000000.0,0.7464443926323152,32942999552.0,15,,5.588015,2.1529582,2,6,utility,,4,1.26,6.929743463350862,20.403914808396355,0.2687677761788971,2,5,49616502784.0,1482000000.0,0.02986909429009385,0.04076477746229581,0.047066539961812495,7.754545100594159,True,sec,14,-0.0626129282053173,117919757.48,2026-11-04,,True,False,False,True,False,False,False,False,True,True,False,True,True,False,True,True,False,False,False,False
AGNT,"AGNT, Inc.",Real Estate,,4,3.56,4772311000.0,539170000.0,1.515167351868627,0.0,6,,,2.1177871,2,6,financial,,4,-0.14,1.680561674238475,,,2,5,483777856.0,-21466000.0,-0.044371605136056494,0.6186879833818647,0.1461862093484948,,True,sec,13,-0.26211584472429844,5447465.72,2026-11-05,,False,False,False,True,False,True,True,False,True,False,False,False,True,True,True,,True,False,False,False
AGX,"Argan, Inc.",Industrials,,4,379.58,944606000.0,1400970000.0,1.5014861463825717,10915000.0,16,,29.841194,10.50944,2,6,industrial,,5,9.74,36.118186601782455,101.6709063124123,-2.733418081605708,4,5,4307916288.0,134701000.0,0.03126824919398248,0.1382456440894523,0.006412982595192277,-1.7756101251594216,True,sec,15,-0.1976801787333062,135793606.26,2026-09-02,,False,True,True,False,False,False,True,True,True,True,False,True,True,True,True,,False,False,True,False
ALB,Albemarle Corporation,Basic Materials,,4,105.03,5142733000.0,15905095000.0,2.0856649569033894,1876784000.0,33,,375.10715,1.5413854,2,6,industrial,,5,-5.76,87.0821312948116,20.71912129171253,-4.0692304234934475,2,5,12639167040.0,-367084000.0,-0.029043369617496567,0.042044326047722444,0.015372672900219233,0.8405385570347812,True,sec,14,-0.11272457033422309,240583503.51,2026-11-04,,True,False,True,False,False,False,True,False,True,False,False,False,True,True,True,False,True,False,True,False
ALGM,"Allegro MicroSystems, Inc.",Technology,,4,36.38,890096000.0,1411962000.0,3.702735992070433,287159000.0,0,,519.7143,7.0299516,2,6,industrial,,6,-0.08,5.175308617591716,2.8549299258051994,-11.742869683478991,1,5,6906436880.0,18487000.0,0.002676778246324898,0.2917713082929994,0.0,1.4536477695167287,True,sec,14,-0.12586882649816356,86926190.10000001,2026-10-29,,False,False,True,False,False,True,True,False,False,False,False,False,True,True,True,True,False,False,True,True
ALKS,Alkermes plc,Healthcare,,4,40.54,1475899000.0,4393125000.0,2.300146052430859,1503111000.0,0,,106.68421,3.7554424,2,6,industrial,,6,1.43,10.794658397989968,9.607145717820591,-3.219775695168347,1,5,7647656816.0,253956000.0,0.0332070340118672,0.29123733105704935,0.02944837277880441,3.011279840353442,True,sec,14,-0.06352061459667094,72272036.36,2026-10-28,,False,False,False,True,False,True,False,False,False,True,False,True,True,False,True,True,True,False,True,False
AM,Antero Midstream Corporation,Energy,,4,20.26,1188426000.0,6363815000.0,0.8422178534935555,3566179000.0,10,,24.40964,4.943875,2,6,industrial,,8,0.86,4.098483747211144,8.748151028158409,-1.3159179505231948,3,5,13183073976.0,644669000.0,0.04890126545399277,0.13973313918352392,0.05968537676999167,4.578016865666468,True,sec,12,-0.0808420735046509,47252904.5,2026-10-28,,False,True,False,True,False,False,False,True,True,True,False,True,True,True,True,False,True,True,True,True
AMN,AMN Healthcare Services Inc,Healthcare,,4,35.86,2730429000.0,2363977000.0,1.1281861259537773,767053000.0,0,,13.330855,1.8728783,2,6,industrial,,5,-2.48,19.146554396115302,34.042211303559235,-0.053398079232611674,0,5,1794074600.0,-55472000.0,-0.030919561538856857,0.32743888794180315,0.0,4.006971363025077,True,sec,14,-0.15446808492637618,25336380.96,2026-11-05,,True,False,False,False,False,True,False,False,False,False,False,False,True,True,True,True,False,False,False,True
AMR,"Alpha Metallurgical Resources, ",Basic Materials,,4,170.29,2122605000.0,2255747000.0,3.4054584437275675,11401000.0,0,,,1.4412789,2,6,industrial,,4,-4.75,118.15218877938938,,,1,5,1832033496.0,-61366000.0,-0.03349611245317537,0.010891307912827443,0.00019220842654191507,-2.8904805669948215,True,sec,13,-0.09159404844603583,54551379.76,2026-11-06,,True,False,True,False,False,False,True,False,False,False,False,False,True,False,True,False,True,True,False,False
AMRX,"Amneal Pharmaceuticals, Inc.",Healthcare,,4,20.07,3018760000.0,3776348000.0,2.2045489800008378,2570296000.0,0,,41.8125,194.85437,2,6,industrial,,7,0.22,0.10299999943547584,1.0547037469844975,-18.029040199565156,1,5,9432960184.0,394096000.0,0.041778613745074196,0.2948107536699478,0.0,5.411343919751172,True,sec,13,-0.07095082338809877,42260937.39,2026-10-29,,True,False,False,False,False,True,False,False,False,True,False,True,True,True,True,False,True,False,True,True
ANIP,"ANI Pharmaceuticals, Inc.",Healthcare,,4,72.96,883366000.0,1494112000.0,2.909989247501366,301484000.0,0,,15.895424,2.6182444,2,6,industrial,,7,3.32,26.55304515558718,53.64570218190253,-0.36003439292501566,2,5,1617188800.0,111093000.0,0.06869513318420212,0.3763292526887058,0.00797533624580886,-0.29000049380277515,True,sec,12,-0.07176503501745518,27226702.08,2026-11-06,,False,False,True,False,False,True,True,False,False,True,False,True,True,True,True,True,False,False,True,True
ARE,Alexandria Real Estate Equities,Real Estate,,4,47.03,3026556000.0,34632226000.0,2.35,12812874000.0,29,,,0.5162289,2,6,financial,,5,-8.44,91.11878148799063,,,2,5,20436065704.0,-990028000.0,-0.04844513686439261,0.05934451592761951,0.13833539700454683,7.08144482485759,True,sec,9,-0.08210895828642376,87715841.12,2026-10-26,,True,False,False,True,False,False,False,False,True,False,True,False,True,False,True,False,True,True,False,True
ARMK,Aramark,Industrials,,4,54.59,18506299000.0,13973937000.0,1.284785427831541,6129826000.0,13,,38.174828,4.2390122,2,6,industrial,,8,1.22,12.878225544074947,20.355579728386296,-1.6818199593634304,3,5,20021691880.0,791846000.0,0.03954940495268475,0.11624751054689311,0.016515196724312196,4.439710579873221,True,sec,12,-0.042553576704975844,134013154.77000001,2026-11-24,,True,True,False,False,False,False,False,True,True,True,False,True,True,True,True,False,True,True,True,True
ASH,Ashland Inc.,Basic Materials,,4,68.61,1824000000.0,4578000000.0,3.047169811320755,1374000000.0,44,,43.98077,1.6801353,2,6,industrial,,6,-18.23,40.65217391304348,37.85952282002476,-0.8122256935502267,1,5,4075882880.0,-775000000.0,-0.19014285317246407,0.1199213630406291,0.056017364975743465,3.4642857142857144,True,sec,14,-0.21384884228920925,46457752.08,2026-11-03,,True,False,False,True,False,False,False,False,True,False,False,False,True,False,True,False,True,True,True,True
ASTH,Astrana Health Inc.,Healthcare,,4,34.91,3181769000.0,2282080000.0,1.2294168709765008,936498000.0,0,,42.57317,2.0699675,2,6,industrial,,3,0.46,16.865235771394538,17.639706304932528,-0.9790578933980459,1,5,2266173448.0,78525000.0,0.03465092227133004,0.15393518883687052,0.019336619146863996,4.300859391344932,True,sec,13,-0.0396993094019491,16871933.18,2026-11-05,,True,True,False,False,False,False,False,True,False,False,False,True,True,False,True,False,False,False,False,False
ATO,Atmos Energy Corporation,Utilities,,4,156.38,4702755000.0,31585539000.0,0.8137406980684514,10251258000.0,38,,18.638855,1.7319365,2,6,utility,,6,7.46,90.29171361747902,130.5560104860812,-0.19780008149584155,3,5,36156736488.0,1559971000.0,0.04314468482291637,0.10291361499324106,-0.00547561633759395,4.24030904042156,True,sec,13,-0.026933274749561815,160201614.44,2026-11-04,,True,True,False,False,False,False,False,True,True,True,False,True,True,True,True,False,False,False,True,True
AVAV,"AeroVironment, Inc.",Industrials,,4,140.31,1976845000.0,5730693000.0,4.2596925723858465,730057000.0,0,,,1.6161208,2,6,industrial,,2,-5.4,86.49741653197198,,,1,5,7280482672.0,-310995000.0,-0.04271626127153016,0.08736151107728157,-0.13582417270204125,2.163939040694622,True,sec,15,-0.032582097837032975,240493304.34,2026-12-02,,True,False,True,False,False,False,True,False,False,False,False,False,False,False,True,False,True,False,False,False
AX,"Axos Financial, Inc.",Financial Services,,4,87.61,65789000.0,29961869000.0,,342915000.0,0,,10.199069,1.5697341,2,6,financial,,3,7.43,55.811599133352885,103.86079152841474,0.15646704872231565,2,5,4204751888.0,,,,0.011709758093599379,,False,sec,9,-0.0019165359811165318,30306489.25,2026-10-29,,True,True,False,False,False,False,False,True,False,True,False,True,True,False,True,False,,False,,False
AZZ,AZZ Inc.,Industrials,,4,135.41,1650080000.0,2252324000.0,1.9229179320681504,480604000.0,17,,20.64177,2.9538417,2,6,industrial,,8,10.5,45.842156111536795,82.25738921293767,-0.6461742986939141,2,5,4548818600.0,264617000.0,0.05817268685983653,0.1753544339091534,0.009702960253151816,1.3520764196879942,True,sec,14,-0.0924138800634367,36053860.37,2026-10-13,,True,False,True,False,False,False,False,False,True,True,False,True,True,True,True,True,True,True,False,True
BANC,"Banc of California, Inc.",Financial Services,,4,17.49,38795000.0,35030953000.0,,2900363000.0,24,,,0.9516813,2,6,financial,,6,1.17,22.18383361775455,,,2,5,2853211040.0,,,,0.024648282171576816,,False,sec,9,-0.0007601277647228153,49771887.66,2026-10-21,,True,False,False,True,False,False,False,False,True,False,True,True,True,True,True,False,,True,,True
BANF,BancFirst Corporation,Financial Services,,4,106.49,713243008.0,15082243000.0,,6000000.0,36,,14.37112,1.8281858,2,6,financial,,4,7.11,58.249110197419576,98.54727334922235,-0.08059813712583373,3,5,3583930240.0,,,,0.017894982770821154,,False,mixed,7,-0.0029616284527440645,14194052.1,2026-10-16,,True,True,False,False,False,False,False,True,True,True,False,True,True,True,True,False,,False,,False
BAX,Baxter International Inc.,Healthcare,,4,23.64,11244000000.0,19791000000.0,1.9462545252018937,10317000000.0,45,,,1.9693435,2,6,industrial,,4,-1.87,9.079803814905762,,,2,5,20388785088.0,-308000000.0,-0.015106343937151809,0.1707341720984286,0.02847374565125392,12.13521545319465,True,sec,14,-0.0910514880501238,155022562.32,2026-10-29,,True,False,False,True,False,False,False,False,True,True,False,False,True,False,True,False,True,False,False,True
BBT,Beacon Financial Corporation,Financial Services,,4,28.1,29947000.0,22250964000.0,,1248592000.0,27,,9.093851,0.92733157,2,6,financial,,4,1.03,28.353404634923777,45.899308145238976,0.3877903363797272,3,5,2387721000.0,,,,-0.008213628211573213,,False,sec,9,-0.006029985936789076,24855068.200000003,2026-10-21,,True,True,False,False,False,False,False,True,True,False,True,True,True,False,True,True,,False,,False
BE,Bloom Energy Corporation,Industrials,,4,277.58,2001614000.0,5628401000.0,4.086640960053847,2485273000.0,0,,365.23682,50.51501,2,6,industrial,,4,-0.37,5.49506055654581,9.693529412665619,-27.63559681753402,2,5,81573312432.0,72802000.0,0.0008924732590783068,0.10436356613539086,-0.0007115903892705358,-1.47190519421568,True,sec,14,-0.035727553882532535,4370960381.0199995,2026-10-27,,True,False,True,False,False,False,True,False,False,True,False,False,True,False,True,False,True,False,True,False
BKH,Black Hills Corporation,Utilities,,4,70.14,2286200000.0,11038100000.0,0.5228038170081392,4493900000.0,39,,17.667505,1.3563583,2,6,utility,,5,3.98,51.671017026316854,67.96451068157661,-0.03200919563175941,3,5,9770795520.0,537500000.0,0.055010873874065065,0.0817586340135053,-0.0039825027749630605,5.384634116644344,True,sec,12,-0.03458928619961769,60173947.68,2026-11-04,,True,True,False,False,False,False,False,True,True,True,False,True,True,False,True,False,True,False,False,True
BL,"BlackLine, Inc.",Technology,,4,27.48,700427000.0,1468936000.0,1.7205921950478575,690739968.0,0,,49.071426,5.0738554,2,6,industrial,,7,0.39,5.41607343908758,8.260847503379916,-2.3265351997790287,1,5,1784555392.0,25552000.0,0.014318412370132807,0.3587916696166477,0.14746484108328314,4.664205115478277,True,sec,15,-0.09874426115228982,27565133.04,2026-11-03,,False,False,False,True,False,True,False,False,False,True,False,True,True,False,True,True,False,True,True,True
BLKB,"Blackbaud, Inc.",Technology,,4,42.55,1128365000.0,2594496000.0,0.8281650151141481,1150007000.0,0,,13.296875,28.461538,2,6,industrial,,8,2.37,1.472743112910071,10.374969963595728,-3.1012166926074776,1,5,3046967608.0,190754000.0,0.06260453819698106,0.25565350649991364,0.11243542419039039,4.027956197263954,True,sec,14,-0.05802668418066553,23288210.7,2026-10-28,,False,False,False,True,False,True,False,False,False,True,False,True,True,True,True,False,True,True,True,True
BRK-B,Berkshire Hathaway Inc. New,Financial Services,,4,500.5,247244000000.0,1263071000000.0,2.891,128598999040.0,0,,12.578537,0.0009583975,2,6,financial,,4,39.7900010152214,522225.9,,,3,5,-233933717504.0,87528000000.0,,,0.002723475090446295,0.587084757383867,False,mixed,7,0.016625352019007642,2165402739.5,2026-11-07,,True,False,True,False,False,False,True,False,False,True,True,True,True,False,False,True,,True,,False
BRKR,Bruker Corporation,Healthcare,,4,61.94,3436500000.0,6052900000.0,1.846932846351789,1824800000.0,11,,,3.9626384,2,6,industrial,,4,-0.15,15.754205823901021,,,1,5,11077035872.0,68200000.0,0.006156881749601687,0.2606519189149003,0.0026385123980124463,5.6842287694974,True,sec,14,-0.02352591319863206,137847903.57999998,2026-11-03,,True,False,False,False,False,True,False,False,True,False,False,False,True,False,True,True,True,False,False,False
BROS,Dutch Bros Inc.,Consumer Cyclical,,4,38.61,1638159000.0,3376689000.0,1.3501288872035881,198483000.0,0,,53.625,6.6741576,2,6,industrial,,6,0.64,5.784999742888901,9.680753887730035,-2.988325748982899,1,5,6701915576.0,161180000.0,0.024049840403420803,0.12555079843005973,0.0,-0.25384618168526274,True,sec,12,-0.06388003159307831,150166143.27,2026-11-04,,True,False,True,False,False,False,False,False,False,True,False,True,True,True,True,True,False,False,False,True
BTSG,"BrightSpring Health Services, I",Healthcare,,4,57.26,12910564000.0,5985717000.0,1.587760737911834,2190760000.0,0,,51.125,5.7588253,2,6,industrial,,7,0.87,10.372752163084659,15.829200870044735,-2.617365176555383,1,5,12970084984.0,295252000.0,0.022764075976697547,0.2535664482634244,0.003810601975105941,3.5696963630151743,True,sec,13,-0.05029572898284366,183743789.88,2026-10-30,,True,False,False,False,False,True,False,False,False,True,False,True,True,True,True,True,True,False,False,True
BTU,Peabody Energy Corporation,Energy,,4,24.74,3861500000.0,5449100000.0,2.0089307864053585,339000000.0,4,,,0.9283302,2,6,industrial,,3,-0.43,26.650000183124494,,,3,5,2828505952.0,-80100000.0,-0.028318837350638178,0.09068053450888552,0.012102900710768277,-0.6153088042049935,True,sec,11,-0.06903892385898588,59588318.68,2026-10-29,,True,False,True,False,False,False,True,False,True,False,True,False,True,False,True,True,False,False,False,False
BXMT,"Blackstone Mortgage Trust, Inc.",Real Estate,,4,11.3,402587008.0,19404042000.0,98.576,15823321088.0,15,,141.25,0.5908806,2,6,financial,,7,0.64,19.35131428402994,5.867128615368752,-0.9259847091812544,3,5,17272788992.0,,,,0.22695108096590155,,False,sec,8,-0.008568987842842228,25776068.400000002,2026-10-28,,True,False,False,True,False,False,True,False,True,False,True,True,True,True,True,True,,True,,True
CACI,"CACI International, Inc.",Technology,,4,627.06,8627824000.0,11819644000.0,1.4838883887207566,4901509000.0,0,,25.933002,3.1051645,2,6,industrial,,5,22.32,201.9411285578533,331.46040311450326,-0.8918096825682722,2,5,18567525544.0,764185000.0,0.04115707277144113,0.07782087176229673,0.011175389082789668,5.642551381658949,True,sec,12,-0.003994113528292392,173552023.26,2026-10-21,,True,True,False,False,False,False,False,True,False,True,False,True,True,False,True,False,True,False,True,False
CAG,"ConAgra Brands, Inc.",Consumer Defensive,,4,13.2,11281600000.0,17701500000.0,1.0960396685587526,7276000000.0,42,,,0.9936018,2,6,industrial,,4,-4.0,10.96317902949408,,,2,5,13206232192.0,-1628400000.0,-0.12330541946600358,0.15243905883682174,0.108698546570248,4.417301231525875,True,sec,14,-0.18745868994153037,168459812.39999998,2026-12-18,,True,False,False,True,False,False,False,False,True,False,True,False,True,False,True,False,True,False,False,True
CAR,"Avis Budget Group, Inc.",Industrials,,4,106.12,11652000000.0,32328000000.0,0.8098159509202454,6022000000.0,0,,,-1.1056817,2,6,industrial,,3,-25.25,-24.72992700729927,,,1,5,9212769024.0,-507000000.0,-0.05503231424550257,0.2469526825990978,0.0018672796203727914,18.587393098380016,True,sec,10,-0.1294543429844098,45017589.68,2026-10-27,,True,False,False,False,False,True,False,False,False,False,True,False,True,True,True,False,False,False,False,False
CASH,"Pathward Financial, Inc.",Financial Services,,4,73.72,839894000.0,7314373000.0,,42533000.0,33,,8.903382,1.8214613,2,6,financial,,6,7.87,40.472998245968775,86.83386016107812,0.15102242531601973,3,5,1424533224.0,,,,0.003059920723213451,,False,sec,8,-0.03619544696449033,15561407.36,2026-10-21,,True,True,False,False,False,False,False,True,True,True,False,True,True,True,True,False,,True,,True
CC,Chemours Company (The),Basic Materials,,4,13.48,5808000000.0,7150000000.0,1.662547017732402,3872000000.0,12,,,-41.34969,2,6,industrial,,4,-2.57,-0.32566087824172474,,,2,5,5229726400.0,-8000000.0,-0.0015297167362330847,0.12615384615384614,0.07245925325366694,7.115463785567011,True,sec,13,-0.09090909090909091,31187193.2,2026-11-05,,True,False,False,True,False,False,False,False,True,False,True,False,True,False,True,False,True,False,False,True
CCL,Carnival Corporation Ltd.,Consumer Cyclical,,4,25.07,26622000000.0,50971000000.0,0.27422845691382763,23912000000.0,1,,11.044053,2.6523488,2,6,industrial,,8,2.02,9.451999676663945,21.97182007745582,-0.14100697673758336,2,5,56401377536.0,4483000000.0,0.07948387425712396,0.2154950854407408,0.0,3.1200329987625466,True,sec,12,-0.06784249867571757,522686410.53000003,2026-12-18,,True,False,False,False,False,True,False,False,True,True,False,True,True,True,True,True,True,False,True,True
CDE,"Coeur Mining, Inc.",Basic Materials,,4,17.56,2070126000.0,15203745000.0,3.6537034331027582,2388000.0,1,,14.756301,1.7350063,2,6,industrial,,7,0.95,10.12069599350622,16.46176849651281,-0.06671406560721788,3,5,17000651472.0,707013000.0,0.041587406292308705,0.19605032879143008,-2.105200471672692e-05,-1.0957862963828864,True,sec,12,-0.01979821418999069,603995006.76,2026-10-28,,True,False,True,False,False,False,True,False,True,True,False,True,True,True,True,True,True,False,True,False
CDP,COPT Defense Properties,Real Estate,,4,33.27,42074000.0,4515281000.0,2.594,2592436000.0,35,,23.265736,2.457527,2,6,financial,,5,1.34,13.474990213106596,20.870675854992292,-0.5941026649619388,1,5,6422424024.0,245722000.0,0.038260008850514976,0.05917065628196921,0.03544184226317271,5.742218345204872,True,sec,9,-0.0333088904101428,28778949.240000002,2026-10-29,,True,False,False,True,False,False,False,False,True,False,False,True,True,False,True,False,True,False,True,False
CENX,Century Aluminum Company,Basic Materials,,4,35.99,2527900000.0,2875100000.0,2.751472320376914,480000000.0,0,,6.21589,2.5391564,2,6,industrial,,7,0.42,14.17368721790703,42.97112456748632,0.16246083009818454,2,5,3830768640.0,158100000.0,0.04127109070204772,0.08917950679976348,0.001319198673053645,0.7219206680584551,True,sec,14,-0.05043302841640291,68042550.04,2026-11-05,,True,False,True,False,False,False,True,False,False,True,False,True,True,False,True,True,True,False,True,True
CERT,"Certara, Inc.",Healthcare,,4,9.34,418838000.0,1399798000.0,2.550560053595209,291839000.0,0,,,1.473651,2,6,industrial,,6,-0.01,6.337843882449004,,,0,5,1532413320.0,21016000.0,0.013714315665175763,0.19846863618893584,0.029907792192040566,1.119809103953087,True,sec,13,-0.0699529503542654,29501987.14,2026-11-05,,False,False,True,True,False,False,False,False,False,False,False,False,True,True,True,False,False,True,True,True
CFFN,"Capitol Federal Financial, Inc.",Financial Services,,4,8.47,16300000.0,9662184000.0,,1636246016.0,28,,12.641791,1.0217129,2,6,financial,,6,0.52,8.11488803783331,11.179076496435762,0.24233455216980573,2,5,2540417024.0,,,,0.046068706247792024,,False,sec,8,0.0013437955642326828,7337561.000000001,2026-10-28,,True,False,False,True,False,False,False,False,True,False,True,True,True,True,False,True,,True,,True
CG,The Carlyle Group Inc.,Financial Services,,4,40.39,4779800000.0,28195600000.0,1.808,14253700096.0,15,,42.072918,2.722799,2,6,financial,,1,2.18,20.41036711500938,17.900122539867173,-1.2564091340739902,2,5,28576081920.0,,,,0.0827943807318725,,False,sec,9,0.14485238831590744,139220452.56,2026-10-29,,True,False,False,True,False,False,True,False,True,False,False,True,False,False,False,False,,False,,False
CMS,CMS Energy Corporation,Utilities,,4,63.64,8305000000.0,40905000000.0,0.9356839699640875,19037000000.0,20,,19.168674,2.0897777,2,6,utility,,5,3.53,31.167091836734695,47.69527410838191,-0.334304104330873,3,5,38752049920.0,1727000000.0,0.04456538437489709,0.08878095190405849,0.0069151961712471,6.197164523574019,True,sec,12,-0.028456178951228456,226588247.16,2026-10-29,,True,True,False,False,False,False,False,True,True,True,False,True,True,False,True,False,True,False,False,True
CNC,Centene Corporation,Healthcare,,4,60.99,174581000000.0,83012000000.0,1.1453912019431292,16105000000.0,0,,,1.3353623,2,6,industrial,,4,-13.53,45.67326670539913,,,0,5,19176756736.0,-7623000000.0,-0.39751247330001066,0.171168023900159,0.014537606175984227,-0.3871037808186531,True,sec,15,-0.14169035802052715,277790360.13,2026-10-27,,True,False,True,False,False,False,False,False,False,False,False,False,True,False,True,False,False,True,False,True
CNH,CNH Industrial N.V.,Industrials,,4,12.85,15346000000.0,42172000000.0,4.883,26311000064.0,6,,51.4,2.0507503,2,6,industrial,,5,0.41,6.297032028474271,5.9368549094068825,-1.164445686492913,2,5,40899780608.0,2102000000.0,0.05139391871429375,0.07011761358247179,0.016114327374712273,22.517077859582542,True,sec,10,-0.04808877928483354,224097202.35,2026-11-09,,True,True,False,False,False,False,False,True,True,False,False,True,True,False,True,True,False,True,False,False
COHR,Coherent Corp.,Technology,,4,319.19,5810115000.0,18299852000.0,2.4266542720579243,3222224000.0,0,,77.473305,5.7305207,2,6,industrial,,6,-0.52,51.28259602266611,71.85673025612553,-3.4420334582756804,2,5,63742898032.0,96121000.0,0.0015079483827632946,0.11165784291588807,0.00018298547951737628,1.9011388000043095,True,sec,14,-0.031925722677975756,1971661207.6299999,2026-11-04,,True,False,True,False,False,False,True,False,False,True,False,True,True,True,False,True,True,False,True,False
COIN,"Coinbase Global, Inc.",Financial Services,,4,189.29,7181325000.0,26460286000.0,2.4227061023306278,6483427000.0,0,,,3.817485,2,6,financial,,4,4.45,49.58513090354914,,,2,5,47636272320.0,1435441000.0,0.030133361199157743,0.18064624388544664,0.015822352559185567,-1.4197056535964416,True,sec,13,-0.04256881425998192,1674138304.1599998,2026-10-29,,True,False,True,False,False,False,True,False,False,True,False,True,True,False,True,False,True,False,False,False
COTY,Coty Inc.,Consumer Defensive,,4,2.65,5892900000.0,10200400000.0,0.7548514072033065,3047800000.0,0,,,0.78055966,2,6,industrial,,4,-0.44,3.395457126632595,,,1,5,5205519136.0,241100000.0,0.04631622585586438,0.37458334967256185,-8.569644361678591e-05,4.343820904553017,True,sec,14,-0.08565350378416532,20573068.3,2026-11-05,,True,False,False,False,False,True,False,False,False,False,True,False,True,False,True,True,False,False,False,True
CPK,Chesapeake Utilities Corporatio,Utilities,,4,124.33,930000000.0,4173800000.0,0.31612577770304356,1687700000.0,40,,20.550413,1.7909567,2,6,utility,,6,5.97,69.42099716871994,97.21076762479179,-0.2789735441641751,3,5,4827215776.0,255900000.0,0.053011924859934,0.0964503855011515,-0.09736471351771699,4.854142692750288,True,sec,11,-0.02237768939575447,23621829.69,2026-11-05,,True,True,False,False,False,False,False,True,True,True,False,True,True,True,True,True,False,False,False,True
CRBG,Corebridge Financial Inc.,Financial Services,,4,33.66,18481000000.0,415793000000.0,1.223,1250000000.0,5,,21.576923,1.4770932,2,6,financial,,4,-0.68,23.8935622851217,28.28177516733325,-0.19016574457740695,1,5,15896571648.0,11000000.0,0.0006919731023502761,,0.17521326577492977,5.182187834190703,False,sec,9,-0.005740837387834812,145291707.0,2026-11-02,,True,False,False,True,False,False,False,False,True,False,False,False,True,False,True,True,,True,,False
CRK,"Comstock Resources, Inc.",Energy,,4,12.84,2220289000.0,7524686000.0,0.4755764887005967,3098770000.0,0,,6.903226,1.4617486,2,6,industrial,,8,1.43,8.783911812602435,19.173168705602173,0.3303141386197523,0,5,6823849936.0,645852000.0,0.09464627828240096,0.06304225651207311,0.0,2.372747792372272,True,sec,12,-0.06697900749612674,32452445.16,2026-11-02,,True,False,True,False,False,False,False,False,False,False,False,True,True,True,True,True,True,False,True,True
CRL,Charles River Laboratories Inte,Healthcare,,4,286.83,4015382000.0,7532145000.0,1.347531518066598,2625445000.0,0,,,4.8209963,2,6,industrial,,5,-2.91,59.496228628897086,,,0,5,16249368288.0,25162000.0,0.00154849096617386,0.18545154021724294,0.026105555151307757,5.679271087627254,True,sec,12,-0.11709599323964157,263862374.57999998,2026-11-04,,True,False,False,True,False,False,False,False,False,False,False,False,True,False,True,False,False,True,True,True
CRSR,"Corsair Gaming, Inc.",Technology,,4,13.85,1472480000.0,1216265000.0,1.7522680543628724,118283000.0,0,,44.67742,2.2534983,2,6,industrial,,6,-0.12,6.146494342134457,6.547392433101744,-1.1153459398551338,2,5,1422677880.0,2076000.0,0.0014592199887159278,0.3501564215035375,0.0,-4.712121212121212,True,sec,14,-0.02805391917057549,21653893.3,2026-11-03,,False,False,True,False,False,True,True,False,False,True,False,False,True,True,True,True,False,False,True,True
CSW,"CSW Industrials, Inc.",Industrials,,4,292.38,1082549000.0,2333619000.0,2.7000911776825087,855451000.0,8,,39.942623,4.4392824,2,6,industrial,,4,6.7,59.82458486570824,104.15119173598069,-1.8072650454271535,3,5,5571845664.0,168535000.0,0.03024760737522108,0.19441134135435134,0.0316478782326391,4.380542392730506,True,sec,14,-0.016115741258534492,41871447.42,2026-10-29,,False,True,False,True,False,False,False,True,True,True,False,True,True,False,True,False,False,True,False,False
CTRE,"CareTrust REIT, Inc.",Real Estate,,4,35.91,1225000.0,5929251000.0,3.304,1205071000.0,13,,22.44375,1.887318,2,6,financial,,6,1.57,19.02692597206513,26.171969889500488,-0.3720786074420081,2,5,9642768960.0,368994000.0,0.038266394386369286,0.06989248773802374,-0.09571247412180056,2.0768451340939276,True,sec,9,-0.01239465153355795,79367240.61,2026-11-09,,True,False,True,False,False,False,False,False,True,True,False,True,True,True,True,False,False,False,True,True
CUBI,"Customers Bancorp, Inc",Financial Services,,4,74.03,826803968.0,26520789000.0,,70000000.0,0,,8.962469,1.1335171,2,6,financial,,5,6.26,65.31010732428699,110.17197555776252,0.3280505353088953,2,5,-1607837216.0,,,,-0.06405799798742813,,False,sec,8,-0.010205993494386612,20332339.5,2026-10-22,,True,True,False,False,False,False,False,True,False,False,True,True,True,True,True,False,,False,,True
CWK,Cushman & Wakefield Ltd.,Real Estate,,4,12.06,10288200000.0,7553700000.0,1.0780217525138518,2658200000.0,0,,41.58621,1.3989097,2,6,financial,,5,0.38,8.621373726627748,7.500134556084295,-0.6079711516930892,0,5,4988347552.0,452500000.0,0.09071140197891328,0.2449000859755621,0.003956691814947649,3.875875696066104,True,sec,12,-0.03338761136926274,22684112.28,2026-10-29,,True,False,False,False,False,True,False,False,False,False,False,True,True,False,True,True,False,False,False,True
CWST,"Casella Waste Systems, Inc.",Industrials,,4,78.07,1836841000.0,3557516000.0,0.9925321571559729,1350712000.0,0,,975.875,3.1444337,2,6,industrial,,4,0.12,24.828000030657346,6.68508788687054,-10.678230910520842,1,5,6293549368.0,63669000.0,0.010116548910179296,0.17434524539032292,0.0,3.576671237017684,True,sec,12,-0.09048588959262586,43803437.529999994,2026-11-05,,True,True,False,False,False,False,False,True,False,False,False,True,True,False,True,False,False,False,False,True
CXT,"Crane NXT, Co.",Industrials,,4,48.06,1656700000.0,3595100000.0,1.4152713625866051,1453900000.0,43,,19.859505,2.1844463,2,6,industrial,,4,2.5,22.000814879743732,34.61147673420149,-0.388556760206342,2,5,3988896416.0,246700000.0,0.061846679951490624,0.1957664599037579,0.014097762625210111,3.460232097367676,True,sec,13,-0.02681427498539679,27759792.42,2026-11-04,,True,True,False,False,False,False,False,True,True,False,False,True,True,False,True,False,True,False,False,False
D,"Dominion Energy, Inc.",Utilities,,4,60.76,16523000000.0,118578000000.0,0.7773457750129601,51765000000.0,43,,21.02422,1.9143037,2,6,utility,,7,3.45,33.159271899886235,45.430096431280624,-0.3374393799033202,3,5,104853995904.0,4414000000.0,0.04209663124370841,0.06983609104326886,0.014782935264799828,7.559770621967358,True,sec,12,-0.019927811229739075,264375144.88,2026-10-30,,True,True,False,False,False,False,False,True,True,True,False,True,True,True,True,False,True,False,True,True
DAR,Darling Ingredients Inc.,Consumer Defensive,,4,61.64,6135877000.0,10984208000.0,1.5648271901198072,3947724000.0,0,,16.569893,1.8542807,2,6,industrial,,8,0.39,29.64197989972164,52.74803650696087,-0.16857430308075455,1,5,13513953904.0,273440000.0,0.020233900599517688,0.1341433082840383,0.003521650965796806,4.843034795330612,True,sec,14,-0.09075893318844654,146701597.36,2026-10-29,,True,True,False,False,False,False,False,True,False,False,False,True,True,False,True,True,True,True,True,True
DAVE,Dave Inc.,Technology,,4,339.59,554182000.0,570781000.0,4.222694031611229,0.0,0,,21.86671,20.836298,2,6,industrial,,6,13.53,16.298000729304217,75.46475203156797,-3.4999816584296823,2,5,4079050368.0,175070000.0,0.04291930331957107,0.9856057839472485,0.01009547794689961,0.8089110363171531,True,sec,11,-0.1647269267897845,137986623.47,2026-11-04,,False,False,True,False,False,True,True,False,False,True,False,True,True,True,True,True,False,False,True,False
DCOM,"Dime Commercial Bancshares, Inc",Financial Services,,4,39.52,19907000.0,15042953000.0,,725443008.0,27,,14.267148,1.24308,2,6,financial,,6,2.36,34.43189622222819,44.51332872402986,0.11217603507001452,2,5,581941632.0,,,,-0.05265809963494663,,False,sec,9,-0.005043291699442257,11802845.600000001,2026-10-22,,True,True,False,False,False,False,False,True,True,False,False,True,True,True,True,True,,False,,True
DDOG,"Datadog, Inc.",Technology,,4,276.46,3427158000.0,7547675000.0,3.2045893700482937,1277800960.0,0,,552.92,22.723984,2,6,industrial,,6,0.31,12.166000468931854,11.699038647490799,-22.631001514752235,2,5,95562244096.0,-44373000.0,-0.00046433610281717256,0.3630523306846148,0.0,10.573313388904303,True,sec,14,-0.12486427939729784,1176842668.8799999,2026-11-05,,True,False,False,False,False,True,True,False,False,True,False,True,True,False,True,True,True,False,False,True
DEI,"Douglas Emmett, Inc.",Real Estate,,4,9.71,1003982000.0,9551187000.0,0.546,5722565000.0,21,,,0.8845768,2,6,financial,,4,0.09,10.977090898389289,,,2,5,7320095416.0,255245000.0,0.03486908100160754,0.06659329358748813,0.0651766936235823,9.240754780734319,True,sec,10,-0.03879999417873402,18655279.240000002,2026-11-03,,True,False,False,True,False,False,False,False,True,False,True,True,True,False,True,False,False,False,False,True
DIOD,Diodes Incorporated,Technology,,4,97.49,1482073000.0,2583365000.0,3.167340085374743,21909000.0,0,,52.41398,2.290487,2,6,industrial,,7,1.43,42.56253678955286,42.20499416035892,-1.309916206351891,2,5,4071514544.0,35462000.0,0.00870978099593398,0.17900528961257894,0.007531661291875021,-2.663146093182658,True,sec,15,-0.057820710584837995,55203322.54,2026-11-05,,False,True,True,False,False,False,True,True,False,False,False,True,True,True,True,False,True,True,False,True
DOW,Dow Inc.,Basic Materials,,4,27.59,39968000000.0,59780000000.0,1.8478549734244496,18047000000.0,8,,,1.2566042,2,6,industrial,,3,-3.7,19.256314078647836,,,1,5,33866380864.0,-1646000000.0,-0.0486027723661993,0.04237203077952492,0.07049892867158565,3.9414582335974444,True,sec,12,-0.05814653730344597,257713196.21,2026-10-22,,True,False,False,True,False,False,False,False,True,False,False,False,True,False,True,False,True,False,False,False
DTM,"DT Midstream, Inc.",Energy,,4,120.08,1243000000.0,10207000000.0,1.3724832214765101,3326000000.0,6,,26.333334,2.5632925,2,6,industrial,,8,4.3,46.84591612614641,69.3282010447904,-0.7320512892353968,3,5,15403997312.0,614000000.0,0.03985978363691888,0.09771825396825397,0.026448985395499815,3.61697247706422,True,sec,12,-0.04173606348584305,107462594.0,2026-10-29,,False,True,False,True,False,False,False,True,True,True,False,True,True,True,True,True,True,False,True,True
DUOL,"Duolingo, Inc.",Technology,,4,146.57,1037589000.0,2073953000.0,2.7189758978805294,86136000.0,0,,17.32506,4.8578153,2,6,industrial,,3,8.57,30.17199933476268,75.78416573118395,-0.9340451740262258,2,5,5629733376.0,135570000.0,0.024081069376739164,0.36136643405130203,0.0,-5.3077565200325525,True,sec,13,0.012654095825700968,172739487.22,2026-11-04,,False,False,True,False,False,True,True,False,False,True,False,True,True,True,False,False,False,False,False,False
EGP,"EastGroup Properties, Inc.",Real Estate,,4,194.84,721336000.0,5522866000.0,0.412,1615000000.0,40,,34.24253,2.9028604,2,6,financial,,7,4.87,66.49750298271944,92.69864415705705,-1.101864614868448,3,5,12058810192.0,286746000.0,0.023778962885594775,0.09740644319652741,0.003668540129420201,3.351190554097067,True,sec,9,-0.04042756061798349,93520861.92,2026-10-21,,True,True,False,False,False,False,False,True,True,True,False,True,True,True,True,True,False,False,True,True
EL,"Estee Lauder Companies, Inc. (T",Consumer Defensive,,4,90.19,14326000000.0,19762000000.0,1.2216337666506178,7306000000.0,31,,180.38,8.573194,2,6,industrial,,7,-3.15,10.519999897354474,10.878878565607662,-7.290376572924109,1,5,36485892096.0,-785000000.0,-0.021515165311966174,0.5362311506932497,0.019982929072708815,86.54545454545455,True,sec,13,-0.12169820868333164,267663807.63,2026-11-02,,True,False,False,False,False,True,False,False,True,False,False,True,True,True,True,True,False,False,True,True
ENOV,Enovis Corporation,Healthcare,,4,18.05,2248049000.0,3766126000.0,1.9846221965163033,1284508000.0,0,,,0.7046652,2,6,industrial,,4,-20.75,25.614586049087528,,,1,5,2312879336.0,-1124228000.0,-0.4860729146139944,0.35719994498325336,0.002100036404217528,5.7843551893184895,True,sec,14,-0.3721949292190437,26234573.95,2026-11-04,,True,False,False,False,False,True,False,False,False,False,True,False,True,False,True,False,False,False,True,True
ENTG,"Entegris, Inc.",Technology,,4,158.48,3196600000.0,8418500000.0,3.04902630679877,3456000000.0,10,,76.93204,5.822617,2,6,industrial,,5,1.55,27.218074656188605,35.51836657886982,-3.461916897222438,3,5,27318142464.0,455900000.0,0.016688543176051868,0.16866425135119084,0.0025107634048548164,4.692075015124017,True,sec,14,-0.05461780602245055,392507574.47999996,2026-10-29,,True,True,False,False,False,False,False,True,True,True,False,True,True,False,True,True,True,False,False,False
EPRT,Essential Properties Realty Tru,Real Estate,,4,25.6,561219000.0,7490313000.0,3.841,2930000000.0,9,,19.844963,1.2558869,2,6,financial,,6,1.28,20.383645853892904,24.32376575688635,-0.0524686126264119,3,5,8355087480.0,359921000.0,0.043078064815187306,0.08067042759437058,-0.07631647119750533,5.524057860227595,True,sec,10,-0.017097683367837898,46913945.6,2026-10-21,,True,True,False,False,False,False,False,True,True,True,False,True,True,True,True,False,True,False,False,True
EQIX,"Equinix, Inc.",Real Estate,,4,1012.33,9217000000.0,41076000000.0,1.131413612565445,19873000000.0,13,,64.97625,6.945327,2,6,financial,,5,13.76,145.75711201872892,226.0422885697489,-3.478498277492133,3,5,117537308224.0,1848000000.0,0.015722667363439382,0.11464115298471127,0.01758964618821974,4.527706516162135,True,sec,14,-0.06234784302268965,554089714.53,2026-10-28,,True,True,False,False,False,False,False,True,True,True,False,True,True,True,True,False,False,False,True,False
ES,Eversource Energy (D/B/A),Utilities,,4,64.31,13493100000.0,63415743000.0,0.7998091829317422,29111619000.0,28,,16.703896,1.4821728,2,6,utility,,7,4.56,43.38887189509815,61.30719700338579,-0.04897961647876969,2,5,51516252896.0,2988589000.0,0.05801254617709298,0.17987235617149158,0.025911749527206478,5.060606268504006,True,sec,12,-0.03806122716247289,145386581.65,2026-11-04,,True,False,False,True,False,False,False,False,True,True,False,True,True,True,True,True,False,False,True,True
ESAB,ESAB Corporation,Industrials,,4,67.11,2842555000.0,6562611000.0,1.9620658094214813,2397290000.0,5,,20.649231,1.7621573,2,6,industrial,,5,3.67,40.83603327639645,52.7720809370406,-0.2716951616909927,3,5,6349743832.0,412170000.0,0.0649112800303595,0.15974465041429395,0.005254985589219421,4.39232078988464,True,sec,14,-0.0051505414536988404,52861339.019999996,2026-10-29,,True,True,False,False,False,False,False,True,True,True,False,True,True,False,True,True,True,False,False,False
ESE,ESCO Technologies Inc.,Technology,,4,269.92,1095388000.0,2420003000.0,1.3819657467719544,85000000.0,18,,50.171005,4.323909,2,6,industrial,,3,11.55,52.23016043720252,86.92839303598097,-2.1050844329800973,3,5,7004735264.0,170355000.0,0.024319976926968127,0.1905307555403857,0.0023251918799819626,0.04794274908711529,True,sec,13,0.023671045035894584,58301640.32,2026-11-19,,False,True,True,False,False,False,False,True,True,True,False,True,True,True,False,False,False,False,False,False
ESI,Element Solutions Inc.,Basic Materials,,4,36.33,2551200000.0,5784200000.0,2.9072164948453607,2119400000.0,7,,49.094597,3.147635,2,6,industrial,,5,0.79,10.394308943089431,13.862693598866564,-1.6207028050429102,3,5,10783091008.0,342200000.0,0.031734870803382914,0.18507313025137442,0.011611501294502575,3.911228212403729,True,sec,14,-0.01711559074720791,194691925.04999998,2026-10-27,,True,True,False,False,False,False,False,True,True,True,False,True,True,False,True,True,True,False,False,False
ETR,Entergy Corporation,Utilities,,4,100.4,12946686000.0,75804140000.0,0.9571183577590707,34058443000.0,39,,25.67775,2.5700758,2,6,utility,,6,3.91,29.510416262417092,58.62374014459391,-0.7126167616116961,3,5,78456248112.0,3202278000.0,0.04081609912608358,0.08593262302385857,-0.0012915045810628113,5.535265510328357,True,sec,12,-0.044553279016159276,265380894.4,2026-10-29,,True,True,False,False,False,False,False,True,True,True,False,True,True,True,True,True,True,False,False,False
EVR,Evercore Inc.,Financial Services,,4,259.0,3880084000.0,4700795000.0,2.467971475294906,1093142016.0,20,,14.493564,5.358879,2,6,financial,,5,14.05,48.33100355503455,139.4011804244375,-0.8579469643758941,4,5,10116854784.0,,,,0.014498175422142212,,False,sec,11,-0.14135140970835783,131147499.0,2026-10-28,,True,True,False,False,False,False,True,True,True,True,False,True,True,True,True,False,,False,,True
EXTR,"Extreme Networks, Inc.",Technology,,4,21.97,1140067000.0,1177821000.0,0.927654878828629,163723000.0,0,,70.870964,32.548145,2,6,industrial,,8,-0.06,0.6751463236190709,2.1698215834415286,-9.125256457793013,0,5,2855755080.0,16949000.0,0.0059350327759900194,0.6020668675460872,0.013083934772585213,-1.517549679335292,True,sec,14,-0.13544587844842298,35894014.78,2026-10-28,,False,False,True,False,False,True,False,False,False,False,False,True,True,True,True,True,True,True,False,True
F,Ford Motor Company,Consumer Cyclical,,4,12.27,187267000000.0,285531000000.0,1.0885549368589773,163296002048.0,15,,,1.3697255,2,6,industrial,,2,-2.06,8.957999248754586,,,1,5,190139793408.0,-9169000000.0,-0.048222414864653056,0.04483225989472246,0.061090012587833975,18.309565035121874,True,sec,13,-0.1031201515772368,590552989.56,2026-10-28,,True,False,False,True,False,False,False,False,True,False,False,False,True,False,True,False,False,False,False,False
FBNC,First Bancorp,Financial Services,,4,61.57,67623000.0,13041615000.0,,74717000.0,40,,18.944614,1.4841151,2,6,financial,,6,2.68,41.486219160476765,55.078707492940886,-0.11785484450395037,2,5,2073310696.0,,,,0.015016130152426381,,False,sec,9,-0.007060705288417117,13662259.86,2026-10-21,,True,True,False,False,False,False,False,True,True,False,False,True,True,True,True,True,,False,,True
FCPT,"Four Corners Property Trust, In",Real Estate,,4,21.42,31484000.0,2996363000.0,0.252,1253360000.0,11,,19.651375,1.4509246,2,6,financial,,7,1.09,14.781415127605399,19.027942566907814,-0.12571287855641847,3,5,3579552144.0,164664000.0,0.04600128546136916,0.0859823893100551,-0.034561300351586166,5.308455176177144,True,sec,9,-0.026671334547916925,18714332.700000003,2026-10-28,,True,True,False,False,False,False,False,True,True,True,False,True,True,True,True,True,True,False,True,False
FIS,Fidelity National Information S,Technology,,4,33.1,10677000000.0,44106000000.0,0.5346173340091231,21174000000.0,24,,5.084485,1.0649593,2,6,industrial,,6,0.73,25.059375,67.47288224930358,0.5094325468756503,3,5,37499864960.0,1741000000.0,0.04642683385279049,0.08923955924364033,0.13310005704930897,5.637417218543046,True,sec,14,-0.05046932390151,201433194.5,2026-11-04,,True,False,False,True,False,False,False,False,True,True,True,True,True,False,True,True,False,True,False,True
FLR,Fluor Corporation,Industrials,,4,49.33,15503000000.0,7536000000.0,1.7962145110410095,1072000000.0,0,,,2.4897795,2,6,industrial,,3,-0.31,19.813452143427885,,,1,5,4626447168.0,-378000000.0,-0.08170416439952741,-0.01592356687898089,0.11428662947953144,,True,sec,15,0.044585987261146494,118782841.58999999,2026-11-06,,True,False,False,True,False,False,True,False,False,False,False,False,False,False,False,False,True,True,False,True
FMC,FMC Corporation,Basic Materials,,4,8.56,3467400000.0,9144800000.0,1.987349752038329,4280600000.0,21,,,0.6548849,2,6,industrial,,1,-17.88,8.80076689693476,,,2,5,5135473792.0,-1628300000.0,-0.3170690896206213,0.14029831160878314,0.2186299135206711,14.178239049387301,True,sec,14,-0.24414968069285276,31183951.6,2026-10-29,,True,False,False,True,False,False,False,False,True,False,True,False,False,False,True,False,False,False,False,False
FRPT,"Freshpet, Inc.",Consumer Defensive,,4,57.72,1102015000.0,1812415000.0,6.046211952899355,493656992.0,0,,14.953368,2.26762,2,6,industrial,,8,2.64,25.453902313624678,47.01786789649231,-0.22761840513627588,1,5,2916760064.0,75672000.0,0.025943854941645278,0.24808115139192735,0.0,1.1133640694964024,True,sec,14,-0.01181903703070213,70256322.24,2026-11-02,,False,False,True,False,False,True,False,False,False,True,False,True,True,True,True,True,True,False,True,True
FSLR,"First Solar, Inc.",Technology,,4,172.11,5219376000.0,13388598000.0,2.5178400959174474,37635000.0,0,,10.610974,1.7922338,2,6,industrial,,7,14.21,96.03056694273496,187.20713922282297,0.08064403572159509,2,5,16807297688.0,1596864000.0,0.09501015747106817,0.15836900921216696,0.0,-0.7945745221252257,True,sec,15,-0.03950197025857375,390335497.62,2026-10-29,,True,False,True,False,False,False,True,False,False,True,False,True,True,True,True,True,True,False,False,True
GEV,GE Vernova Inc.,Industrials,,4,987.45,38068000000.0,80800000000.0,0.8495969908651263,2912000000.0,3,,27.247515,21.994654,2,6,industrial,,7,17.69,44.89482683747642,191.33056580775886,-4.160963152077591,2,5,252783101952.0,1388000000.0,0.005490873358550533,0.0932549504950495,0.013654454364982332,-5.096355466799801,True,sec,14,-0.0012747524752475248,2349541492.35,2026-10-28,,True,False,True,False,False,False,False,False,True,True,False,True,True,True,True,True,False,True,True,False
GME,GameStop Corporation,Consumer Cyclical,,4,24.11,3629900000.0,11144800000.0,8.71796380756216,4164300000.0,0,,15.861843,1.7630713,2,6,industrial,,6,0.77,13.674905366288131,21.626025364946777,-0.11486043288747134,2,5,11267519488.0,232100000.0,0.02059903248866695,0.10732359486038331,0.0,-3.5626242544731612,True,sec,15,-0.017658459550642453,169481389.66,2026-12-08,,True,False,True,False,False,False,True,False,False,True,False,True,True,True,True,False,True,False,True,False
GNL,"Global Net Lease, Inc.",Real Estate,,4,8.24,495286000.0,4066088000.0,5.63,2440154880.0,12,,,1.1516421,2,6,financial,,5,-1.21,7.15379347857956,,,2,5,4024083712.0,110983000.0,0.027579694644284777,0.10215303955209822,0.1638668990383308,6.762054430561539,True,sec,10,-0.11024035879203795,20723253.92,2026-11-04,,True,False,False,True,False,False,False,False,True,False,True,False,True,False,True,False,False,True,True,True
GO,Grocery Outlet Holding Corp.,Consumer Defensive,,4,11.77,4688759000.0,2994465000.0,1.2912942003162096,505602000.0,0,,,1.4282248,2,6,industrial,,4,-2.3,8.241380497767501,,,0,5,1597627512.0,-221705000.0,-0.13877139591972676,0.4739721452746985,0.0,8.769804464487923,True,sec,14,-0.14929044086339296,28569297.459999997,2026-11-03,,True,False,False,False,False,True,False,False,False,False,False,False,True,False,True,False,False,False,True,True
GSHD,"Goosehead Insurance, Inc.",Financial Services,,4,47.15,365304000.0,406842000.0,1.5443821241179663,317372000.0,1,,34.416058,-9.985176,2,6,financial,,5,1.04,-4.722,,,4,5,1978772744.0,74449000.0,0.03762382528551748,,0.1350139310287411,3.4265098752901926,False,sec,11,-0.1571273369022864,23470515.599999998,2026-10-21,,False,True,False,True,False,False,False,True,True,True,True,True,True,False,True,False,,True,,True
GWRE,"Guidewire Software, Inc.",Technology,,4,155.32,1202459000.0,2576946000.0,1.786278944825936,714987008.0,0,,87.75142,10.669048,2,6,industrial,,7,0.81,14.558495965245198,24.07846126841436,-5.450578310157453,1,5,12672928768.0,41068000.0,0.0032406084459102673,0.2918388666273954,0.0,2.093302216293613,True,sec,15,-0.08966544118503066,208899963.79999998,2026-12-03,,False,False,True,False,False,True,False,False,False,True,False,True,True,True,True,False,False,True,True,True
H,Hyatt Hotels Corporation,Consumer Cyclical,,4,160.94,7101000000.0,13976000000.0,0.6195982958003652,4281000000.0,4,,196.2683,4.589762,2,6,industrial,,5,-0.55,35.06499901302072,25.43519623811335,-5.3274526562857645,1,5,18841460928.0,398000000.0,0.02112362738329587,0.09981476204046737,0.02307723612394223,4.452153339712918,True,sec,11,-0.030838580423583287,126692450.82,2026-10-29,,True,False,False,True,False,False,False,False,True,False,False,False,True,False,True,False,False,True,True,True
HASI,HA Sustainable Infrastructure C,Financial Services,,4,36.03,400502000.0,8940993000.0,8.703,112000.0,14,,55.43077,1.8055625,2,6,financial,,3,1.41,20.712406911113632,17.083380036785925,-1.1090674048353433,4,5,4379894168.0,-27184000.0,-0.006206542660005204,0.013202059363956735,-0.005824131487818097,,True,sec,9,0.00192707901683851,35393457.99,2026-11-05,,True,True,False,False,False,False,True,True,True,True,False,True,True,False,False,True,False,False,False,False
HAYW,"Hayward Holdings, Inc.",Industrials,,4,12.24,1122155000.0,3117807000.0,3.3273014582084866,956424000.0,0,,16.999998,1.635489,2,6,industrial,,8,0.68,7.484390127859583,11.010940807802982,-0.11162163285139423,1,5,3069387552.0,233250000.0,0.0759923587518348,0.17277849462779446,0.0019446579001883954,1.847214791963606,True,sec,15,-0.03350560185412375,36549570.24,2026-10-27,,False,True,True,False,False,False,False,True,False,False,False,True,True,True,True,True,True,False,True,True
HCC,"Warrior Met Coal, Inc.",Basic Materials,,4,89.08,1310043000.0,2900461000.0,3.9269840590563816,154591000.0,10,,21.413464,2.053765,2,6,industrial,,4,1.08,43.37374647655152,63.71660530486549,-0.39806569376660944,3,5,4555854856.0,45709000.0,0.010033023756189655,0.11296204293041692,0.0037894299369373545,-0.6306931200218547,True,sec,13,-0.05938642167572672,57437002.4,2026-11-04,,False,True,True,False,False,False,True,True,True,False,False,True,True,False,True,True,False,False,False,False
HIMS,"Hims & Hers Health, Inc.",Healthcare,,4,29.3,2347637000.0,3628814000.0,0.9335107387111389,1546238976.0,0,,,21.09431,2,6,industrial,,4,0.51,1.3890001616549676,,,1,5,7541274112.0,105613000.0,0.014004662664621095,0.4776706659531186,0.013159583361669249,,True,sec,14,-0.04729947580669607,362813315.1,2026-11-09,,True,False,False,False,False,True,False,False,False,True,False,True,True,False,True,False,True,False,False,False
HLX,"Helix Energy Solutions Group, I",Energy,,4,10.6,752726016.0,2615904000.0,1.745,490112000.0,0,,44.166668,0.30309096,2,6,industrial,,6,0.23999999275471717,34.97299952463115,13.742423066248163,0.22866586562642335,3,5,562874112.0,75453000.0,0.13404951194486628,0.060834801277111085,0.019340005484588463,0.15116106885643132,True,yahoo,0,,16149471.0,2026-10-21,,False,False,True,False,True,False,True,False,False,True,True,True,True,False,True,True,True,True,False,False
HPE,Hewlett Packard Enterprise Comp,Technology,,4,64.58,34296000000.0,83596000000.0,1.1126626363516887,20244000000.0,12,,33.28866,3.2348228,2,6,industrial,,4,-0.04,19.963631074007225,29.519968876983523,-1.1876716831619862,2,5,99755682560.0,-437000000.0,-0.004380702820986241,0.1367085605880958,0.010335051333971345,6.099130434782609,True,sec,12,-0.034236087851093354,1309623438.46,2026-09-02,,True,True,False,False,False,False,False,True,True,False,False,True,True,False,True,False,False,False,False,True
HR,Healthcare Realty Trust Incorpo,Real Estate,,4,17.43,28215000.0,9001151000.0,0.342,4166944000.0,34,,,1.4164973,2,6,financial,,5,-0.71,12.304936974789916,,,1,5,10196128520.0,-42181000.0,-0.004136962369320939,0.07635073420389256,0.06463540240340274,6.239977465700759,True,sec,9,-0.07849884975821425,64811293.68,2026-10-29,,True,False,False,True,False,False,False,False,True,False,False,False,True,True,True,True,False,False,False,True
HTO,H2O America,Utilities,,4,60.2,805594000.0,5437264000.0,1.6666460493466184,1890127000.0,47,,21.197184,1.3664117,2,6,utility,,5,2.92,44.05678150543285,53.058855696297584,-0.13458911259936432,3,5,4305804584.0,177527000.0,0.04122969274074237,0.08865484974850307,-0.02546373516454366,5.993030598925564,True,sec,12,-0.02615745713285211,26384757.0,2026-10-26,,True,True,False,False,False,False,False,True,True,True,False,True,True,False,True,True,False,False,True,False
HUBB,Hubbell Inc,Industrials,,4,466.98,5844600000.0,11846200000.0,1.6093557872226678,5372600000.0,43,,27.68109,6.306876,2,6,industrial,,5,16.54,73.45766185158037,167.64507521979706,-1.7855276952678105,3,5,29649654240.0,1208800000.0,0.040769446760334296,0.17424152892910807,0.00911974064800023,3.5181991660188,True,sec,15,-0.012046056963414428,242206648.68,2026-10-27,,True,True,False,False,False,False,False,True,True,True,False,True,True,False,True,False,False,True,True,False
IART,Integra LifeSciences Holdings C,Healthcare,,4,16.09,1635245000.0,3563490000.0,3.600938101613571,707187000.0,0,,,1.1994036,2,6,industrial,,4,-6.74,11.325051557581679,,,2,5,1684462616.0,-493370000.0,-0.2928945975492044,0.2333723400374352,0.0001766079048534678,5.727254129976631,True,sec,14,-0.15916531265697392,13671254.66,2026-10-29,,True,False,False,False,False,True,True,False,False,False,True,False,True,False,True,False,True,False,False,True
IBKR,"Interactive Brokers Group, Inc.",Financial Services,,4,85.81,2440000000.0,247309000000.0,1.093,13000000.0,17,,34.051586,6.548882,2,6,financial,,4,2.22,13.102999870817646,27.256927946367895,-2.1481904405677734,3,5,138506409856.0,8990000000.0,0.06490674337271879,0.04514859279669357,0.0009165250222751804,,True,sec,8,-0.04631452959657756,357061502.51,2026-10-15,,True,True,False,False,False,False,False,True,True,True,False,True,True,False,True,,False,False,True,False
ICUI,"ICU Medical, Inc.",Healthcare,,4,157.18,2231262000.0,3971282000.0,2.429766194990007,1231199000.0,0,,132.08401,1.8266122,2,6,industrial,,6,0.03,86.04994601511576,47.99989018579728,-2.2745908249287643,1,5,4863506080.0,42829000.0,0.008806198511013273,0.20699587689819057,0.0022301904137898244,3.830110440530443,True,sec,14,-0.04510256385721286,44519506.02,2026-11-05,,True,False,False,False,False,True,False,False,False,True,False,True,True,True,True,True,False,False,True,False
IDA,"IDACORP, Inc.",Utilities,,4,131.86,1746972000.0,10075985000.0,1.0849643298934133,3447052000.0,41,,21.867329,1.9602772,2,6,utility,,6,5.9,64.41082431307244,95.53174629221492,-0.38027415092636657,3,5,10740895032.0,353976000.0,0.03295591279361829,0.03508945387859707,0.012329927684437227,5.084838122858757,True,sec,12,-0.02762667868203456,71321359.82000001,2026-10-29,,True,True,False,False,False,False,False,True,True,True,False,True,True,True,True,True,False,False,True,False
IFF,International Flavors & Fragran,Basic Materials,,4,83.12,10890000000.0,25154000000.0,2.0607709750566894,5699000000.0,53,,,1.5183676,2,6,industrial,,5,-1.41,54.74343909126518,,,2,5,26338066048.0,-382000000.0,-0.01450372245645604,0.1565556173968355,0.02107688645387606,8.844827586206897,True,sec,14,-0.04806392621451856,141251468.16,2026-11-03,,True,False,False,True,False,False,False,False,True,True,False,False,True,False,True,True,False,False,True,True
INDV,"Indivior Pharmaceuticals, Inc.",Healthcare,,4,35.38,1239000000.0,1233000000.0,0.8352534562211982,487000000.0,0,,12.681005,-20.068066,2,6,industrial,,3,1.64,-1.7627118644067796,,,2,5,4440970048.0,262000000.0,0.05899611957932305,0.8061638280616383,0.002155187871692321,0.9742647058823529,True,sec,15,0.1922141119221411,72285656.36,2026-11-05,,False,False,True,False,False,True,False,False,False,True,True,True,False,True,False,False,False,False,False,True
INTC,Intel Corporation,Technology,,4,120.0,52853000000.0,202439000000.0,1.6039529015979814,50537000000.0,0,,,6.912841,2,6,industrial,,6,-0.06,17.359111639896888,,,0,5,655142643328.0,-2214000000.0,-0.003379416715653405,0.09076808322507027,0.0,2.435912442935737,True,sec,15,-0.04921976496623674,12998360520.0,2026-10-22,,True,False,True,False,False,False,False,False,False,False,False,False,True,True,True,True,True,False,True,False
IRT,"Independence Realty Trust, Inc.",Real Estate,,4,14.5,657696000.0,6091687000.0,0.588,2443383000.0,14,,80.55555,1.0157619,2,6,financial,,7,0.24,14.24930485003694,7.603535329803749,-0.9070076446102675,2,5,5925320048.0,136705000.0,0.02307132760637,0.0645048366338689,0.020855483456444463,6.405626638369862,True,sec,9,-0.03703259868735869,44217416.5,2026-10-28,,True,False,False,True,False,False,False,False,True,False,True,True,True,True,True,True,False,False,True,True
ITGR,Integer Holdings Corporation,Healthcare,,4,126.42,1853637000.0,3423597000.0,3.7332194288503784,1237883000.0,0,,34.635616,2.5002472,2,6,industrial,,5,2.89,50.563267032336505,64.43978937503877,-0.9618313657767746,2,5,5514417248.0,221264000.0,0.04012463875131126,0.1461579736166377,0.011636820861974609,3.456666221503647,True,sec,14,-0.027263722920659178,126133532.28,2026-10-29,,True,True,False,False,False,False,False,True,False,True,False,True,True,False,True,False,True,False,True,False
ITT,ITT Inc.,Industrials,,4,202.13,3938500000.0,11036300000.0,1.2630971920330036,3728200000.0,31,,39.555775,3.76427,2,6,industrial,,5,6.11,53.69686800894855,78.5736092645643,-1.5724922387033335,3,5,21323421696.0,684500000.0,0.03210085181255893,0.1261654721238096,,3.7905038057267126,True,sec,15,-0.016382302039632847,176877696.97,2026-10-27,,True,True,False,False,False,False,False,True,True,True,False,True,True,False,True,False,True,False,True,False
JBGS,JBG SMITH Properties,Real Estate,,4,10.37,498598000.0,4260835000.0,1.149,2577255936.0,10,,,0.5681569,2,6,financial,,4,-2.09,17.982749317055074,,,2,5,3614167808.0,-44404000.0,-0.012286092500107842,0.05638473803897779,0.6144347607752983,13.032466964229458,True,sec,9,-0.049830608319730754,8926423.41,2026-11-03,,True,False,False,True,False,False,False,False,True,False,True,False,True,False,True,False,False,True,False,True
JBTM,JBT Marel Corporation,Industrials,,4,106.86,3798200000.0,8006000000.0,1.2386799693016117,1688000000.0,19,,28.803234,1.2348189,2,6,industrial,,3,-0.98,86.20561697448741,84.99319760037957,-0.25727708824926915,1,5,7119556608.0,189400000.0,0.026602780261228313,0.16669997501873596,0.4543473041053142,3.4591747146619842,True,sec,13,-0.04898825880589558,60762412.62,2026-11-02,,True,False,False,True,False,False,False,False,True,False,False,False,True,False,True,True,False,False,False,False
KALU,Kaiser Aluminum Corporation,Basic Materials,,4,148.39,3373000000.0,2909600000.0,2.4954042685776603,1038300000.0,20,,10.737337,2.5468557,2,6,industrial,,7,6.77,57.72797657509053,134.60011539048577,-0.10245076365282936,3,5,3405841856.0,188800000.0,0.05543416517340493,0.152048391531482,0.021145554382389024,3.147446193382589,True,sec,13,0.0005499037668408029,36426332.029999994,2026-10-21,,True,False,False,True,False,False,True,False,True,True,False,True,True,True,False,True,True,False,True,True
KEY,KeyCorp,Financial Services,,4,20.05,1749000000.0,191317000000.0,,14647000000.0,40,,11.725145,1.2425632,2,6,financial,,7,1.52,15.753932693615075,24.91651399811236,0.1953127953003795,1,5,21915927040.0,,,,0.0488410713892582,,False,sec,10,-0.001981005347146359,233178171.70000002,2026-10-20,,True,False,False,True,False,False,False,False,True,False,False,True,True,True,True,True,,True,,True
KGS,"Kodiak Gas Services, Inc.",Energy,,4,53.56,1308100000.0,5500629000.0,1.4469616438356165,2720989000.0,4,,60.86364,2.5016348,2,6,industrial,,7,0.89,21.451179385530228,20.589268229335673,-1.6013552013319006,2,5,7998568160.0,340010000.0,0.04250885823544698,0.0575645076226737,0.04866455558491854,4.192562419364,True,sec,13,-0.09439265945767293,95732769.08,2026-11-03,,False,True,False,True,False,False,False,True,True,False,False,True,True,True,True,False,False,True,True,True
KMPR,Kemper Corporation,Financial Services,,4,25.94,4789700000.0,11926300000.0,0.817,944500000.0,37,,,0.6970308,2,6,financial,,5,2.29,37.21516136984786,,,3,5,2093897568.0,-68900000.0,-0.03290514352419364,,0.24980395987639498,104.94444444444444,False,sec,11,-0.036993870689149194,22956484.96,2026-11-04,,True,False,False,True,False,False,False,False,True,True,True,True,True,False,True,False,,True,,True
KN,Knowles Corporation,Technology,,4,38.23,593200000.0,1076000000.0,3.2013820335636725,131000000.0,0,,45.511906,4.1045737,2,6,industrial,,9,0.5,9.313862120137559,13.267803050297905,-1.8814114782282367,2,5,3346636736.0,70300000.0,0.021006163962696667,0.23819702602230483,0.01990667300883877,0.7636022514071295,True,sec,13,,31481066.95,2026-10-22,,False,False,True,False,False,True,True,False,False,True,False,True,True,True,True,True,True,True,True,True
KNF,Knife Riv Holding Co.,Basic Materials,,4,50.62,3146012000.0,4177823000.0,2.66465577755194,1617306000.0,0,,20.577234,1.7892616,2,6,industrial,,3,2.76,28.2908957916912,39.571542643371565,-0.27920208863727747,2,5,4449983224.0,285874000.0,0.06424159049818476,0.13818895630571232,0.0,3.2872664267515126,True,sec,14,-0.029058435457892783,41805336.919999994,2026-11-03,,True,True,False,False,False,False,False,True,False,True,False,True,True,False,True,False,False,False,False,False
KRG,Kite Realty Group Trust,Real Estate,,4,24.44,844365000.0,6266212000.0,0.929,2842758000.0,23,,15.275001,1.7065848,2,6,financial,,7,1.37,14.321137623803804,22.705857103935244,-0.07637425392605882,2,5,7713183136.0,111390000.0,0.014441508523258794,0.09358860841260788,0.0474053542047476,5.489182068783123,True,sec,11,-0.020905133755449067,58753197.88,2026-11-04,,True,False,False,True,False,False,False,False,True,True,False,True,True,True,True,True,False,True,False,True
KRYS,"Krystal Biotech, Inc.",Healthcare,,4,325.31,389130000.0,1500648000.0,8.317684089892227,8853000.0,0,,40.765663,7.083814,2,6,industrial,,7,6.84,45.922624679010674,90.8045986170982,-2.582527811964198,2,5,8792018944.0,161295000.0,0.01834561561199475,0.2744659220239407,0.0,-2.4459013591406165,True,sec,13,0.0026428582852207846,121916103.39,2026-11-02,,False,False,True,False,False,True,True,False,False,True,False,True,True,True,False,True,True,False,True,True
LEU,Centrus Energy Corp.,Energy,,4,139.11,448700000.0,2531000000.0,5.394877764842841,1177500000.0,0,,73.21579,3.2832193,2,6,industrial,,4,3.9,42.9910348894064,42.55957547145068,-2.26859463373445,3,5,2154231872.0,50200000.0,0.02330296968143641,0.046424338206242595,-0.1840623272759402,-11.497504159733777,True,sec,14,0.01066772026866851,101141316.60000001,2026-11-04,,False,True,True,False,False,False,True,True,False,True,False,True,True,False,False,False,True,False,True,False
LFST,"LifeStance Health Group, Inc.",Healthcare,,4,11.91,1424285000.0,2181496000.0,1.3756574086543185,273491000.0,0,,91.61539,3.0799067,2,6,industrial,,8,0.12999999235936233,3.8666568941055752,3.363179312275526,-2.5412920020436545,1,5,4575183968.0,24148000.0,0.005278039127802784,0.20921643262295178,0.0,0.7229765687959007,True,sec,11,-0.06256623894795131,52734812.160000004,2026-11-05,,False,False,True,False,False,True,False,False,False,True,False,True,True,True,True,True,True,False,True,True
LGIH,"LGI Homes, Inc.",Consumer Cyclical,,4,47.71,1705504000.0,3918593000.0,33.032,1656803000.0,0,,16.74035,0.5200907,2,6,industrial,,3,3.12,91.73395768941451,76.69708615378508,0.37794246962215966,3,5,2704897040.0,79776000.0,0.029493174350177852,0.090222689623546,0.018060269369206145,18.974553497110513,True,sec,11,0.054235027725512704,14132894.75,2026-11-03,,True,True,False,False,False,False,True,True,False,False,True,True,False,False,False,False,True,True,False,False
LIF,"Life360, Inc.",Technology,,4,40.3,489481000.0,1051919000.0,5.600891288912142,311640000.0,0,,23.430231,5.329587,2,6,industrial,,5,1.77,7.553049983913334,17.10650316264744,-1.3558292198487563,2,5,3127064064.0,18826000.0,0.0060203435601887305,0.362044986353512,0.0,-7.315667187437407,True,sec,14,0.05913192935957997,29089023.599999998,2026-11-09,,False,False,True,False,False,True,True,False,False,True,False,True,True,True,False,False,True,False,True,False
LITE,Lumentum Holdings Inc.,Technology,,4,1045.78,3014000000.0,7307500000.0,1.6778472082241485,3234300000.0,0,,,19.952303,2,6,industrial,,5,-92.96,52.41422121896163,,,0,5,94302369120.0,524800000.0,0.005565077578615132,0.17186452275059869,-0.00018229019981687164,0.7587209302325582,True,sec,14,-1.0518645227505987,4820902528.14,2026-11-05,,True,False,True,False,False,False,False,False,False,False,False,False,True,False,True,True,False,False,True,True
LIVN,LivaNova PLC,Healthcare,,4,74.7,1388053000.0,2640861000.0,1.449843282357667,293491000.0,0,,22.035397,3.1029327,2,6,industrial,,4,-4.45,24.074104214055396,42.851422470807705,-0.7432326791692613,0,5,3880406848.0,199390000.0,0.05138378727033934,0.3558952932395912,0.0,-0.9788333559988244,True,sec,14,-0.1881356118326561,48263744.7,2026-11-04,,False,False,True,False,False,True,False,False,False,False,False,False,True,False,True,True,False,False,False,True
LNC,Lincoln National Corporation,Financial Services,,4,39.73,18212000000.0,429797000000.0,2.184,6465000000.0,42,,3.3928266,0.7338924,2,6,financial,,2,5.83,59.286812091381556,119.42982523475652,0.6673360283170058,3,5,3906202368.0,1565000000.0,0.4006448853803982,,-0.06573582660692101,,False,sec,8,0.0031270576574522393,78721260.38,2026-11-05,,True,False,False,False,True,False,True,False,True,False,True,True,False,False,False,True,,False,,False
LPG,Dorian LPG Ltd.,Energy,,4,56.59,481511242.0,1901829367.0,3.2559426832153275,507543957.0,6,,7.5053053,1.957996,2,6,industrial,,7,4.54,28.90233405428706,70.02302547047188,0.19183726181806396,4,5,2586474347.0,210175509.0,0.08125946010010823,0.14010635860159731,0.009507928395774613,0.5867017163790558,True,sec,12,-0.008646207848782261,34482437.42,2026-11-05,,False,True,True,False,False,False,True,True,True,True,False,True,True,True,True,True,False,False,True,True
LQDA,Liquidia Corporation,Healthcare,,4,27.99,158320000.0,521918000.0,2.3122695432598337,182896000.0,0,,21.53077,12.780822,2,6,industrial,,5,-0.8,2.1898449461965868,8.003592774465075,-2.4971794278814654,1,5,2404068864.0,-51376000.0,-0.021370436084147047,0.29207844910503183,0.0,-0.04585080816172659,True,sec,13,-0.06368433355431313,48605026.86,2026-11-03,,False,False,True,False,False,True,True,False,False,False,False,False,False,True,True,True,False,False,True,True
LTC,"LTC Properties, Inc.",Real Estate,,4,42.67,262854000.0,2176858000.0,20.833,777090000.0,25,,15.239285,2.1734922,2,6,financial,,6,2.52,23.532742180833303,35.168396191941596,-0.21330525757035532,3,5,3036805272.0,204728000.0,0.06741558370160786,0.09600642076370232,0.002973283999420365,3.0364753794280346,True,sec,10,-0.005557091918719549,24632025.560000002,2026-11-03,,True,True,False,False,False,False,False,True,True,True,False,True,True,True,True,True,False,False,False,True
LTH,"Life Time Group Holdings, Inc.",Consumer Cyclical,,4,40.36,2995255000.0,8358157000.0,0.6571960335161854,1497773000.0,0,,22.054646,2.7281332,2,6,industrial,,8,1.66,14.793532750641752,24.680820052185236,-0.6352779168059504,1,5,10293050032.0,481293000.0,0.04675902657654545,0.1706888252996444,0.0,1.6384564540313102,True,sec,13,-0.05944540165971996,119138361.12,2026-11-03,,True,False,True,False,False,False,False,False,False,True,False,True,True,True,True,True,True,False,True,True
LYB,LyondellBasell Industries NV,Basic Materials,,4,57.78,30153000000.0,34482000000.0,1.641339524412551,12910000000.0,16,,,1.7489482,2,6,industrial,,3,-2.34,33.03673910153085,,,1,5,27511132032.0,-420000000.0,-0.015266547356592615,0.07473464416217157,0.10527651219563577,9.119587628865979,True,sec,14,-0.08700191404210893,243480297.6,2026-10-30,,True,False,False,True,False,False,False,False,True,False,False,False,True,False,True,False,False,True,False,False
MATW,Matthews International Corporat,Industrials,,4,18.58,1497689000.0,1505516000.0,1.7560377105451066,567263000.0,33,,,1.1933972,2,6,industrial,,5,-0.79,15.568999156358,,,3,5,1109601736.0,75453000.0,0.0680000738571303,0.33715550017402673,0.0775717193282315,3.59826493386504,True,sec,13,-0.0006117503898995428,13647920.419999998,2026-11-19,,False,False,False,True,False,True,False,False,True,True,True,False,False,True,True,True,True,False,True,False
MBC,"MasterBrand, Inc.",Consumer Cyclical,,4,7.01,2734700000.0,4479600000.0,1.7586549610733808,1390300000.0,0,,,0.7242484,2,6,industrial,,6,0.21,9.678957718780728,,,2,5,2575168480.0,119000000.0,0.046210568715876796,0.18474863827127422,0.012688678546896459,6.146067415730337,True,sec,14,-0.03772658273060095,16347193.82,2026-11-03,,True,True,False,False,False,False,False,True,False,False,True,True,True,False,True,True,True,True,False,False
MBIN,Merchants Bancorp,Financial Services,,4,49.52,632339008.0,21229982000.0,,4298886144.0,10,,9.943775,1.2346356,2,6,financial,,2,3.78,52.1093667943204,67.03889587907483,0.26132434983230507,2,5,6333146624.0,,,,-0.016808553949197554,,False,sec,8,0.02637863753252358,9024574.32,2026-10-27,,True,True,False,False,False,False,False,True,True,False,False,True,False,False,False,True,,False,,False
MCHP,Microchip Technology Incorporat,Technology,,4,78.5,4713100000.0,14407400000.0,1.920735475896168,5361300000.0,25,,115.44118,6.607744,2,6,industrial,,6,0.22,11.880111644320618,13.48198788779605,-4.822583483483064,1,5,47715183168.0,490100000.0,0.010271363693070419,0.18886822049779975,0.02163693606732263,4.314905884347974,True,sec,14,-0.0508141649430154,750693851.5,2026-11-05,,True,False,False,True,False,False,False,False,True,False,False,True,True,True,True,False,False,False,True,True
MHK,"Mohawk Industries, Inc.",Consumer Cyclical,,4,125.12,10785400000.0,13823200000.0,1.915519189081916,1916500000.0,0,,16.572186,0.88631356,2,6,industrial,,6,5.93,125.96902654867256,154.85826827062064,0.19203539212160048,3,5,9542296608.0,489800000.0,0.05132936232451264,0.18625933213727647,0.01767468909462036,0.9339110644257703,True,sec,15,-0.049648417153770476,120726286.08,2026-10-29,,True,False,True,False,False,False,True,False,False,True,True,True,True,False,True,True,True,True,False,False
MKSI,MKS Inc.,Technology,,4,271.24,3931000000.0,8941000000.0,1.1443894389438944,3943000000.0,16,,43.122414,6.1365123,2,6,industrial,,7,4.37,44.201183431952664,79.09201824395699,-2.429423170911738,1,5,21829585472.0,528000000.0,0.024187358054840118,0.20545800246057488,0.005670484192490668,4.001146788990826,True,sec,13,-0.039145509450844426,370601993.0,2026-11-04,,True,False,False,False,False,True,False,False,True,False,False,True,True,True,True,True,False,True,False,True
MPT,"Medical Properties Trust, Inc.",Real Estate,,4,3.37,972022000.0,14762677000.0,1.172,9662659000.0,22,,,0.44706815,2,6,financial,,4,-0.46,7.603464862016178,,,2,5,11250221968.0,539775000.0,0.047979053349820985,0.05972602394538606,0.10767359619150252,9.658853747356693,True,sec,10,-0.03439532003579026,27496770.23,2026-10-29,,True,False,False,True,False,False,False,False,True,False,True,False,True,True,True,False,False,True,False,False
MRP,"Millrose Properties, Inc.",Real Estate,,3,25.2,600461000.0,9707302000.0,46.568,2491731968.0,2,,8.967972,0.7150559,2,6,financial,,5,2.44,35.24199996112192,47.203552099688295,0.46614187112909233,3,5,6641968640.0,486068000.0,0.0731813151108163,0.055379571655415086,0.07140938782991584,,True,sec,8,-0.3392247403037425,34058077.199999996,2026-11-11,,True,False,False,True,False,False,False,False,True,True,True,True,True,True,True,False,False,False,,True
MRTN,"Marten Transport, Ltd.",Industrials,,4,13.08,883652000.0,955485000.0,2.5032983681757446,358000.0,17,,87.2,1.3944563,2,6,industrial,,5,0.21,9.37970053000019,5.62649977983577,-1.3247135007231419,3,5,964512640.0,22913000.0,0.023756039112146837,0.12199834275143272,0.018314170306257715,-0.37656059449547724,True,sec,12,-0.07958680670026216,8694184.44,2026-10-22,,False,True,True,False,False,False,True,True,True,False,False,True,True,False,True,True,True,False,False,False
MRVL,"Marvell Technology, Inc.",Technology,,4,268.08,8194600000.0,27554600000.0,3.1683536707341466,4962900000.0,15,,89.06312,12.8859825,2,6,industrial,,8,3.07,21.871356072229435,37.535996746221855,-6.14194435310908,3,5,241954821152.0,1322900000.0,0.005467549659483464,0.1517242130170643,0.008992435436433067,0.6669040528292114,True,sec,14,0.03337373796026798,6079690347.36,2026-12-01,,True,False,True,False,False,False,True,False,True,True,False,True,True,True,False,True,True,True,True,True
MSEX,Middlesex Water Company,Utilities,,4,52.43,194694000.0,1423482000.0,0.4968957744326431,403249000.0,40,,20.243244,1.8959283,2,6,utility,,5,2.36,27.65440747227087,40.14395038631956,-0.3060498405226043,3,5,1389436096.0,54376000.0,0.03913530111715192,0.07571223449317109,-0.004111385568758917,4.621196947197569,True,sec,12,-0.04397383121107257,7943040.14,2026-10-30,,True,True,False,False,False,False,False,True,True,True,False,True,True,False,True,True,False,False,True,False
MTSI,MACOM Technology Solutions Hold,Technology,,4,301.63,967258000.0,2146769000.0,2.3375054336338947,340465000.0,0,,96.36741,14.949941,2,6,industrial,,5,-0.73,20.687652729665135,37.69475807408158,-7.001908366335871,1,5,22713197688.0,129652000.0,0.005708223112437342,0.24641775617218248,0.001872523197266235,-1.6717803334594474,True,sec,15,-0.13489015352839545,426201983.48,2026-11-05,,False,False,True,False,False,True,True,False,False,False,False,False,True,False,True,True,False,False,True,True
MTZ,"MasTec, Inc.",Industrials,,4,213.66,14299171000.0,10925494000.0,1.3995155498138399,2740235000.0,0,,34.022293,4.796929,2,6,industrial,,8,5.07,34.96477645968978,79.33248306389454,-1.693222142409406,1,5,19582548560.0,688383000.0,0.03515288104052581,0.18065464931775368,0.004506714348123323,2.1700429680327464,True,sec,11,-0.013424747659007455,317726948.88,2026-10-29,,True,False,True,False,False,False,False,False,False,True,False,True,True,True,True,True,True,True,False,True
MU,"Micron Technology, Inc.",Technology,,4,1097.39,37378000000.0,134112000000.0,3.4245176518883413,5722000000.0,6,,14.761771,12.30051,2,6,industrial,,7,7.59,89.21523472099203,386.29711643184106,-1.8407926265057315,2,5,1219084719360.0,9770000000.0,0.008014209221758677,0.11089984490575042,0.0004211767273276962,-1.1201854099988964,True,sec,15,-0.0670036984013362,37475784000.97,2026-12-23,,True,False,True,False,False,False,True,False,True,False,False,True,True,True,True,True,False,False,True,True
NABL,"N-able, Inc.",Technology,,4,4.34,508840000.0,1395529000.0,1.3047695889432256,392327000.0,0,,,1.0190187,2,6,industrial,,4,-0.1,4.259420174499502,,,1,5,1096364984.0,33896000.0,0.03091671158297409,0.2805265960076788,0.03663841018017267,3.533467082396238,True,sec,14,-0.08026848600064922,11105231.06,2026-11-05,,False,False,False,True,False,True,False,False,False,False,True,False,True,False,True,False,False,True,False,True
NAVI,Navient Corporation,Financial Services,,4,9.11,271000000.0,47297000000.0,10.745,44337000000.0,13,,,0.35629082,2,6,financial,,4,-0.81,5.1239316239316235,,,3,5,44421370624.0,,,,0.20365868759083178,,False,sec,8,-0.01101549781170053,10944289.389999999,2026-10-28,,True,False,False,True,False,False,True,False,True,False,True,False,True,False,True,True,,True,,False
NEE,"NextEra Energy, Inc.",Utilities,,4,76.35,25800000000.0,221424000000.0,0.5418996597974426,103145000000.0,44,,17.004456,2.787717,2,6,utility,,5,3.3,26.485371702637888,52.60107106278171,-0.45149135668497853,3,5,260411440320.0,8280000000.0,0.0317958381161186,0.08024125497717667,0.016588762655942505,6.8066621803499325,True,sec,12,-0.025516655827733218,843619246.8,2026-10-27,,True,True,False,False,False,False,False,True,True,True,False,True,True,False,True,False,True,False,True,False
NHI,"National Health Investors, Inc.",Real Estate,,4,65.08,80062000.0,2964202000.0,1.817,1278265984.0,36,,18.809248,2.0341315,2,6,financial,,6,3.02,32.532716846410025,49.90724246630972,-0.304019152008504,3,5,4461815808.0,194728000.0,0.043643218003498546,0.1303756640865362,-0.003703568112823336,4.345029424527127,True,sec,9,-0.03184195948859086,24681329.68,2026-11-05,,True,True,False,False,False,False,False,True,True,True,False,True,True,False,True,False,True,False,True,True
NI,NiSource Inc,Utilities,,4,39.5,6522800000.0,37543600000.0,0.4982217691697814,17403000000.0,40,,21.01064,1.978165,2,6,utility,,6,1.95,19.967964291191816,29.062800259847197,-0.3591257431092319,3,5,36275623744.0,1835300000.0,0.05059320310938993,0.0933553084746519,0.01152427472298528,5.772086982583502,True,sec,12,-0.038163628421355435,217051354.5,2026-10-28,,True,True,False,False,False,False,False,True,True,True,False,True,True,True,True,False,True,False,False,True
NPK,"National Presto Industries, Inc",Industrials,,4,150.12,503524000.0,498609000.0,5.219618089407116,9179000.0,13,,25.06177,2.6047575,2,6,industrial,,3,4.63,55.274511801463284,88.13335364822757,-0.7033278978487962,4,5,1064154368.0,40241000.0,0.03781500241889718,0.16109817512319272,0.006666875964129959,0.1049583849831769,True,sec,15,0.08467556742858633,14714612.280000001,2026-10-23,,False,True,True,False,False,False,True,True,True,True,False,True,False,False,False,True,False,False,False,True
NPO,Enpro Inc.,Industrials,,4,315.91,1143300000.0,2660500000.0,2.281704260651629,575500000.0,12,,149.01416,4.2117968,2,6,industrial,,6,1.91,74.39623244056293,59.814593820829586,-4.281487005433594,2,5,7185581984.0,161600000.0,0.02248947967747521,0.18323623379064086,0.003918001912147635,1.8854009077155824,True,sec,14,-0.060402180041345614,60981370.940000005,2026-11-03,,False,True,True,False,False,False,False,True,True,False,False,True,True,False,True,True,False,False,True,True
NWN,Northwest Natural Holding Compa,Utilities,,4,46.66,1209991000.0,6441782000.0,0.7715067680234652,2623659000.0,37,,15.710438,1.2595832,2,6,utility,,5,2.77,37.043788354686065,49.754047585583976,0.06218685183877314,3,5,4563509352.0,280891000.0,0.06155153377233618,0.08403657442848199,0.015218796468472653,5.823123811315936,True,sec,12,-0.0241866303454541,10999441.76,2026-11-05,,True,True,False,False,False,False,False,True,True,True,False,True,True,True,True,False,False,False,True,False
NXRT,"NexPoint Residential Trust, Inc",Real Estate,,4,18.86,251281000.0,1878351000.0,2.87,1622674000.0,12,,,1.9441295,2,6,financial,,3,-1.26,9.701088614621172,,,1,5,2581295680.0,27932000.0,0.010820922305188998,0.07507823023411024,0.06286375118818675,13.001261278742602,True,sec,10,-0.0616194736766451,8964629.5,2026-10-27,,True,False,False,True,False,False,False,False,True,False,False,False,True,False,True,False,False,True,False,False
O,Realty Income Corporation,Real Estate,,4,53.53,5749377000.0,76441475000.0,1.528,1400000000.0,33,,39.07299,1.2806833,2,6,financial,,5,1.17,41.79821750535298,35.894615546829755,-0.49131002476297087,4,5,51498401984.0,2261626000.0,0.04391643066327889,0.07308925433582453,0.0109918945446515,5.767269263027756,True,sec,9,-0.038410614133230686,336231511.87,2026-11-02,,True,True,False,False,False,False,True,True,True,True,False,True,True,True,True,False,False,False,False,True
OGE,OGE Energy Corp,Utilities,,4,45.67,3190900000.0,14472100000.0,0.6563032713694293,5862000000.0,40,,20.0307,1.893999,2,6,utility,,6,2.32,23.965065502183407,35.17096907356921,-0.2985141212478207,2,5,15296366656.0,799400000.0,0.05226077656071583,0.13342914988149612,0.014637662230323428,4.312683931724544,True,sec,13,-0.04604722189592388,67877494.2,2026-10-28,,True,True,False,False,False,False,False,True,True,False,False,True,True,True,True,False,True,False,False,True
OGS,"ONE Gas, Inc.",Utilities,,4,71.71,2311846912.0,8812203000.0,0.48082719740202184,3361521000.0,13,,15.4547415,1.2728531,2,6,utility,,6,4.37,56.338317497636915,76.69215945838879,0.06496308740780712,3,5,7861086232.0,457467000.0,0.05819386615272026,0.09827287304627405,-0.011420715861456517,4.308328334662417,True,sec,12,-0.03570151527376299,38704827.11,2026-11-02,,True,True,False,False,False,False,False,True,True,True,False,True,True,True,True,True,False,False,False,True
OI,"O-I Glass, Inc.",Consumer Cyclical,,4,5.65,6426000000.0,8088000000.0,1.2608024691358024,4986000000.0,0,,,2.2663457,2,6,industrial,,6,-0.84,2.9264849603648604,,,0,5,5515177600.0,38000000.0,0.006890077302315704,0.13711671612265083,0.04607352228391979,8.988394584139265,True,sec,14,-0.09013353115727003,19320485.75,2026-10-27,,True,False,False,True,False,False,False,False,False,False,False,False,True,False,True,True,True,True,True,False
OLN,Olin Corporation,Basic Materials,,4,15.96,6780800000.0,7440600000.0,1.4178601516427969,3029100000.0,40,,,1.062937,2,6,industrial,,4,-0.88,15.012280701754387,,,2,5,4670860576.0,5300000.0,0.0011346945415653528,0.0674004784560385,0.07811295048645557,5.412222433099259,True,sec,15,-0.07731903341128403,47253378.480000004,2026-10-29,,True,False,False,True,False,False,False,False,True,False,True,False,True,False,True,False,False,True,False,True
OMC,Omnicom Group Inc.,Communication Services,,4,74.7,17271900000.0,49903000000.0,0.9236969520952605,9321700000.0,41,,201.89188,2.1210744,2,6,industrial,,3,-0.27,30.858511657617374,17.12278815669366,-3.3626072644482377,1,5,26479141728.0,444700000.0,0.01679435098645052,0.029399034126204836,0.06136049496180594,8.297061269753257,True,sec,13,-0.0599703424643809,220113559.8,2026-10-20,,True,False,False,True,False,False,False,False,True,False,False,False,True,False,True,True,False,False,False,False
OPLN,"OPENLANE, Inc.",Consumer Cyclical,,4,34.87,1934500000.0,5006400000.0,1.1678127850677145,534700000.0,0,,,2.7282684,2,6,industrial,,8,-0.96,12.781190772751428,,,0,5,4601576000.0,196600000.0,0.042724492652082675,0.16571767245941196,0.010712835856801335,1.1966701352757545,True,sec,12,-0.04278523489932886,40508409.26,2026-11-04,,True,False,True,False,False,False,False,False,False,False,False,True,True,True,True,False,True,True,True,True
ORA,"Ormat Technologies, Inc.",Utilities,,4,89.66,989543000.0,6788245000.0,1.0459981534747362,2760556000.0,22,,43.95098,2.122683,2,6,utility,,4,2.02,42.239157879413874,44.03146557643786,-1.0362710808331326,3,5,7760625064.0,169225000.0,0.021805588931876275,0.04017017653310981,0.005272573416043499,4.870085336697381,True,sec,14,-0.030657555818919324,76765547.1,2026-11-04,,True,True,False,False,False,False,False,True,True,True,False,True,True,False,True,False,False,False,False,True
OUT,OUTFRONT Media Inc.,Real Estate,,4,28.05,1831700000.0,5270300000.0,0.670054856405292,2529400000.0,13,,20.326086,7.126524,2,6,financial,,5,0.82,3.9363898924863077,11.054990386404054,-1.5373156393240475,2,5,7438793664.0,293500000.0,0.03945532209347217,0.1719255968069885,0.042565734869549475,5.506281683932114,True,sec,12,-0.03047264861582832,46315739.25,2026-11-05,,True,False,False,True,False,False,False,False,True,True,False,True,True,False,True,False,True,False,True,False
OZK,Bank OZK,Financial Services,,4,46.34,1552274048.0,,,668230976.0,29,,7.646865,0.8507904,2,6,financial,,3,6.059999751532164,54.466999157489326,86.17757846809387,0.4622731245905594,4,5,4505692160.0,,,,0.07075043196933839,,False,yahoo,0,,54036703.28,2026-10-20,,False,True,False,True,False,False,False,True,True,True,True,,True,,True,,,True,,
PAHC,Phibro Animal Health Corporatio,Healthcare,,4,35.87,1296215000.0,1501241000.0,2.9560840274530125,620516000.0,13,,14.761316,3.7745972,2,6,industrial,,7,1.19,9.503000744026409,22.79422287308394,-0.5736443483825151,4,5,1994901520.0,110465000.0,0.05537366075093271,0.26640759211878706,0.013354348734593575,3.4505157941949127,True,sec,14,-0.021222441966346508,8568482.12,2026-11-04,,False,True,False,False,False,True,True,True,True,True,False,True,True,True,False,True,True,False,True,True
PAYO,Payoneer Global Inc.,Technology,,4,7.14,813413000.0,8764946000.0,1.0029008096944114,86162000.0,0,,51.0,3.7013996,2,6,industrial,,6,0.19,1.9293905356635026,2.4650253844609082,-1.8965218958836365,1,5,2159236864.0,124667000.0,0.05773660225912112,,0.07175388675008428,-1.6825190998291157,False,sec,12,-0.018288418434066794,25521544.439999998,2026-11-04,,False,False,True,True,False,False,False,False,False,True,False,True,True,False,True,False,True,True,,True
PBF,PBF Energy Inc.,Energy,,4,82.34,29332300000.0,14718700000.0,1.3303528660386397,1749100000.0,5,,7.2164764,1.5231223,2,6,industrial,,2,-1.39,54.790150559263175,117.80728180809886,0.30106188058793326,1,5,10615323584.0,-54300000.0,-0.005115246800563286,-0.03879418698662246,0.012868425817961078,2.694610778443114,True,sec,13,-0.005469233016502816,273393831.36,2026-10-29,,True,False,True,False,False,False,False,False,True,False,False,False,False,True,True,False,False,False,False,False
PCG,Pacific Gas & Electric Co.,Utilities,,4,12.17,24935000000.0,145076000000.0,1.2160732612299676,64218000000.0,4,,8.755396,0.82924503,2,6,utility,,5,1.18,15.39298591818627,21.424095806636185,0.43194802199165383,4,5,99784806272.0,4749000000.0,0.04759241589400758,0.06969797543976104,0.002353662004166308,6.121687496473357,True,sec,11,-0.060078837347321404,431717277.81,2026-10-22,,True,True,False,False,False,False,False,True,True,True,True,True,True,True,True,False,False,False,True,False
PDFS,"PDF Solutions, Inc.",Technology,,4,53.39,219024000.0,519179000.0,3.4471752183406115,66517000.0,0,,205.34616,6.0042734,2,6,industrial,,3,-0.02,8.892429993554394,7.212364338030001,-6.402565580121961,2,5,2206145104.0,5847000.0,0.0026503243097648938,0.30509901209409473,0.0001082274554190885,-4.86971405557793,True,sec,15,-0.047484586240968914,31826152.73,2026-11-05,,False,False,True,False,False,True,True,False,False,True,False,False,True,False,True,False,False,False,True,False
PEB,Pebblebrook Hotel Trust,Real Estate,,4,18.81,1475544000.0,5281626000.0,0.708,2080700000.0,17,,,0.874721,2,6,financial,,4,-0.9,21.505810078134424,,,3,5,3942261520.0,43798000.0,0.011109866704124692,0.06667471925932103,0.036470384752924606,6.937017926637119,True,sec,9,-0.059742965518573256,40050270.809999995,2026-10-29,,True,False,False,True,False,False,False,False,True,True,True,False,True,False,True,False,False,True,False,True
PEN,"Penumbra, Inc.",Healthcare,,4,318.0,1403665000.0,1974723000.0,5.749615016083773,212710000.0,0,,78.132675,8.182801,2,6,industrial,,7,4.52,39.020618832633566,59.65557520653924,-4.330599845848807,2,5,12079751168.0,189249000.0,0.015666630658860935,0.47725022699386194,0.0,0.12635964010534456,True,sec,15,-0.030878254823587917,109300416.0,2026-11-04,,False,False,True,False,False,True,True,False,False,True,False,True,True,True,True,True,True,False,True,False
PENN,"PENN Entertainment, Inc.",Consumer Cyclical,,4,14.52,6961000000.0,14069200000.0,0.88524809415541,2774600000.0,0,,,0.9926169,2,6,industrial,,5,-5.83,14.627999986701818,,,1,5,3835483328.0,-673600000.0,-0.17562323764583967,0.16486666433051828,0.18192240285935038,11.889079797810755,True,sec,11,-0.09604668353566656,40778577.839999996,2026-11-05,,True,False,False,True,False,False,False,False,False,False,True,False,True,False,True,False,False,True,True,True
PK,Park Hotels & Resorts Inc.,Real Estate,,4,15.42,2541000000.0,7702000000.0,0.297,3932000000.0,5,,,1.0048221,2,6,financial,,4,-1.43,15.346453259582947,,,2,5,6772637184.0,-33000000.0,-0.004872548034606189,0.09376623376623376,0.10468211927464952,12.105610561056105,True,sec,10,-0.08841859257335757,58773915.96,2026-11-04,,True,False,False,True,False,False,False,False,True,False,True,False,True,False,True,False,False,True,False,True
PRGO,Perrigo Company plc,Healthcare,,4,14.02,4253100000.0,7609500000.0,2.324326886613576,3294800000.0,24,,,0.77296287,2,6,industrial,,4,-10.29,18.138428262436914,,,2,5,4835016288.0,-1122200000.0,-0.23209849422538284,0.19639923779486168,0.08211694545038017,4.784402883670362,True,sec,14,-0.2186608844207898,40230137.64,2026-11-04,,True,False,False,True,False,False,False,False,True,False,True,False,True,False,True,False,True,False,False,True
PRLB,"Proto Labs, Inc.",Industrials,,4,94.37,533127000.0,791298000.0,3.637000710343697,2241000.0,0,,74.89683,3.263591,2,6,industrial,,7,0.88,28.916310441433637,28.63160094344393,-2.2960084972687795,2,5,2116974464.0,25110000.0,0.011861267307190343,0.29968103040826594,0.01903115019443445,-1.465186884361085,True,sec,15,-0.06731092458214226,19822607.240000002,2026-10-30,,False,False,True,False,False,True,True,False,False,True,False,True,True,True,True,True,False,True,False,True
PRU,"Prudential Financial, Inc.",Financial Services,,4,113.13,60774000000.0,783554000000.0,0.777,20618000000.0,25,,10.256573,1.2367854,2,6,financial,,6,9.99,47.39119628858241,150.667899447641,0.2491433117821218,2,5,44485850112.0,,,,0.07496826125653967,7.101997262186775,False,sec,9,-0.003439456629664324,192905316.45,2026-10-28,,True,False,False,True,False,False,False,False,True,True,False,True,True,True,True,True,,True,,False
PRVA,"Privia Health Group, Inc.",Healthcare,,4,20.03,2122842000.0,1488581000.0,1.6160070865198504,8733000.0,0,,91.045456,3.2332525,2,6,industrial,,5,0.18,6.194703502335573,5.537621391667411,-2.617076463576873,2,5,2210793216.0,34235000.0,0.01548539218966013,0.15293804924571594,0.0,-8.27160320359702,True,sec,12,-0.09437511294313175,24350711.360000003,2026-11-05,,True,False,True,False,False,False,True,False,False,True,False,True,True,True,True,False,False,False,False,True
QDEL,QuidelOrtho Corporation,Healthcare,,4,10.38,2730200000.0,5715300000.0,1.3857459230924098,2891100000.0,0,,,0.39943048,2,6,industrial,,6,-16.69,25.986822840409957,,,1,5,3479512928.0,-919200000.0,-0.26417490580451725,0.22085868302913697,-0.008569667338213897,5.996079306644655,True,sec,12,-0.21643658250660508,14336617.260000002,2026-11-05,,True,False,False,False,False,True,False,False,False,False,True,False,True,True,True,False,True,False,True,True
QTWO,"Q2 Holdings, Inc.",Technology,,4,56.48,794809000.0,968418000.0,0.9445854729090115,40933000.0,0,,39.77465,5.473929,2,6,industrial,,7,0.8,10.318377164849263,18.156543885425236,-2.1107241750638495,1,5,3456301056.0,39897000.0,0.011543265286668361,0.44369580078024157,0.0014197312569123874,-2.8575252123258315,True,sec,15,-0.15433521475230738,42541131.36,2026-11-04,,False,False,True,False,False,True,False,False,False,True,False,True,True,True,True,True,False,False,True,True
RCL,Royal Caribbean Cruises Ltd.,Consumer Cyclical,,4,269.99,17935000000.0,44644000000.0,0.20875160875160875,22836000000.0,3,,16.676342,7.0543203,2,6,industrial,,7,15.61,33.684612239270294,118.07581556036541,-1.2865817078516775,2,5,94170383424.0,4910000000.0,0.05213953497346228,0.1982797240390646,0.02746180490638169,3.313367531683766,True,sec,13,-0.04921154018457127,645309038.78,2026-10-27,,True,False,False,True,False,False,False,False,True,True,False,True,True,True,True,True,True,False,True,False
RDNT,"RadNet, Inc.",Healthcare,,4,67.7,2040210000.0,4226351000.0,1.48426962749813,1332531000.0,0,,,4.857573,2,6,industrial,,3,-0.25,13.936891651224737,,,0,5,5934097208.0,61992000.0,0.010446744943177884,0.06265293411338323,0.0,2.8314115048174147,True,sec,12,-0.07511680880267635,50628497.2,2026-11-05,,True,False,True,False,False,False,False,False,False,False,False,False,True,False,True,True,False,False,False,False
RGLD,"Royal Gold, Inc.",Basic Materials,,4,232.33,1030471000.0,9449308000.0,2.924068337705851,395892000.0,27,,25.700222,2.592853,2,6,industrial,,4,6.69,89.60357588255349,135.00167792904688,-0.7209415732010841,3,5,19898247040.0,638167000.0,0.03207151859744928,0.07559601189843743,0.006021136169685374,0.26178995619743173,True,sec,13,-0.025246822306987982,162565715.27,2026-11-04,,False,True,True,False,False,False,False,True,True,True,False,True,True,False,True,,False,False,True,False
RHP,"Ryman Hospitality Properties, I",Real Estate,,4,120.94,2577061000.0,6191836000.0,1.313,4132595968.0,5,,29.497562,10.081694,2,6,financial,,4,3.77,11.85590481320701,33.26606304282273,-2.635536908720349,3,5,11793900544.0,487012000.0,0.04129354815085,0.1834688451050706,0.0012038892486482228,4.382982138801877,True,sec,11,-0.056074482592885215,82905700.34,2026-11-02,,True,True,False,False,False,False,False,True,True,True,False,True,True,False,True,True,False,False,False,False
RITM,Rithm Capital Corp.,Real Estate,,4,8.75,4590228000.0,54108868000.0,1.069,36015018000.0,14,,14.830509,0.7097664,2,6,financial,,2,1.04,15.252067984795843,12.79273977107046,0.3160182918918373,3,5,39236581568.0,,,,-0.07123876667450131,,False,sec,9,0.03436129914970685,49423937.5,2026-10-29,,True,True,False,False,False,False,False,True,True,False,True,True,False,False,False,True,,False,,False
RJF,"Raymond James Financial, Inc.",Financial Services,,4,159.76,15912000000.0,94237000000.0,2.109,6083999744.0,41,,13.772413,2.417017,2,6,financial,,5,10.3,66.09770762073829,131.34527060144293,-0.21633614418275748,4,5,20879706112.0,,,,0.013554950518174477,,False,sec,9,-0.0031728514277831426,192363661.04,2026-10-28,,True,True,False,False,False,False,True,True,True,True,False,True,True,False,True,False,,True,,True
RMBS,"Rambus, Inc.",Technology,,4,107.29,707630000.0,1612328000.0,9.753655167464974,21803000.0,0,,49.215595,7.934477,2,6,industrial,,6,2.11,13.522379896966855,25.75372070843965,-3.1659999816974183,2,5,10833700864.0,260218000.0,0.024019308200090246,0.3493178807289832,0.0006113340559887371,-0.5087534290770365,True,sec,15,-0.08035833899802025,274796083.34000003,2026-10-26,,False,False,True,False,False,True,True,False,False,True,False,True,True,True,True,True,False,False,False,True
ROAD,"Construction Partners, Inc.",Industrials,,4,90.15,2812356000.0,3612008000.0,1.5655580582170083,1786166000.0,0,,35.352943,4.8917465,2,6,industrial,,5,1.84,18.42900076690401,32.51713186093679,-1.7723847350847768,2,5,6808132280.0,224811000.0,0.03302095064463113,0.12156479166159101,0.004601180278769842,4.586682609792008,True,sec,13,-0.052469983455186144,78473411.4,2026-11-19,,True,True,False,False,False,False,False,True,False,True,False,True,True,False,True,False,True,False,True,False
RSI,"Rush Street Interactive, Inc.",Consumer Cyclical,,4,19.95,1134428000.0,793284000.0,2.1157800358637178,5148000.0,0,,64.35484,12.445415,2,6,industrial,,6,0.31,1.6029999803140351,3.343788964410203,-4.966285615611181,2,5,2120290560.0,87424000.0,0.041232084719558436,0.49511146071268297,0.0015666788500676733,-1.843206103117113,True,sec,13,-0.16601368488460627,57746631.6,2026-10-28,,False,False,True,False,False,True,True,False,False,True,False,True,True,True,True,True,True,False,False,False
RXO,"RXO, Inc.",Industrials,,4,21.36,5742000000.0,3459000000.0,1.2681336593317034,495000000.0,0,,,2.3390276,2,6,industrial,,5,-0.59,9.131700218287655,,,0,5,4002822144.0,-79000000.0,-0.019736075488244326,0.251754653646628,0.0,12.972972972972974,True,sec,12,-0.043654235328129516,37807862.16,2026-11-05,,True,False,False,False,False,True,False,False,False,False,False,False,True,True,True,False,True,False,False,True
RYAN,"Ryan Specialty Holdings, Inc.",Financial Services,,4,38.39,2994582000.0,11966635000.0,0.9980416500202912,3633155000.0,3,,51.878376,9.15137,2,6,financial,,5,0.740000033925503,4.195000311428781,8.357437309811713,-3.5935133674206283,3,5,13331202016.0,493640000.0,0.03702891902827197,,0.006336445217392843,6.893301942458395,False,sec,10,-0.04849049043444544,75013138.64,2026-10-29,,True,True,False,False,False,False,False,True,True,True,False,True,True,False,True,True,,False,,True
SABR,Sabre Corporation,Technology,,4,1.99,2770983000.0,4372441000.0,1.0247005705797605,4316632000.0,0,,,-0.7503771,2,6,industrial,,6,1.34,-2.6145655750703725,,,2,5,4443785560.0,295495000.0,0.06649623300004602,0.3576940203424129,0.0,9.069553952891646,True,sec,13,0.1448803997583958,8646185.83,2026-11-04,,True,False,False,False,False,True,False,False,False,True,True,True,False,True,False,True,True,False,True,True
SAFE,Safehold Inc. New,Real Estate,,4,11.79,385552000.0,7520024000.0,37.645,4653713000.0,9,,7.3229814,0.34346142,2,6,financial,,4,1.59,34.326611030581084,35.263232296141,0.6656574218441618,2,5,5472714968.0,100898000.0,0.018436553080138415,0.0506369394565762,0.06099238008699733,42.37592741493366,True,sec,11,0.00886366852020685,4262085.0,2026-10-29,,True,False,False,True,False,False,False,False,True,False,True,True,True,True,False,False,False,False,False,True
SARO,"StandardAero, Inc.",Industrials,,4,21.17,6062513000.0,6850114000.0,2.134682668707441,2325170000.0,0,,21.824741,2.4994097,2,6,industrial,,9,0.83,8.320955194777374,13.596240633058787,-0.5570480525716706,1,5,9151671416.0,551069000.0,0.0602151208178823,0.1310128561364088,0.0,2.881713312019207,True,sec,13,-0.005735379002451638,75261784.55000001,2026-11-10,,True,False,True,False,False,False,False,False,False,True,False,True,True,True,True,True,True,True,True,True
SBCF,Seacoast Banking Corporation of,Financial Services,,4,32.16,682184000.0,21360072000.0,,112910000.0,6,,21.298014,1.1281835,2,6,financial,,3,1.57,28.204152619054113,31.12059366835784,-0.033399309239366515,4,5,2796787184.0,,,,0.0,,False,sec,8,-0.0020215755827040285,29037199.679999996,2026-10-26,,True,True,False,False,False,False,False,True,True,True,True,True,True,False,True,False,,False,,False
SBRA,"Sabra Health Care REIT, Inc.",Real Estate,,4,19.2,356883000.0,5512610000.0,3.574,2626164000.0,17,,76.8,1.783061,2,6,financial,,6,0.64,10.767608723363182,7.78267289077635,-1.4670187568534347,2,5,7299465248.0,269836000.0,0.03696654355247915,0.09166024076909803,0.0590221759251237,6.939250745623342,True,sec,9,-0.03501136485258344,50153587.199999996,2026-11-04,,True,False,False,True,False,False,False,False,True,True,False,True,True,True,True,True,False,False,False,True
SEZL,Sezzle Inc.,Financial Services,,4,109.715,235878000.0,456471000.0,4.016800440667296,122115000.0,0,,24.060307,15.854768,2,6,financial,,7,3.72,6.920332689737116,26.645675741501503,-3.117553672287445,2,5,3737012224.0,176789000.0,0.047307578729504314,0.7882287390468956,0.017499607909179468,0.18396846204963926,True,sec,12,-0.1681968843584806,69088303.505,2026-11-04,,False,False,True,False,False,True,True,False,False,True,False,True,True,True,True,False,True,False,True,True
SFBS,"ServisFirst Bancshares, Inc.",Financial Services,,4,39.75,585216000.0,18345498000.0,,1641490048.0,13,,13.566552,2.197468,2,6,financial,,6,5.06,36.1785437964093,34.532845881012285,-0.15107802400543943,3,5,5611981312.0,,,,0.016833220537910042,,False,mixed,7,-0.004284647928336423,22786369.5,2026-10-19,,True,True,False,False,False,False,False,True,True,True,False,True,True,True,True,True,,False,,True
SHAK,"Shake Shack, Inc.",Consumer Cyclical,,4,60.19,1445306000.0,1950280000.0,1.6684590319532544,248255000.0,0,,63.357895,4.46414,2,6,industrial,,7,1.09,13.483000085122777,16.976428529654296,-2.5455042793518414,1,5,2515312520.0,62508000.0,0.024850987502737832,0.3627759387282731,0.0,-0.35307022731035786,True,sec,11,-0.08852318641425846,99232905.59,2026-10-29,,False,False,True,False,False,True,False,False,False,True,False,True,True,True,True,True,False,False,True,True
SIRI,SiriusXM Holdings Inc.,Communication Services,,4,25.64,8558000000.0,27185000000.0,0.457740916271722,9455000000.0,11,,10.297189,0.72558504,2,6,industrial,,6,2.23,35.3353115727003,44.49444335200314,0.42374826903311086,2,5,17923394112.0,1471000000.0,0.08207150893452383,0.16509104285451537,0.05797004782556253,4.902799788695193,True,sec,13,-0.04020599595365091,103677775.8,2026-11-05,,True,False,False,True,False,False,False,False,True,False,True,True,True,True,True,True,False,True,False,False
SJM,The J.M. Smucker Company,Consumer Defensive,,4,115.95,9050900000.0,16203200000.0,0.869975533030409,6737800000.0,27,,55.214287,2.1538432,2,6,industrial,,5,-1.3,53.846441947565545,50.43467610892357,-1.2990134753633245,1,5,19080748352.0,360200000.0,0.01887766629248819,0.18727782166485632,0.03796983425634978,9.474384375884517,True,sec,14,-0.09950503604226325,159772954.65,2026-11-24,,True,False,False,True,False,False,False,False,True,False,False,False,True,True,True,True,False,False,False,True
SKT,Tanger Inc.,Real Estate,,4,34.45,627747968.0,2859693000.0,0.743,1860963000.0,34,,32.196262,5.8718257,2,6,financial,,5,1.069999989439768,5.866764722311405,11.884780937823766,-1.898665123087088,3,5,5782303496.0,185361000.0,0.03205660168620108,0.1525085636875551,0.015374123558887537,5.738849538455227,True,mixed,5,,30665736.400000002,2026-11-04,,True,True,False,False,False,False,False,True,True,True,False,True,True,True,True,True,False,False,False,False
SLG,SL Green Realty Corp,Real Estate,,4,48.77,1003046000.0,11758750000.0,2.466,6298141184.0,30,,,1.0813028,2,6,financial,,4,-1.61,49.72051628142399,,,2,5,10782140416.0,651931000.0,0.060463968641381864,0.03745905633936131,0.06513273400689018,17.26997383004926,True,sec,10,-0.015293037100031891,44821239.410000004,2026-10-21,,True,False,False,True,False,False,False,False,True,False,True,False,True,False,True,True,False,False,False,True
SNDK,Sandisk Corporation,Technology,,4,1787.69,7355000000.0,22507000000.0,2.2899122021143166,0.0,0,,24.233294,16.927118,2,6,industrial,,8,-11.32,107.78082191780823,418.68339141239744,-3.269789623059468,2,5,256989783424.0,-1377000000.0,-0.0053581896589567045,0.09828053494468388,0.0,-0.3614963955881564,True,sec,14,-0.07664282223308304,23793315473.39,2026-10-29,,True,False,True,False,False,False,True,False,False,True,False,True,True,True,True,True,False,True,True,True
SNEX,StoneX Group Inc.,Financial Services,,4,65.4,3067600000.0,54046000000.0,1.065,23419500544.0,0,,17.868853,2.7593772,2,6,financial,,4,5.89,23.700849675460866,44.17892393709781,-0.48034388735037736,2,5,-7119765504.0,-64700000.0,,0.07635902749509677,0.0,,False,sec,11,-0.07553565481256708,64162893.60000001,2026-11-23,,True,True,False,False,False,False,False,True,False,True,False,True,True,False,True,True,False,False,False,False
SNPS,"Synopsys, Inc.",Technology,,4,490.54,7054178000.0,47726263000.0,1.3369275361152388,10037360000.0,0,,75.700615,3.0170922,2,6,industrial,,3,8.04,162.58729678244305,153.96488816634024,-2.1860510915321907,2,5,100435127416.0,914927000.0,0.00910963149586492,0.11378701491880897,0.0,4.081418370566164,True,sec,15,-0.00390535500338671,915951004.2,2026-08-26,,True,True,False,False,False,False,False,True,False,True,False,True,True,False,True,False,False,False,False,False
SO,Southern Company (The),Utilities,,4,83.47,28942000000.0,157031000000.0,0.6502807154981068,74522000000.0,45,,20.113253,2.4265947,2,6,utility,,4,3.92,36.28363636363636,56.673742413276166,-0.47281609517367335,3,5,169561799488.0,7285000000.0,0.04296368652607726,0.0919856152067814,0.01449685909118016,5.523169357867067,True,sec,12,-0.03477657277862333,467016736.75,2026-11-05,,True,True,False,False,False,False,False,True,True,True,False,True,True,False,True,False,False,False,False,True
SPG,"Simon Property Group, Inc.",Real Estate,,4,200.81,6364505000.0,39709266000.0,0.266,28699607000.0,33,,14.171489,14.786098,2,6,financial,,5,14.17,13.581000207086413,65.80244987676133,-2.051710086419103,3,5,103912703904.0,3175396000.0,0.030558304044648835,0.12836593561232343,0.002975462284850651,6.015124888658159,True,sec,9,0.030913918177183128,272106988.07,2026-11-02,,True,True,False,False,False,False,False,True,True,True,False,True,True,True,False,True,False,True,False,False
SRPT,"Sarepta Therapeutics, Inc.",Healthcare,,4,17.57,1864296000.0,3188512000.0,4.421930054801276,847623000.0,0,,,1.214656,2,6,industrial,,3,-7.13,14.464565177256954,,,1,5,1915000752.0,-699781000.0,-0.3654207442316451,0.576694081753495,0.002701163752514922,,True,sec,14,-0.15930032566915225,53195757.79,2026-11-04,,True,False,False,False,False,True,True,False,False,False,False,False,False,False,True,True,False,False,False,True
ST,Sensata Technologies Holding pl,Technology,,4,42.35,3704500000.0,6585400000.0,2.2914880587875075,2424800000.0,5,,68.30645,2.0831282,2,6,industrial,,5,0.21,16.676056338028168,16.840532397585278,-1.514766101223288,1,5,8184943200.0,237500000.0,0.029016694947864758,0.16465210921128556,0.03098917176684617,4.092933792265641,True,sec,13,-0.08962249825371275,62874207.550000004,2026-10-27,,True,False,False,True,False,False,False,False,True,False,False,True,True,False,True,True,False,True,False,False
STAA,STAAR Surgical Company,Healthcare,,4,22.38,239442000.0,475205000.0,4.664591110989999,35941000.0,0,,279.75,3.0699587,2,6,industrial,,1,-1.62,7.290026534724578,3.6224302107113524,-5.178172855842305,1,5,976674368.0,-91713000.0,-0.09390335510473845,0.3838764322765964,0.0057573261489602,-2.355297001848726,True,sec,15,-0.0972590776612199,22797812.22,2026-11-11,,False,False,True,False,False,True,True,False,False,False,False,False,False,False,True,False,False,False,False,False
STAG,"Stag Industrial, Inc.",Real Estate,,4,35.72,845184000.0,7476995000.0,1.816,3452985000.0,16,,27.476925,1.8966708,2,6,financial,,6,1.299999909014564,18.832750734305478,23.470517533779432,-0.5219093464211331,3,5,10417069432.0,411430000.0,0.03949575287807297,0.09341739098224504,0.01810548155659725,5.3861888731308,True,sec,8,-0.025393757786383434,60005277.879999995,2026-10-27,,True,True,False,False,False,False,False,True,True,True,False,True,True,True,True,False,True,False,False,True
STEP,StepStone Group Inc.,Financial Services,,4,44.71,1993603000.0,7767674000.0,0.639,270246000.0,6,,,-6.828039,2,6,financial,,4,-6.78,-6.548,,,2,5,5338487848.0,-872667000.0,-0.16346707622963572,0.13396169164336977,0.021277890299405064,,True,sec,8,-0.1042470371439378,55812476.620000005,2026-11-05,,True,False,False,True,False,False,False,False,True,False,True,False,True,False,True,False,True,False,False,True
SUI,"Sun Communities, Inc.",Real Estate,,4,110.0,2306100000.0,10867600000.0,0.597,4074800128.0,34,,141.02565,2.4415145,2,6,financial,,7,10.84,45.053697969147876,28.119347267986008,-2.9118973478177232,2,5,17381904384.0,172400000.0,0.009918360853411077,0.09429125841458448,0.1139235283183345,3.3669834874605615,True,sec,9,0.05058154514336192,183666120.0,2026-10-28,,True,False,False,True,False,False,False,False,True,True,False,True,True,True,False,True,False,True,True,True
SUPN,"Supernus Pharmaceuticals, Inc.",Healthcare,,4,42.18,718952000.0,1428109000.0,2.08273408218137,40170000.0,0,,,2.3790188,2,6,industrial,,4,-0.68,17.72951927668686,,,1,5,2119900416.0,-62283000.0,-0.029380153676048903,0.45121905960959563,-0.01531661867850377,-0.7993878585917126,True,sec,13,-0.06017117741012766,33189881.34,2026-11-03,,False,False,True,False,False,True,True,False,False,False,False,False,True,False,True,False,False,False,True,True
SXI,Standex International Corporati,Industrials,,4,285.12,790107000.0,1585708000.0,2.403993621359731,517950000.0,40,,32.847923,4.5508523,2,6,industrial,,6,4.64,62.65199172730297,110.61616920705279,-1.5775616896143696,2,5,3840907136.0,93549000.0,0.024355965059187516,0.1988058331042033,0.006486294512526647,2.629846418631335,True,sec,14,-0.007511471216642661,40065062.4,2026-10-29,,False,True,True,False,False,False,False,True,True,False,False,True,True,True,False,True,False,False,True,True
SYNA,Synaptics Incorporated,Technology,,4,106.15,1197200000.0,2102000000.0,1.1222016255525453,837300000.0,0,,,4.4610214,2,6,industrial,,5,-12.62,23.79509278882993,,,0,5,4608149632.0,-67100000.0,-0.014561159111249972,0.25470980019029493,0.022001497168891965,4.679956896551724,True,sec,15,-0.30456707897240726,76964269.8,2026-11-05,,False,False,False,True,False,True,False,False,False,False,False,False,True,False,True,True,False,False,True,True
TDG,Transdigm Group Incorporated,Industrials,,4,1097.24,8831000000.0,26754000000.0,3.019036519036519,32760000000.0,4,,33.229557,-6.5322013,2,6,industrial,,6,32.08,-156.05545519454424,,,4,5,90638614208.0,4165000000.0,0.04595171755872219,0.19851237198175975,0.010865333241420595,6.616725507502206,True,sec,14,0.0013455931823278763,429276496.92,2026-11-05,,True,True,False,False,False,False,False,True,True,True,True,True,True,True,False,False,True,False,True,True
TDS,"Telephone and Data Systems, Inc",Communication Services,,4,35.2,1070903000.0,8383340000.0,3.818214009577088,680090000.0,40,,8.8,0.9891252,2,6,industrial,,8,-0.65,44.916753535564126,56.593552081272996,0.37802101643222696,3,5,2538159200.0,-97385000.0,-0.038368357666453703,0.08632065311289673,0.04832057742545859,-7.348610538067616,True,sec,12,-0.06794987343946446,44509027.2,2026-11-09,,False,False,True,True,False,False,True,False,True,False,True,False,True,True,True,True,True,True,True,True
TDW,Tidewater Inc.,Energy,,4,82.18,1352786000.0,2366260000.0,3.581912431731926,653203000.0,0,,16.669373,2.9348953,2,6,industrial,,7,6.64,28.000506562592346,55.731593055052706,-0.4745675746038889,2,5,4128626168.0,282596000.0,0.06844795060166367,0.16902389741385415,0.022032214077195546,0.09144529169385576,True,sec,12,-0.019274297837093134,52116583.68000001,2026-11-09,,False,False,True,True,False,False,True,False,False,True,False,True,True,True,True,True,True,True,False,False
TEX,Terex Corporation,Industrials,,4,54.94,5421000000.0,10344000000.0,1.817985998922994,2687000000.0,14,,26.287083,1.2672417,2,6,industrial,,6,3.33,36.64434523809524,45.15220753306701,-0.21677328754668174,2,5,8559641600.0,475000000.0,0.055492977649905344,0.10160479505027069,0.016083720446721034,3.607594936708861,True,sec,14,-0.02117169373549884,65180706.12,2026-10-29,,True,True,False,False,False,False,False,True,True,False,False,True,True,False,True,True,True,True,False,False
TFC,Truist Financial Corporation,Financial Services,,4,46.28,19028000768.0,556023000000.0,,69861000000.0,40,,10.63908,0.963404,2,6,financial,,6,3.82,52.466957972407265,68.56908425691715,0.32506025854747594,2,5,87109862720.0,,,,0.09148013793433213,,False,mixed,7,-0.0007769462774021938,331480268.6,2026-10-16,,True,False,False,True,False,False,False,False,True,False,True,True,True,True,True,False,,True,,True
TFIN,"Triumph Financial, Inc.",Financial Services,,4,61.13,454558016.0,7403685000.0,,156887008.0,0,,40.483444,1.5906844,2,6,financial,,4,0.93,40.31310587855291,36.13390663538794,-0.6917628258919561,1,5,765749056.0,,,,0.003719518270503776,,False,sec,8,-0.005633140794077544,14583356.190000001,2026-10-22,,True,True,False,False,False,False,False,True,False,False,False,True,True,True,True,False,,False,,False
TFX,Teleflex Incorporated,Healthcare,,4,126.11,1992713000.0,6786778000.0,2.6040126100288874,2808009000.0,40,,,1.8397329,2,6,industrial,,5,-20.25,60.263792352221095,,,1,5,7851432720.0,118373000.0,0.015076611393289759,0.16513786070503558,0.0674206836270329,8.469290232379073,True,sec,14,-0.14768745935110889,80539647.06,2026-10-29,,True,False,False,True,False,False,False,False,True,False,False,False,True,False,True,False,True,True,False,True
TGTX,"TG Therapeutics, Inc.",Healthcare,,4,53.62,616287000.0,1639629000.0,4.267101935618434,745387000.0,0,,19.569342,13.033545,2,6,industrial,,5,2.77,3.946248660092963,15.925705456166678,-2.3668838185901215,2,5,8401480504.0,123324000.0,0.014678841418638611,0.31444491406287645,0.011115521930409196,1.565361516578459,True,sec,14,0.28785292282583436,109988829.3,2026-11-02,,False,False,True,False,False,True,True,False,False,True,False,True,False,True,False,True,False,True,False,True
TMDX,"TransMedics Group, Inc.",Healthcare,,4,78.64,605494000.0,1464396000.0,6.624991097137857,20000000.0,0,,21.604395,5.2566843,2,6,industrial,,7,4.87,14.959796627644458,35.00320098251858,-1.2466516716363931,2,5,2255740376.0,108583000.0,0.048136302012089356,0.2477512913173759,0.0,-3.4699855636085086,True,sec,14,-0.0017345035086137903,63609143.6,2026-10-29,,False,False,True,False,False,True,True,False,False,True,False,True,True,True,True,True,False,False,True,True
TMO,Thermo Fisher Scientific Inc,Healthcare,,4,652.51,44556000000.0,113174000000.0,1.5505342093038688,42549000000.0,15,,35.15679,4.579885,2,6,industrial,,5,17.74,118.20077441869667,243.9195088662106,-1.6751037792467043,2,5,279748804416.0,7746000000.0,0.027689126379540567,0.1652936751764951,0.015070640242954196,4.3752842201000455,True,sec,13,-0.0096930390372347,1336976024.74,2026-10-21,,True,True,False,False,False,False,False,True,True,False,False,True,True,False,True,False,True,True,False,False
TPC,Tutor Perini Corporation,Industrials,,4,83.26,5543039000.0,5361142000.0,1.285239355547108,396345000.0,2,,35.5812,,2,6,industrial,,7,1.51,24.086575393685994,,,2,5,3838830160.0,231961000.0,0.060424918616352644,0.12077930411095247,0.0007229437953589592,-1.9230523536426096,True,sec,14,-0.12453037058149177,54916381.02,2026-11-04,,True,False,True,False,False,False,False,False,True,True,False,True,True,True,True,True,False,False,True,True
TRNO,Terreno Realty Corporation,Real Estate,,4,63.98,476383000.0,5711884000.0,0.62,942470000.0,16,,17.198925,1.5549507,2,6,financial,,6,3.91,41.145531839817984,58.68492195880809,-0.0902289355502357,3,5,7863182384.0,435849000.0,0.055429084398050506,0.06705223360516162,-0.010590625815155607,3.0365064191649966,True,sec,9,0.022957398994797512,49368055.66,2026-11-04,,True,True,False,False,False,False,False,True,True,True,False,True,True,True,False,True,False,False,True,True
TTMI,"TTM Technologies, Inc.",Technology,,4,126.5,2906345000.0,4415709000.0,1.7800298583744671,973456000.0,0,,56.726456,7.148104,2,6,industrial,,7,1.68,18.363137560160617,29.798439918094527,-3.2451886859749766,2,5,13792181912.0,264684000.0,0.019190872168652992,0.1362603378075865,0.001341299246451285,1.2416083934734023,True,sec,14,-0.025915204104255966,315190183.0,2026-11-04,,True,False,True,False,False,False,True,False,False,True,False,True,True,True,True,True,False,False,True,True
TTWO,"Take-Two Interactive Software, ",Communication Services,,4,203.62,6656400000.0,9064200000.0,1.0623293576663313,2519700000.0,0,,,10.752495,2,6,industrial,,7,-1.62,19.29625668449198,,,1,5,38766058976.0,-104200000.0,-0.0026879183170130873,0.4203018468259747,-0.03276603745945738,7.349946977730647,True,sec,15,-0.10177401204739525,474549645.3,2026-11-09,,True,False,False,False,False,True,False,False,False,True,False,False,True,True,True,True,True,False,True,True
TXNM,"TXNM Energy, Inc.",Utilities,,4,58.53,2136924000.0,12138370000.0,0.5496297310111887,5678399000.0,31,,31.809782,1.8285482,2,6,utility,,5,1.48,31.298354723033196,36.40292076799881,-0.6078380186309867,2,5,12118439672.0,441179000.0,0.03640559444458486,0.05402957728261702,-0.10354159704670224,6.135672543715531,True,sec,13,-0.03416134126740246,77426820.21000001,2026-10-30,,True,True,False,False,False,False,False,True,True,False,False,True,True,False,True,False,True,False,False,True
UA,"Under Armour, Inc.",Consumer Cyclical,,4,4.53,4930229248.0,4415694000.0,1.81,1376077056.0,0,,,1.362406,2,6,industrial,,2,-1.15,3.32500003669978,,,0,5,2925937408.0,-35393000.0,-0.0120962943032307,0.5115522044779371,0.01284791242349798,6.165856657168473,True,yahoo,0,,11883064.290000001,2026-11-05,UAA,True,False,False,False,False,True,False,False,False,False,False,False,False,False,True,True,False,False,False,False
UAA,"Under Armour, Inc.",Consumer Cyclical,,4,4.64,4966370000.0,4098087000.0,1.8104913803446334,591158000.0,0,,,1.3954886,2,6,industrial,,2,-1.16,3.32500029022093,,,1,5,2188268200.0,-163112000.0,-0.07453930921264587,0.5511981566033127,0.012543329678039821,6.165856657168473,True,sec,13,-0.10262227229436564,39698039.68,2026-11-05,,True,False,False,False,False,True,True,False,False,False,False,False,False,False,True,True,False,False,False,False
UMBF,UMB Financial Corporation,Financial Services,,4,129.79,2813897984.0,72255560000.0,,480126000.0,41,,10.788861,1.332382,2,6,financial,,6,9.29,105.74130157611927,162.37916885667335,0.2006979656697142,3,5,4727832432.0,,,,-0.008307638630343806,,False,sec,8,-0.004488166723778765,78463116.81,2026-10-27,,True,True,False,False,False,False,False,True,True,True,False,True,True,True,True,True,,False,,True
UNFI,"United Natural Foods, Inc.",Consumer Defensive,,4,44.78,31784000000.0,7109000000.0,1.2871205906480723,1861000000.0,0,,33.417908,1.70098,2,6,industrial,,8,-1.95,26.882255389718075,28.173195902405066,-0.5894540383392308,1,5,4524998912.0,-31000000.0,-0.006850830376509049,0.5938950625967084,0.0,6.289655172413793,True,sec,14,-0.08271205514137009,25553930.900000002,2026-12-01,,True,False,False,False,False,True,False,False,False,True,False,True,True,True,True,True,False,True,True,True
UTL,UNITIL Corporation,Utilities,,4,50.6,536000000.0,2220900000.0,0.4907292954264524,956000000.0,40,,16.114649,1.4878852,2,6,utility,,5,2.97,35.31774780198183,49.01698998548101,-0.03229512899482165,3,5,1869575680.0,101200000.0,0.054129929631947286,0.10364539405866367,-0.04703201540812172,4.57515710760654,True,sec,11,-0.036516727452834435,6167077.4,2026-11-02,,True,True,False,False,False,False,False,True,True,True,False,True,True,False,True,True,False,False,True,False
VAC,Marriott Vacations Worldwide Co,Consumer Cyclical,,4,103.12,4672000000.0,9479000000.0,4.549,5523999744.0,13,,,1.7242417,2,6,industrial,,6,-8.84,59.806445756716684,,,1,5,8859845632.0,-130000000.0,-0.014672941877278974,0.19350210105565235,0.04821185554677004,8.839377796200345,True,sec,9,-0.035446777086190526,49012936.0,2026-11-04,,True,False,False,True,False,False,False,False,True,False,False,False,True,False,True,False,True,True,True,True
VAL,Valaris Limited,Energy,,4,79.56,11900000.0,5448400000.0,1.5471089313371194,1087600000.0,0,,5.9999995,1.737004,2,6,industrial,,7,13.86,46.474747474747474,116.89879033989808,0.31941126363524214,2,5,6070712576.0,477000000.0,0.07857397200548999,-0.2969312091623229,0.018101799748704156,0.8766244184180972,True,sec,13,0.07945451875780045,85827259.44,2026-10-28,,False,True,True,False,False,False,False,True,False,True,False,True,True,True,False,True,True,True,True,False
VCEL,Vericel Corporation,Healthcare,,4,39.44,276259000.0,502866000.0,5.0394045534150615,93133000.0,0,,82.166664,5.4542937,2,6,industrial,,8,0.32,7.2314592249516325,8.837126625788338,-3.462989121928719,2,5,1950263808.0,11044000.0,0.005662823641959314,0.4088544463137297,-0.006899424060203176,-0.2233742055594787,True,sec,15,-0.070380578523901,19716647.599999998,2026-11-05,,False,False,True,False,False,True,True,False,False,True,False,True,True,True,True,True,True,False,True,True
VCYT,"Veracyte, Inc.",Healthcare,,4,44.19,517145000.0,1486366000.0,9.161805024228514,40107000.0,0,,31.564285,2.5578837,2,6,industrial,,8,0.82,17.2764454380135,23.327966629732902,-0.8942928332072103,2,5,3107341312.0,57777000.0,0.018593708961701597,0.2439049332398615,0.0,-2.840778751706823,True,sec,14,-0.047032157624703474,59008144.32,2026-11-03,,False,False,True,False,False,True,True,False,False,True,False,True,True,True,True,True,True,False,True,True
VSH,"Vishay Intertechnology, Inc.",Technology,,4,34.27,3069048000.0,5156366000.0,1.8022310394387082,972287000.0,13,,180.36842,1.8045391,2,6,industrial,,5,-0.07,168.86359420289855,9.010356298271624,-2.8034012047418937,2,5,4931282128.0,56868000.0,0.011532092166680429,0.11536865303975707,0.0023834237317555762,-1.1541728514307223,True,sec,14,-0.03748919297039814,155373737.24,2026-11-04,,True,False,True,False,False,False,True,False,True,False,False,False,True,True,True,False,False,True,False,True
VST,Vistra Corp.,Utilities,,4,139.75,17586000000.0,42603000000.0,0.9733825897508762,19595000000.0,8,,23.526936,15.619761,2,6,utility,,5,2.18,16.317354240247557,34.57985738989392,-3.0413700503242223,2,5,66065020416.0,1906000000.0,0.028850365715445903,0.14040914560770157,0.028440452390144418,4.922918807810894,True,sec,12,-0.07337511442856137,624153406.5,2026-11-06,,True,False,False,True,False,False,False,False,True,True,False,True,True,False,True,True,False,True,False,False
VSTS,Vestis Corporation,Industrials,,4,13.78,2734839000.0,2830498000.0,2.165917040177723,1086134000.0,3,,,2.0749888,2,6,industrial,,3,-0.31,6.641136629083896,,,1,5,2849641208.0,64431000.0,0.02261021486463569,0.24932299012693934,0.007589642251916855,4.9577484478037865,True,sec,12,-0.03690234015357015,19239580.88,2026-11-19,,True,False,False,False,False,True,False,False,True,False,False,False,True,False,True,False,True,False,False,False
VTOL,"Bristow Group, Inc.",Energy,,4,40.3,1490512000.0,2382573000.0,2.259706615233486,745480000.0,1,,11.58046,1.0966882,2,6,industrial,,7,4.32,36.747351730652454,53.64037612758851,0.2487002718969982,3,5,1627755544.0,158806000.0,0.097561332587911,0.4306177450318246,0.01273509932603976,1.8910094947069738,True,sec,12,-0.029099633043772426,9880310.7,2026-11-03,,False,False,True,False,False,True,False,False,True,True,True,True,True,True,True,True,True,False,True,False
VTRS,Viatris Inc.,Healthcare,,4,17.46,14250400000.0,35044600000.0,1.5846229001859498,13348600000.0,6,,,1.3870351,2,6,industrial,,5,-3.0,11.328710072908532,,,1,5,32475794880.0,-2663100000.0,-0.08200261178641857,0.1430605571186431,0.024827475622141534,91.87426035502959,True,sec,15,-0.1663822671681229,163284854.94,2026-11-05,,True,False,False,True,False,False,False,False,True,False,False,False,True,False,True,True,False,True,False,True
VVV,Valvoline Inc.,Consumer Cyclical,,4,30.78,1710300000.0,3481600000.0,0.7015293537247164,1602000000.0,0,,38.0,11.115927,2,6,industrial,,6,1.64,3.2656739811912225,7.103873728152701,-3.3328472855617703,1,5,5443360576.0,389900000.0,0.07162854537307065,0.18913717830882354,0.019564084800916853,3.0675020210185933,True,sec,14,-0.024844898897058824,71850277.26,2026-11-18,,True,True,False,False,False,False,False,True,False,False,False,True,True,False,True,True,False,True,True,False
VYX,NCR Voyix Corporation,Technology,,4,6.84,2687000000.0,3852000000.0,1.071907957813998,1101000000.0,0,,24.428572,1.0163448,2,6,industrial,,4,0.3,6.729651162790698,6.511451135044631,-0.050457088311255095,2,5,1808398144.0,26000000.0,0.014377364899573796,0.1616934455496047,0.07835678253937779,3.3618677042801557,True,sec,12,0.07061266874350987,17260391.16,2026-11-05,,True,False,False,True,False,False,False,False,False,True,True,True,False,False,False,False,False,True,True,True
WAT,Waters Corporation,Healthcare,,4,425.53,3165286000.0,24751000000.0,1.8611921634014172,4886000000.0,0,,111.10444,2.7507498,2,6,industrial,,4,10.76,154.69585136166964,115.45963761046973,-2.6855303620094984,1,5,46128026816.0,802588000.0,0.01739914007597684,0.07581366409438002,0.00035104450794357425,4.8802557896202226,True,sec,13,-0.000401034301644378,325227472.64,2026-11-03,,True,True,False,False,False,False,False,True,False,False,False,True,True,False,True,True,False,False,False,False
WEC,"WEC Energy Group, Inc.",Utilities,,4,101.73,9800100000.0,52750400000.0,0.5340987635358267,22563900000.0,41,,19.753399,,2,6,utility,,5,4.81,44.7231167536076,,,3,5,55662557664.0,2244900000.0,0.04033052188422701,0.12387204646789408,0.011680714312015889,6.046597196111081,True,sec,13,-0.03457604112954594,242102852.61,2026-10-29,,True,True,False,False,False,False,False,True,True,True,False,True,True,False,True,True,False,False,False,True
WELL,Welltower Inc.,Real Estate,,4,226.94,8452996000.0,69875180000.0,1.317,17726253000.0,40,,102.22523,3.515016,2,6,financial,,7,1.39,64.56282685668435,56.78839680679131,-2.9962388931687594,3,5,179287712232.0,171930000.0,0.0009589614249610199,0.02812035689925951,0.01148002057950304,4.396533793596381,True,sec,10,-0.027832944401717463,644664373.08,2026-10-26,,True,True,False,False,False,False,False,True,True,True,False,True,True,False,True,True,True,False,True,True
WH,"Wyndham Hotels & Resorts, Inc.",Consumer Cyclical,,4,71.49,1429000000.0,4332000000.0,0.9880715705765407,2675000000.0,9,,25.996363,11.170312,2,6,industrial,,5,2.5,6.307490144546649,19.899749431066233,-2.5925075462706237,2,5,7911352704.0,402000000.0,0.05081305499080426,,0.07407613064136065,5.616379310344827,False,sec,12,-0.04016620498614958,91993332.0,2026-10-21,,False,True,False,True,False,False,False,True,True,False,False,True,True,False,True,False,False,True,,True
WHD,"Cactus, Inc. Class A Common Sto",Energy,,4,62.19,1079051000.0,2584653000.0,2.586880572853563,0.0,8,,52.2605,3.4934275,2,6,industrial,,5,1.1900000956745533,17.802001043387904,21.832283807670635,-1.848533875239838,4,5,3970884536.0,250501000.0,0.06308443313547911,0.15453447716192464,0.010000217824335121,-1.163497288615365,True,sec,11,-0.03575064041478682,48491968.41,2026-11-04,,False,True,True,False,False,False,True,True,True,True,False,True,True,False,True,True,True,False,False,False
WRBY,Warby Parker Inc.,Healthcare,,4,27.49,871905000.0,772315000.0,2.2684120381698065,250979008.0,0,,458.1667,8.977792,2,6,industrial,,6,0.01,3.0620000998018218,2.033150224157178,-12.520889737203603,1,5,3356290304.0,-5336000.0,-0.0015898505542385883,0.6093096728666412,0.0,-0.8531636924857722,True,sec,13,-0.14132057515392035,76989263.72,2026-11-05,,False,False,True,False,False,True,False,False,False,True,False,True,True,True,True,True,False,False,False,True
WSC,WillScot Holdings Corporation,Industrials,,4,17.22,2281446000.0,5865509000.0,0.8114756963662528,3495300000.0,2,,,3.423459,2,6,industrial,,3,-0.29,5.0297291807709,,,1,5,6597241288.0,181454000.0,0.0275045268285176,0.19837766850242664,0.04509939624249349,12.52998324354516,True,sec,13,-0.13894531574327137,46225746.839999996,2026-11-09,,True,False,False,True,False,False,False,False,True,False,False,False,True,False,True,False,False,True,False,False
WTFC,Wintrust Financial Corporation,Financial Services,,4,143.55,265635000.0,74668135000.0,,4513912832.0,27,,11.392857,1.3638178,2,6,financial,,6,11.4,111.34877975308208,172.7428002921318,0.1689957569447916,3,5,10324146176.0,,,,0.017496545779125502,,False,sec,9,-0.0011564236872931137,79805474.10000001,2026-10-19,,True,True,False,False,False,False,False,True,True,True,False,True,True,True,True,True,,False,,True
XEL,Xcel Energy Inc.,Utilities,,4,70.55,14616000512.0,87165000000.0,0.7013376383763837,39457000000.0,42,,19.328768,1.8311359,2,6,utility,,5,3.42,38.52783244802518,56.25043714581188,-0.2542124751336762,3,5,81514950592.0,2583000000.0,0.031687438699784964,0.08509174030059849,-0.04690483610497736,6.745991713204828,True,sec,11,-0.023690701543050537,370896518.25,2026-10-29,,True,True,False,False,False,False,False,True,True,True,False,True,True,False,True,False,True,False,True,False
ADEA,Adeia Inc.,Technology,,4,25.34,443386000.0,1013499000.0,3.2471942256062674,386015000.0,15,,23.247705,5.8548985,1,6,industrial,,7,0.99,4.327755709129165,10.302630903170808,-1.4595659339985856,2,5,3043433072.0,175003000.0,0.057501839488455164,,0.015424946972392483,1.406700835767929,False,sec,13,-0.04638485089773152,27612921.98,2026-11-02,,False,False,True,False,False,False,False,False,True,True,False,True,True,True,True,True,True,False,,True
AGNC,AGNC Investment Corp.,Real Estate,,4,8.95,2400999936.0,121760000000.0,0.192,89944997888.0,19,,4.4527364,0.9853572,1,6,financial,,5,1.47,10.773922006528087,20.26767605884845,0.5584101515135174,3,5,83373056000.0,,,,-0.03506106711978494,,False,mixed,7,0.008352496714848882,220943244.2,2026-10-19,,True,False,False,False,False,False,False,False,True,True,True,True,True,True,False,True,,False,,True
AHCO,AdaptHealth Corp.,Healthcare,,4,5.68,3244857000.0,4340869000.0,1.124452208930475,1887934000.0,0,,,0.5495356,1,6,industrial,,5,-0.52,10.113093734771065,,,1,5,2597734032.0,90873000.0,0.03498164126141764,0.14034033277668595,0.0,3.8916455160744503,True,sec,13,-0.15493787073509935,15881592.399999999,2026-11-03,,True,False,False,False,False,False,False,False,False,False,True,False,True,False,True,True,False,True,False,True
AHR,"American Healthcare REIT, Inc.",Real Estate,,4,50.69,2094506000.0,5703918000.0,1.314,1567410048.0,3,,74.54411,2.6711283,1,6,financial,,7,0.42,18.976657677664893,17.03960444865051,-1.9748343133642698,2,5,12507260928.0,415160000.0,0.03319351874002896,0.052766361648256516,-0.08983881079339824,3.2466648204050435,True,sec,11,-0.039205156876378655,148790559.76,2026-11-05,,True,False,False,False,False,False,False,False,True,True,False,True,True,True,True,True,True,False,True,False
AIN,Albany International Corporatio,Consumer Cyclical,,4,59.05,1182813000.0,1711365000.0,2.2381960165122607,450669000.0,26,,,2.2466993,1,6,industrial,,3,-1.94,26.283001022878317,,,2,5,2048636224.0,-36103000.0,-0.01762294329127317,0.14252950130451422,0.13041657262670908,7.205419698519619,True,sec,13,-0.1226015490558706,15679310.299999999,2026-11-04,,False,False,False,True,False,False,True,False,True,False,False,False,True,False,True,False,False,True,False,False
AKR,Acadia Realty Trust,Real Estate,,4,18.68,410757000.0,4617507000.0,1.245,1637018000.0,28,,53.37143,1.0978549,1,6,financial,,5,0.1,17.01520985641757,11.575539441188312,-0.6137476870868287,3,5,4327525776.0,49426000.0,0.01142130689876219,0.059382463069177896,-0.06468628031969782,7.7534548512927595,True,sec,10,-0.03250368651309029,25446773.96,2026-10-27,,True,False,False,False,False,False,False,False,True,True,True,True,True,False,True,False,False,False,True,True
ALGT,Allegiant Travel Company,Industrials,,4,75.46,2324348000.0,6444465000.0,0.8319736589771287,2779454000.0,0,,65.61739,1.1535227,1,6,industrial,,7,-2.48,65.41700479756489,41.142010558356574,-0.8341349626792341,1,5,3788886008.0,37167000.0,0.009809479599418976,0.09518480182809858,0.006586821387151931,6.027473179862547,True,sec,12,-0.06741723323813537,38103677.919999994,2026-11-04,,True,False,False,False,False,False,False,False,False,False,True,False,True,True,True,False,True,True,True,True
AMTM,"Amentum Holdings, Inc.",Industrials,,4,18.48,14393000000.0,11199000000.0,1.5229226361031518,3825000000.0,0,,21.741175,0.9616486,1,6,industrial,,7,0.27,19.21661329141473,19.170944866238266,0.03604125258609868,2,5,7884478336.0,480000000.0,0.06087910696746444,0.13510134833467274,0.0,6.473076923076923,True,sec,13,-0.04259308866863113,37412334.96,2026-08-10,,True,False,False,False,False,False,False,False,False,True,True,True,True,True,True,True,False,False,True,True
AORT,"Artivion, Inc.",Healthcare,,4,21.93,441330000.0,1071934000.0,3.4730807717125995,363423000.0,0,,,2.3964593,1,6,industrial,,7,0.21,8.87990992247753,,,1,5,1355330936.0,33745000.0,0.024897978127461556,0.2651534516117597,0.0,5.0906001458996855,True,sec,14,-0.02809128173936082,14121867.36,2026-11-05,,False,False,False,False,False,True,False,False,False,True,False,True,True,True,True,True,False,False,True,True
AOSL,Alpha and Omega Semiconductor L,Technology,,4,28.84,696162000.0,963555000.0,3.4382645289951794,6667000.0,0,,,1.0935012,1,6,industrial,,5,-3.3,26.374276931213434,,,2,5,699894272.0,-28436000.0,-0.04062899374607255,0.16709373102728955,0.0,-5.126737338044759,True,sec,14,-0.13143411637114644,17412121.16,2026-11-09,,False,False,True,False,False,False,True,False,False,False,True,False,False,True,True,True,True,False,False,True
ARR,"ARMOUR Residential REIT, Inc.",Real Estate,,4,13.81,490692992.0,22745816000.0,1.142,19516631040.0,17,,3.1315196,0.7302242,1,6,financial,,4,3.3,18.912334733924368,43.31908350030022,0.6812028583221459,3,5,19834712064.0,,,,-0.2981030507889933,,False,mixed,7,0.008726220241999672,54968246.82,2026-10-28,,True,False,False,False,False,False,False,False,True,True,True,True,True,True,False,,,False,,True
ASTE,"Astec Industries, Inc.",Industrials,,4,40.68,1410400000.0,1415500000.0,2.5166461159062887,393400000.0,15,,48.428574,1.357448,1,6,industrial,,5,1.68,29.96787423008091,23.799057686340046,-0.7093113742629027,3,5,1250140224.0,65900000.0,0.05271408657593918,0.26435888378664785,0.012722643263548987,3.080234833659491,True,sec,15,-0.015966089720946663,9386259.12,2026-11-04,,False,False,False,False,False,True,True,False,True,True,False,True,True,True,True,False,False,False,True,False
AVTR,"Avantor, Inc.",Healthcare,,4,15.03,6552200000.0,11595900000.0,1.7816208393632418,3697800000.0,0,,,1.8058392,1,6,industrial,,3,-0.78,8.242131459522763,,,0,5,13556672960.0,-246200000.0,-0.01816079806058846,0.18449624436223147,0.0073876073227521965,20.676829268292682,True,sec,14,-0.09951793306254797,141028564.14,2026-10-28,,True,False,False,False,False,False,False,False,False,False,False,False,True,False,True,False,True,False,False,False
AZTA,"Azenta, Inc.",Healthcare,,4,34.48,593821000.0,1876211000.0,2.4996918268066652,53967000.0,0,,,0.9992465,1,6,industrial,,6,-1.22,34.505603334117296,,,2,5,1238683392.0,-26844000.0,-0.02167139736705213,0.1440562921760932,-0.001833813735156304,-6.8416651517905835,True,sec,15,-0.06819275657162227,25673566.639999997,2026-11-20,,False,False,True,False,False,False,True,False,False,False,True,False,True,True,True,True,False,False,True,True
BA,Boeing Company (The),Industrials,,4,192.28,89463000000.0,165870000000.0,1.1375190529649608,45900000000.0,0,,69.41516,24.919647,1,6,industrial,,6,2.48,6.026112871925377,21.929426038566447,-7.7681273400336375,1,5,177850347904.0,4281000000.0,0.02407079913226145,0.025857599324772412,-0.11758060098727788,4.151106833493744,True,sec,15,0.00705371676614216,1199832007.0,2026-10-27,,True,False,False,False,False,False,False,False,False,True,False,True,True,True,False,True,False,False,True,True
BILL,"BILL Holdings, Inc.",Technology,,4,43.78,1462570000.0,10218139000.0,1.5096981802447282,1836123000.0,0,,,1.1415906,1,6,industrial,,4,-0.07,38.34984738711535,,,3,5,3632031472.0,-80602000.0,-0.022191988318762013,0.11650526578274185,0.11208202756276167,8.654918804443378,True,sec,15,-0.031986744357265055,96521766.0,2026-11-05,,False,False,False,True,False,False,True,False,False,True,True,False,True,False,True,False,False,True,False,True
BLFS,"BioLife Solutions, Inc.",Healthcare,,4,36.78,96214000.0,447494000.0,9.693697569369757,0.0,0,,38.71579,4.2812247,1,6,industrial,,5,-0.1,8.59093511456237,13.551111228430527,-1.7141685563642013,2,5,1716984064.0,-16602000.0,-0.009669280191991345,0.13881303436470657,0.0,-2.5072463768115942,True,sec,15,-0.055218617456323435,38241563.64,2026-11-05,,False,False,True,False,False,False,True,False,False,True,False,False,True,True,True,False,True,False,False,True
CAVA,"CAVA Group, Inc.",Consumer Cyclical,,4,54.4,1179664000.0,1499773000.0,2.4834185521767034,520742016.0,0,,97.14286,7.5534573,1,6,industrial,,4,0.54,7.202458819903428,9.52602740954742,-4.710670110551837,1,5,6439399936.0,55285000.0,0.00858542729904453,0.12024886432813499,0.0004891208839111605,1.4805672887267196,True,sec,13,-0.080743552524282,189109305.6,2026-11-10,,False,False,True,False,False,False,False,False,False,True,False,True,True,False,True,False,False,False,False,True
CCI,Crown Castle Inc.,Real Estate,,4,66.12,215000000.0,21512000000.0,0.521580547112462,18239000000.0,13,,26.987755,-8.613862,1,6,financial,,5,1.01,-7.676056338028169,,,2,5,46091441472.0,2075000000.0,0.0450192038637051,0.004741539605801413,-0.07278216476473168,6.219529837251356,True,sec,13,-0.12146708813685385,238851888.00000003,2026-10-21,,True,False,False,False,False,False,False,False,True,False,True,True,True,True,True,True,False,False,False,False
CCOI,"Cogent Communications Holdings,",Communication Services,,4,8.23,975766000.0,3103869000.0,0.6316924856575635,1730400000.0,15,,,-11.558988,1,6,industrial,,4,-3.8,-0.6663967496239828,,,2,5,1968202472.0,-101073000.0,-0.05135294840743397,0.14201759159294416,0.39560340512020686,9.146208340232278,True,sec,13,-0.05528422752377758,14561841.030000001,2026-11-05,,False,False,False,True,False,False,False,False,True,False,True,False,False,True,True,False,True,False,True,False
CE,Celanese Corporation,Basic Materials,,4,44.2,9544000000.0,21408000000.0,1.446580129805292,12007000000.0,22,,,1.1641076,1,6,industrial,,4,-10.64,24.363277124226357,,,2,5,15493902528.0,-786000000.0,-0.050729633711040216,0.09118086696562033,0.0026799136706957966,6.6392367948188165,True,sec,14,-0.10795029895366218,80995218.2,2026-11-05,,True,False,False,False,False,False,False,False,True,False,True,False,True,True,True,False,True,False,False,False
CEG,Constellation Energy Corporatio,Utilities,,4,258.92,22663000000.0,98253000000.0,1.4552639656230817,24700000000.0,5,,24.824545,2.876921,1,6,utility,,6,7.4,90.07605633802817,145.32898507623622,-0.7816129374616948,2,5,115740276416.0,3086000000.0,0.026663146966300053,0.0819752310084019,0.009658015090640643,4.220678740988219,True,sec,12,-0.0195210324366686,721563175.48,2026-11-09,,True,False,False,False,False,False,False,False,True,True,False,True,True,False,True,True,False,True,False,True
CLF,Cleveland-Cliffs Inc.,Basic Materials,,4,11.47,18610000000.0,20115000000.0,1.889628397115918,7703000000.0,0,,,1.1677867,1,6,industrial,,2,-2.91,9.822487872960863,,,1,5,14177094208.0,-1579000000.0,-0.11137684329620842,-0.04275416355953269,-0.14532186881378098,14.88543652038835,True,sec,13,-0.05050956997265722,215889337.89000002,2026-10-19,,True,False,False,False,False,False,False,False,False,False,True,False,False,False,True,False,False,False,False,True
CNMD,CONMED Corporation,Healthcare,,4,45.93,1374724000.0,2300306000.0,1.4836769514206223,834249000.0,14,,24.827026,1.3225639,1,6,industrial,,5,1.51,33.27210278961177,38.020429870268536,-0.208034737027438,2,5,2172581800.0,102622000.0,0.047235045419233464,0.32625007281639923,0.017988445989011243,6.654039160021709,True,sec,14,-0.053727199772552,23260743.27,2026-10-28,,False,False,False,False,False,True,False,False,True,True,False,True,True,False,True,True,False,False,False,True
CSR,D/B/A Centerspace,Real Estate,,4,54.35,273662000.0,1840365000.0,3.112,989583000.0,30,,42.460938,1.3416772,1,6,financial,,7,1.02,40.50875416865174,34.15639251856018,-0.5912101950013267,2,5,1942941016.0,64537000.0,0.03321613958866572,0.1434628456855026,-0.05981902723817993,5.475039206165833,True,sec,11,-0.04420427469550877,12073417.700000001,2026-11-02,,True,False,False,False,False,False,False,False,True,True,False,True,True,True,True,True,False,False,True,True
DCH,Dauch Corporation,Consumer Cyclical,,4,5.43,5836700000.0,11050000000.0,1.3979301034948253,5119900000.0,0,,,0.85417646,1,6,industrial,,3,-0.17,6.356631578947368,,,1,5,5529293024.0,112300000.0,0.020310010613031313,0.06375565610859729,0.0021702179037669327,7.413606155998601,True,sec,14,-0.039031674208144795,17476661.34,2026-11-09,,True,False,False,False,False,False,False,False,False,False,True,False,True,False,True,False,True,False,False,False
DNOW,DNOW Inc.,Industrials,,4,15.28,2820000000.0,3816000000.0,2.136226034308779,474000000.0,0,,,1.320771,1,6,industrial,,3,-0.76,11.569237564249757,,,1,5,3122408448.0,-93000000.0,-0.029784700351925257,0.12526205450733752,0.013394109052478542,3.2119205298013247,True,sec,14,-0.04061847196016771,35936390.24,2026-11-04,,True,False,False,False,False,False,True,False,False,False,False,False,True,False,True,False,True,False,False,False
DOCN,"DigitalOcean Holdings, Inc.",Technology,,4,139.8,901427000.0,3123053000.0,1.3111638526398253,921053000.0,0,,63.545456,15.771661,1,6,industrial,,8,2.52,8.863899879190411,20.946789257894388,-5.674053874262016,1,5,16591648760.0,156989000.0,0.009461928845702012,0.1727770870363071,0.004713029727239569,0.5231220155007166,True,sec,14,-0.01611948308273987,417535068.00000006,2026-11-04,,False,False,True,False,False,False,False,False,False,True,False,True,True,True,True,True,False,True,True,True
ECHO,EchoStar Corporation,Communication Services,,4,88.25,15004989000.0,39425398000.0,5.200833444228707,17431703000.0,0,,,1.8108135,1,6,industrial,,3,-50.41,48.73500225175039,,,1,5,42600007664.0,-17723146000.0,-0.4160362162323577,0.09007427523787173,0.0018902376596308197,7.889269485547529,True,sec,12,0.0012041476410713722,347733151.75,2026-11-05,,True,False,False,False,False,False,True,False,False,False,False,False,False,False,True,False,False,False,True,True
EFC,Ellington Financial Inc.,Real Estate,,4,11.69,431351008.0,21029547000.0,7.625,18570352640.0,17,,7.3062496,0.85465705,1,6,financial,,1,1.19,15.409522042749654,22.190269570437252,0.47319251968106435,4,5,19331201024.0,,,,-0.07723429900334663,,False,sec,8,0.05117704152162669,14086052.54,2026-11-04,,True,False,False,False,False,False,True,False,True,True,True,True,False,False,False,False,,False,,False
EGBN,"Eagle Bancorp, Inc.",Financial Services,,4,28.21,138752992.0,9658914000.0,,176593000.0,8,,,0.7476214,1,6,financial,,3,-4.55,37.73337379633051,,,2,5,410802832.0,,,,0.01780795344831192,,False,sec,8,-0.017242828748656423,7904780.5200000005,2026-10-21,,True,False,False,False,False,False,False,False,True,False,True,False,True,False,True,False,,False,,True
ELAN,Elanco Animal Health Incorporat,Healthcare,,4,21.77,4715000000.0,13561000000.0,2.050215982721382,3918000000.0,0,,,1.6507431,1,6,industrial,,5,-0.47,13.187877054827085,,,0,5,14261017344.0,-4000000.0,-0.00028048489834302807,0.19121008775164072,0.0,3.6623633922542203,True,sec,13,-0.05840277265688371,133536418.05,2026-11-06,,True,False,False,False,False,False,False,False,False,False,False,False,True,False,True,True,False,False,True,True
FA,First Advantage Corporation,Industrials,,4,18.34,1574389000.0,3747246000.0,2.526935170326301,2033781000.0,0,,122.26666,2.4317157,1,6,industrial,,5,-0.2,7.541783021553643,5.0452206743059795,-2.6351234532516954,0,5,4945843752.0,132468000.0,0.02678370095020341,0.1875639378350786,0.0,7.352092783336335,True,sec,12,-0.06136506650484116,36574673.38,2026-11-05,,True,False,False,False,False,False,False,False,False,False,False,False,True,True,True,False,True,False,False,True
FIVN,"Five9, Inc.",Technology,,4,35.75,1149088000.0,1830060000.0,4.149425337491549,843264000.0,0,,52.57353,3.4037893,1,6,industrial,,7,0.45,10.502769201310896,12.676588761040325,-1.8201593247130088,1,5,2860568320.0,28850000.0,0.010085408482745134,0.34581051987366535,0.018717014929721294,4.033445963782271,True,sec,15,-0.10206823819984044,92725454.25,2026-11-09,,False,False,False,False,False,True,False,False,False,True,False,True,True,True,True,False,True,False,True,True
FLG,"Flagstar Bank, N.A.",Financial Services,,4,11.69,2031000064.0,87714000000.0,,10937000000.0,33,,389.66666,0.63834435,1,6,financial,,2,-0.5,19.519495626208585,3.5158605099252385,-2.324932820002173,2,5,-4497565056.0,,,,0.0030912315513982086,,False,sec,9,4.560275440636615e-05,51391203.919999994,2026-10-23,,True,False,False,False,False,False,False,False,True,False,True,False,False,True,False,True,,False,,False
FOXF,Fox Factory Holding Corp.,Consumer Cyclical,,4,18.37,1467321000.0,1636456000.0,3.1048876320034458,504702000.0,0,,,1.15753,1,6,industrial,,4,-13.03,15.870357593205016,,,2,5,1215535504.0,-522933000.0,-0.4302079192908544,0.27085787824420576,0.0,4.327960821414659,True,sec,14,-0.3700050597144072,9663538.5,2026-11-05,,False,False,False,False,False,True,True,False,False,False,True,False,True,False,True,False,True,False,False,True
FTRE,Fortrea Holdings Inc.,Healthcare,,4,19.4,2723400000.0,2714900000.0,0.9583895403133755,1054300000.0,0,,,3.5195935,1,6,industrial,,3,-10.81,5.5120925341745535,,,0,5,2730639904.0,-872600000.0,-0.319558795988356,0.18551386382884708,0.0,9.595116337741608,True,sec,12,-0.4060923054256142,27182348.799999997,2026-11-05,,True,False,False,False,False,False,False,False,False,False,False,False,True,False,True,False,False,False,False,True
GKOS,Glaukos Corporation,Healthcare,,4,163.17,507442000.0,920521000.0,5.040389332447302,107604000.0,0,,,14.072445,1,6,industrial,,2,-3.28,11.595467056305004,,,1,5,9441218560.0,-199600000.0,-0.021141338772269667,0.30717495852892,0.0,,True,sec,14,-0.18783058724352839,130259263.67999999,2026-10-28,,False,False,False,False,False,True,True,False,False,False,False,False,False,False,True,False,False,False,False,True
GT,The Goodyear Tire & Rubber Comp,Consumer Cyclical,,4,5.03,18280000000.0,18650000000.0,1.0872612340250103,7190000000.0,0,,,0.50967675,1,6,industrial,,5,-5.99,9.85763888888889,,,1,5,7777130816.0,312000000.0,0.040117622730238514,0.18075067024128685,0.004143272095108844,7.5478617026476575,True,sec,12,-0.1349597855227882,49084701.7,2026-11-03,,True,False,False,False,False,False,False,False,False,False,True,False,True,False,True,True,True,False,False,True
HE,"Hawaiian Electric Industries, I",Utilities,,4,8.93,3075344000.0,8401802000.0,0.9864707401412133,2265630000.0,0,,6.922481,0.8749755,1,6,utility,,6,0.71,10.206144685143238,17.211308355399552,0.48115507458220225,1,5,3571983696.0,235322000.0,0.06587991996254622,0.026372878081166402,0.0,3.79397687560483,True,sec,12,-0.03189232500361232,19947485.73,2026-11-13,,True,False,False,False,False,False,False,False,False,False,True,True,True,True,True,True,False,False,True,False
HL,Hecla Mining Company,Basic Materials,,4,17.0,1423019000.0,3185277000.0,5.196743162188907,0.0,16,,20.731707,4.2649274,1,6,industrial,,8,0.49,3.9859998554723344,8.575645658387476,-0.9823580261123569,3,5,10934723744.0,514795000.0,0.047078921429768494,0.19533717161804137,-0.017947798243042802,-0.7133523917309091,True,sec,14,-0.07564114518140809,643462512.0,2026-11-05,,False,False,True,False,False,False,True,False,True,True,False,True,True,True,True,True,True,False,True,True
HOOD,"Robinhood Markets, Inc.",Financial Services,,4,111.15,4473000000.0,56550000000.0,1.223348887293611,22925000704.0,0,,49.84305,10.540541,1,6,financial,,4,2.05,10.544999540346176,23.00207261958325,-3.832173249699697,1,5,99013992448.0,2094000000.0,0.021148526064129,0.09775283845084826,0.0065343783220339095,,True,sec,10,0.004332449160035367,2376470918.25,2026-10-27,,True,False,False,False,False,False,False,False,False,True,False,True,True,False,False,,False,False,True,True
HTLD,"Heartland Express, Inc.",Industrials,,4,11.64,58100000.0,1174791000.0,1.5848808741864215,134890000.0,24,,,1.1901841,1,6,industrial,,4,-0.67,9.780118456445273,,,2,5,972656552.0,-57412000.0,-0.0590259736408993,0.056682642157673144,0.018483554200437572,0.7123278250447016,True,sec,12,-0.12067423056526651,8433214.92,2026-10-29,,False,False,True,False,False,False,False,False,True,False,True,False,True,False,True,True,False,True,False,False
ICHR,Ichor Holdings,Technology,,4,62.48,947652000.0,1188291000.0,3.7010221895400988,120558000.0,0,,,2.6986868,1,6,industrial,,3,-1.54,23.151788089277243,,,1,5,2204242032.0,-39272000.0,-0.017816555273817588,0.07386658655161067,0.0,1.5179236309281152,True,sec,14,-0.06956797619438336,53422024.48,2026-11-02,,False,False,True,False,False,False,True,False,False,False,False,False,True,False,True,False,False,False,False,True
IPGP,IPG Photonics Corporation,Technology,,4,83.66,1003777000.0,2424567000.0,6.178979872390034,16254000.0,0,,128.7077,1.6727985,1,6,industrial,,7,0.73,50.01151202995963,27.044878788472513,-2.093376777701028,1,5,2703374592.0,13104000.0,0.004847274972095321,0.15733242265526173,0.01493126335641581,-3.71252849999042,True,sec,15,-0.018249856572328173,38680786.62,2026-11-03,,False,False,True,False,False,False,True,False,False,False,False,True,True,True,True,True,False,True,True,False
JBLU,JetBlue Airways Corporation,Industrials,,4,4.15,9062000000.0,16371000000.0,0.696294662549625,8478000000.0,0,,,0.98668575,1,6,industrial,,3,-1.66,4.209549071618037,,,1,5,8023845632.0,-368000000.0,-0.04586329509286352,0.08092939046469523,-0.02809983251273648,20.18125,True,sec,13,-0.03103048072811679,110357306.30000001,2026-10-27,,True,False,False,False,False,False,False,False,False,False,True,False,False,True,True,True,False,False,False,False
KKR,KKR & Co. Inc.,Financial Services,,4,91.24,19464307000.0,414463237000.0,0.856,56163958784.0,17,,29.150158,2.8737006,1,6,financial,,5,3.1300001873060173,34.58254390764596,47.28629854008218,-0.9295229869316269,2,5,142453932032.0,10171075000.0,0.07139904708081508,0.008427960407044478,0.00775265692760631,,True,sec,8,0.0045666366303074545,376534250.2,2026-11-09,,True,False,False,False,False,False,False,False,True,True,False,True,True,False,False,True,True,False,True,False
KRMN,Karman Holdings Inc.,Industrials,,4,31.89,471500000.0,1443977000.0,3.5552393535928446,5610000.0,0,,118.11111,10.037771,1,6,industrial,,4,0.13,3.1772875875308975,4.39320795198194,-6.258932504119964,2,5,4180369096.0,72942000.0,0.01744869850602302,0.13159904901532365,-0.03663456677702155,-0.3987845676397618,True,sec,14,0.027344618369960185,110956630.95,2026-11-05,,False,False,True,False,False,False,True,False,False,True,False,True,False,False,False,True,True,False,True,False
KTOS,Kratos Defense & Security Solut,Industrials,,4,42.82,1346800000.0,4089800000.0,5.540794733129555,0.0,0,,251.88235,2.3436046,1,6,industrial,,4,0.13,18.270623139148125,8.35981916029499,-4.122120368748386,2,5,6600627456.0,25600000.0,0.003878419161004078,0.07528485500513472,-0.06915703779756291,-19.774415405777166,True,sec,14,0.015673138050760427,163443511.8,2026-11-03,,False,False,True,False,False,False,True,False,False,True,False,True,,True,,True,True,False,False,False
LGND,Ligand Pharmaceuticals Incorpor,Healthcare,,4,302.74,268087000.0,2185875000.0,31.177593289969188,1126594000.0,0,,31.14609,6.2330656,1,6,industrial,,5,6.13,48.57008032128514,103.06434551320024,-1.937388274213858,2,5,5804141984.0,41002000.0,0.007064265504363651,0.1624580219487299,0.002485375230314089,-3.091378365005282,True,sec,13,0.03435420598158632,81995918.04,2026-11-05,,False,False,True,False,False,False,True,False,False,True,False,True,True,True,False,False,True,False,True,False
LUMN,"Lumen Technologies, Inc.",Communication Services,,4,5.59,11331000000.0,30782000000.0,0.9638752052545156,13206000000.0,0,,,-3.8711913,1,6,industrial,,4,-1.75,-1.4444890993493975,,,1,5,17095779968.0,-812000000.0,-0.04749710171281493,0.1524592294197908,0.00017343707278980232,5.849251419721218,True,sec,13,-0.21041517770125398,70653809.98,2026-10-29,,True,False,False,False,False,False,False,False,False,False,True,False,True,False,True,True,True,False,False,False
MAC,Macerich Company (The),Real Estate,,4,22.54,1013983000.0,8523895000.0,0.329,4848075000.0,33,,,2.2648716,1,6,financial,,5,-0.78,9.952250145788318,,,1,5,11271031512.0,80290000.0,0.0071235716016335455,0.06648392190648829,-0.07049896118615201,8.62971524701205,True,sec,9,-0.060852931670322075,72262022.84,2026-11-03,,True,False,False,False,False,False,False,False,True,False,False,False,True,False,True,False,True,False,True,True
MARA,"MARA Holdings, Inc.",Financial Services,,4,11.21,58704000.0,4348891000.0,0.8907903518776665,2417749000.0,0,,,2.5781968,1,6,financial,,2,-3.69,4.348282697039104,,,0,5,6326890104.0,-1224250000.0,-0.19349948867074554,-0.17407817303307901,-0.12046004539337575,,True,sec,13,-0.11698499686471793,532797522.91,2026-11-04,,True,False,False,False,False,False,False,False,False,False,False,False,False,False,True,False,False,False,False,True
MIR,"Mirion Technologies, Inc.",Industrials,,4,14.35,925400000.0,3521000000.0,3.1977982954545454,445300000.0,0,,159.44444,1.9120586,1,6,industrial,,6,0.11,97.376,3.8984132211521993,-2.6809848484350183,2,5,3600362048.0,51500000.0,0.014304117006401685,0.12456688440783868,-0.10504336745365762,0.14029535864978904,True,sec,14,-0.032519170690144844,55122698.05,2026-10-27,,False,False,True,False,False,False,True,False,False,True,False,True,True,True,True,False,True,False,True,False
MP,MP Materials Corp.,Basic Materials,,4,46.09,224441000.0,3726740000.0,9.509790887990498,934583000.0,0,,,4.192668,1,6,industrial,,4,-0.5,10.993102908175732,,,1,5,7690645952.0,-149374000.0,-0.019422815837875668,-0.014910096890397913,-0.09106190045283301,-4.533262857704789,True,sec,13,0.018751241031035166,270636285.81,2026-11-05,,False,False,True,False,False,False,True,False,False,False,False,False,False,True,False,True,True,False,True,False
MRNA,"Moderna, Inc.",Healthcare,,4,188.94,1944000000.0,10961000000.0,2.2947908445146012,591000000.0,0,,,11.150192,1,6,industrial,,4,-7.26,16.94486215538847,,,1,5,70884632896.0,-3074000000.0,-0.04336623996501596,0.09816622570933309,2.651407537150182e-05,,True,sec,14,-0.086579691633975,3251590137.36,2026-11-05,,True,False,False,False,False,False,True,False,False,False,False,False,False,True,True,True,False,False,True,False
MSGS,Madison Square Garden Sports Co,Communication Services,,4,399.19,1039220000.0,1537652000.0,0.5032260073003495,258500000.0,0,,1247.4688,-36.502377,1,6,industrial,,8,-0.93,-10.936,,,1,5,9706460296.0,14808000.0,0.001525581885510038,0.20818754828790909,6.585195216795163e-05,5.21407966270942,True,sec,11,-0.07416827734754028,92467972.41,2026-10-30,,False,False,False,False,False,True,False,False,False,False,True,True,True,True,True,True,True,False,True,True
MTUS,Metallus Inc.,Basic Materials,,4,19.42,1158300000.0,1143300000.0,1.7521448999046711,0.0,0,,102.210526,1.1639894,1,6,industrial,,4,-0.03,14.363070539419088,8.445359870582113,-1.2994875644845008,2,5,696345088.0,3700000.0,0.005313457456312236,0.08318026764628707,0.016274402062069607,-2.154779969650986,True,sec,13,-0.01504417038397621,7068472.180000001,2026-11-05,,False,False,True,False,False,False,True,False,False,False,True,False,True,False,True,False,False,True,False,True
MXL,"MaxLinear, Inc",Technology,,4,92.12,467641000.0,822571000.0,1.7764388189669529,123926000.0,0,,,17.231575,1,6,industrial,,5,-1.58,5.346006262955939,,,1,5,8413769280.0,-126890000.0,-0.015081231226725533,0.32315022046729097,0.001968004126196784,,True,sec,14,-0.19001399271309102,286046418.0,2026-10-22,,False,False,False,False,False,True,True,False,False,False,False,False,True,True,True,False,False,False,True,True
NATL,NCR Atleos Corporation,Technology,,4,45.03,4354000000.0,5664000000.0,1.025527192008879,2795000000.0,0,,17.45349,7.1623983,1,6,industrial,,6,2.14,6.287262872628726,19.103934967980614,-1.3571060137858033,1,5,5693578880.0,478000000.0,0.083954224587822,0.18719124911785462,0.008414526299674074,3.133774834437086,True,sec,12,-0.03425141242937853,30064369.560000002,2026-11-04,,True,False,False,False,False,False,False,False,False,True,False,True,True,True,True,True,False,False,True,False
NCLH,Norwegian Cruise Line Holdings ,Consumer Cyclical,,4,14.64,9827592000.0,24011710000.0,0.20029619063906587,15034785000.0,0,,8.872727,2.612886,1,6,industrial,,5,0.92,5.603437422048979,14.422599548209686,-0.015073596896566503,1,5,21539195336.0,1560868000.0,0.07246640255827985,0.17443276634608698,-0.021562778300799328,5.44135717685356,True,sec,13,-0.06940555254082278,231878948.64000002,2026-11-04,,True,False,False,False,False,False,False,False,False,True,False,True,True,False,True,False,True,False,True,False
NEO,"NeoGenomics, Inc.",Healthcare,,4,17.78,727332000.0,1352243000.0,3.6028257605092415,374241000.0,0,,,2.8948226,1,6,industrial,,4,-0.38,6.142468860467788,,,1,5,2512995376.0,-115881000.0,-0.046112699253928115,0.2324234623510715,-0.0004211367988487307,11.870503597122303,True,sec,13,-0.08373495000528751,41492225.88,2026-10-27,,False,False,False,False,False,True,False,False,False,True,False,False,True,False,True,False,True,False,False,True
NLY,Annaly Capital Management Inc.,Real Estate,,4,18.7,3254557952.0,143741176000.0,0.558,125222871040.0,30,,4.5169086,0.9281318,1,6,financial,,4,2.92,22.549900548954042,43.32188925424477,0.5683475415798555,3,5,140692439040.0,,,,-0.1713928622272456,,False,mixed,7,0.009452955915707828,152877100.2,2026-10-20,,True,False,False,False,False,False,False,False,True,True,True,True,True,True,False,False,,False,,True
NTST,NetSTREIT Corp.,Real Estate,,4,17.39,195006000.0,3036128000.0,5.531,1395590000.0,7,,124.21428,1.1228048,1,6,financial,,7,0.08,15.48776761158347,6.984783472778195,-1.4896977934640452,2,5,3148108760.0,54204000.0,0.017217956599440993,0.06241689605523075,-0.06620798091011303,7.86378728527013,True,sec,9,-0.03378381939101382,28042992.27,2026-10-26,,True,False,False,False,False,False,False,False,True,False,True,True,True,True,True,False,True,False,True,True
ONTO,Onto Innovation Inc.,Technology,,4,314.88,1005263000.0,3699042000.0,9.725711866590586,1471730944.0,0,,117.49254,8.030194,1,6,industrial,,3,2.78,39.2115106152999,48.62595801395711,-5.475553652014835,2,5,15042079744.0,132927000.0,0.00883700939379889,0.1351079549786134,0.0038975822633672734,3.6426273331984342,True,sec,15,-0.08871979312481448,328791083.52,2026-11-05,,False,True,False,False,False,False,True,True,False,False,False,True,True,False,True,False,False,False,False,False
PBH,Prestige Consumer Healthcare In,Healthcare,,4,44.77,1088705000.0,4568573000.0,3.2301340649909625,2017685000.0,0,,12.540617,1.1064976,1,6,industrial,,5,3.91,34.03743429464413,57.00903151030823,0.21468583461368218,2,5,4049515312.0,309409000.0,0.07640642797006418,0.13036412026249772,0.07368512280552679,5.66087436377619,True,sec,14,-0.014736986800911357,24169174.040000003,2026-11-05,,False,False,False,True,False,False,False,False,False,True,True,True,True,False,True,True,False,True,False,False
PENG,"Penguin Solutions, Inc.",Technology,,4,54.98,1368794000.0,2191034000.0,1.5438928962783225,443164000.0,0,,39.271427,6.416151,1,6,industrial,,7,0.28,8.568715846994536,16.42934937900791,-2.34645022950507,1,5,2820186520.0,58135000.0,0.02061388478659915,0.17994882781371718,0.015445865443241676,0.02503694764365856,True,sec,15,-0.03819794672287148,145923957.44,2026-10-06,,False,False,True,False,False,False,True,False,False,False,False,True,True,True,True,True,False,True,False,True
PI,"Impinj, Inc.",Technology,,4,183.87,361075000.0,534749000.0,3.276765351349025,241940000.0,0,,,24.254057,1,6,industrial,,4,-0.37,7.580556464811784,,,1,5,5726963808.0,-737000.0,-0.0001286894809725328,0.3547028605944097,0.0,7.615465287002727,True,sec,15,-0.1300535391370531,74318047.56,2026-10-28,,False,False,False,False,False,True,False,False,False,True,False,False,True,False,True,False,True,False,True,False
PMT,PennyMac Mortgage Investment Tr,Real Estate,,4,7.76,684412032.0,25093590000.0,1.798,1690000000.0,17,,5.4265738,0.51582026,1,6,financial,,1,0.99,21.253713288179053,22.000924235698776,0.6472875449746517,4,5,23908325376.0,,,,,,False,mixed,7,0.290884285588471,11990480.4,2026-10-20,,True,False,False,False,False,False,True,False,True,True,True,True,False,False,False,False,,False,,False
PSKY,Paramount Skydance Corporation,Communication Services,,4,9.34,29213000000.0,44411000000.0,1.039622641509434,15156000000.0,21,,311.33334,0.8895238,1,6,industrial,,5,-9.34,11771000.0,2.6622358881430292,-2.508329236187581,2,5,24007972928.0,-5269000000.0,-0.21946875797476742,0.19976004799040192,0.013264658755686786,3.9057401462432813,True,sec,12,-0.156312625250501,140426003.35999998,2026-11-09,,True,False,False,False,False,False,False,False,True,False,True,False,True,False,True,True,False,False,True,True
PTGX,"Protagonist Therapeutics, Inc.",Healthcare,,4,139.19,46016000.0,885544000.0,21.70861461499153,9216000.0,0,,135.13593,10.697049,1,6,industrial,,4,-2.05,13.012471913670502,17.365283742121463,-7.015417546122721,1,5,8233385984.0,-158127000.0,-0.019205585685802825,,0.0,-1.9901140557420303,False,sec,13,-0.21209559886352344,87622888.8,2026-11-05,,False,False,True,False,False,False,True,False,False,False,False,False,True,False,True,True,True,False,,False
QNST,"QuinStreet, Inc.",Communication Services,,4,14.92,1093711000.0,721302000.0,1.2178448614092179,70000000.0,0,,10.657143,2.6088479,1,6,industrial,,6,0.08,5.71899048875232,13.421940389497967,-0.11161274503008471,1,5,795457992.0,6193000.0,0.007785451981479369,0.15370954191170966,0.0,-1.8995732760024757,True,sec,14,-0.11128903011498652,14402156.64,2026-11-05,,False,False,True,False,False,False,False,False,False,True,False,True,True,True,True,False,False,True,True,False
RGEN,Repligen Corporation,Healthcare,,4,177.23,738256000.0,2950180000.0,9.050129658666023,551046000.0,0,,242.7808,4.7350984,1,6,industrial,,7,0.86,37.42941308645371,24.794583831772897,-6.147932032353352,1,5,9742681864.0,55167000.0,0.005662403922255385,0.1309225199818316,0.0,-1.9371154190811877,True,sec,14,-0.023226718369726593,192520341.01999998,2026-11-03,,False,False,True,False,False,False,True,False,False,False,False,True,True,True,True,True,False,False,True,True
ROCK,"Gibraltar Industries, Inc.",Industrials,,4,39.73,1135501000.0,2786285000.0,1.4570151848254,1218076000.0,0,,19.668316,1.3239361,1,6,industrial,,4,-1.48,25.83237631227887,36.93114081294808,-0.07578588490476947,0,5,2381397096.0,122751000.0,0.051545792260426944,0.1095333033052972,0.05403031292584097,7.882889908256881,True,sec,14,-0.0758676876198953,12712328.639999999,2026-10-29,,False,False,False,True,False,False,False,False,False,False,False,False,True,False,True,False,False,True,False,True
ROG,Rogers Corporation,Technology,,4,155.8,810800000.0,1446400000.0,3.988261188554659,28500000.0,0,,92.7381,2.3149385,1,6,industrial,,5,-3.4,67.30167597765363,50.43823567018113,-2.0889264449848373,1,5,2600986624.0,-45000000.0,-0.01730112703570751,0.17754424778761063,0.018391552098025503,-1.3082298136645962,True,sec,15,-0.11269358407079647,37586126.800000004,2026-10-29,,False,False,True,False,False,False,True,False,False,False,False,False,True,False,True,True,False,True,False,True
ROIV,Roivant Sciences Ltd.,Healthcare,,4,35.5,8260000.0,5306493000.0,16.720838637108915,107152000.0,0,,,6.063194,1,6,industrial,,0,-0.54,5.85507125953492,,,2,5,22598133760.0,-515068000.0,-0.0227925016052299,0.0012218221107585686,0.050433212352692366,,True,sec,13,0.08491069337130945,251055858.0,2026-11-09,,False,False,False,True,False,False,True,False,False,True,False,False,False,False,False,False,False,False,False,False
RRX,Regal Rexnord Corporation,Industrials,,4,156.57,5934500000.0,13751800000.0,2.276092918212615,4611800000.0,38,,31.953062,1.5078586,1,6,industrial,,6,4.2,103.83633633633633,106.99494527061186,-0.46334015690183106,1,5,14592998336.0,680800000.0,0.046652509945163886,0.16127343329600488,0.008922747711502877,4.992457799592961,True,sec,14,-0.05172413793103448,189003318.92999998,2026-10-28,,True,False,False,False,False,False,False,False,True,False,False,True,True,True,True,True,False,False,True,False
RUN,Sunrun Inc.,Technology,,4,7.64,2956997000.0,23359367000.0,1.4221073367076942,15157898000.0,0,,5.1972785,0.5256639,1,6,industrial,,5,1.71,14.53438611395684,21.925148648829097,0.651541701159321,2,5,15844029480.0,-126129000.0,-0.007960664309493572,0.03968484510536564,0.0,17.141970015804997,True,sec,12,0.0180608467258552,66781270.559999995,2026-11-05,,True,False,False,False,False,False,False,False,False,True,True,True,False,True,False,False,True,False,True,True
SDGR,"Schrodinger, Inc.",Healthcare,,4,30.46,255869000.0,640394000.0,2.706290085996146,108003000.0,0,,,6.7478952,1,6,industrial,,4,-1.41,4.514000158153019,,,2,5,1972843392.0,-166896000.0,-0.0845966794307006,0.22269727698885375,0.0,,True,sec,14,-0.18295611764007783,45188902.54,2026-11-04,,False,False,False,False,False,True,True,False,False,True,False,False,True,True,True,False,False,False,False,True
SEI,"Solaris Energy Infrastructure, ",Energy,,4,71.38,622205000.0,4212318000.0,4.123322752710401,1608983000.0,9,,90.35442,4.971098,1,6,industrial,,6,0.7900000907537229,14.359000768039577,15.975959062678864,-3.4679633767183002,3,5,7967591248.0,135386000.0,0.016992086539828984,0.09384790113041538,0.0030293583171362138,3.5729886967328413,True,sec,10,-0.0424789866292146,220118860.17999998,2026-11-02,,False,True,False,False,False,False,False,True,True,True,False,True,True,True,True,False,False,False,True,True
SFNC,Simmons First National Corporat,Financial Services,,4,22.73,110271000.0,24776816000.0,,328284000.0,40,,,0.9429187,1,6,financial,,3,-2.95,24.10550519340979,,,2,5,3023598464.0,,,,-0.06455982073912708,,False,sec,8,-0.03346285495279135,30963078.76,2026-10-15,,True,False,False,False,False,False,False,False,True,False,True,False,True,False,True,True,,False,,False
SLAB,"Silicon Laboratories, Inc.",Technology,,4,222.51,784764000.0,1253056000.0,5.406722729689237,0.0,0,,,6.78136,1,6,industrial,,3,-1.98,32.81190433375292,,,1,5,7027195904.0,-70541000.0,-0.010038285678053583,0.36469479416722,-0.001971597105825829,,True,sec,15,-0.1281786288880944,63986088.15,2026-11-03,,False,False,False,False,False,True,True,False,False,False,False,,True,,True,,False,False,True,
SMTC,Semtech Corporation,Technology,,4,186.59,1049975000.0,1438943000.0,2.3699697132439708,491982000.0,0,,122.75658,23.253986,1,6,industrial,,7,-0.46,6.156181826768105,16.56565186379531,-10.26366783113423,0,5,17742299904.0,32565000.0,0.0018354441180795408,0.3767654451913662,0.0,5.261698551188665,True,sec,15,-0.1539630131283866,549696379.08,2026-11-23,,False,False,False,False,False,True,False,False,False,False,False,False,True,True,True,True,True,False,True,True
SPHR,Sphere Entertainment Co.,Communication Services,,4,128.55,1218223000.0,4035968000.0,1.2242790578565048,780405000.0,0,,,2.0722175,1,6,industrial,,7,0.74,62.034993913525014,,,1,5,4846125272.0,-229564000.0,-0.04737062851560557,0.14966265296058726,0.010835458675137499,2.1472853706702106,True,sec,11,-0.05201750856300149,84319930.05000001,2026-11-05,,False,False,True,False,False,False,False,False,False,True,False,True,True,True,True,False,True,False,True,True
TLN,Talen Energy Corporation,Utilities,,4,323.09,2518000000.0,15068000000.0,0.7811550151975684,9572000000.0,0,,,9.576726,1,6,utility,,4,-4.79,33.736701951373846,,,1,5,24623156544.0,-90000000.0,-0.00365509595973919,0.09179275561668959,0.0067398864619299635,49.423280423280424,True,sec,12,-0.06125564109370852,255328657.39,2026-11-04,,True,False,False,False,False,False,False,False,False,True,False,False,True,False,True,False,False,True,True,False
TNDM,"Tandem Diabetes Care, Inc.",Healthcare,,4,16.5,1014736000.0,1154202000.0,3.1803284520068775,602577000.0,0,,,8.8,1,6,industrial,,3,-3.04,1.8750071901064136,,,1,5,1294629640.0,-187257000.0,-0.144641366313844,0.47306623970500833,0.005862120963794705,,True,sec,15,-0.16892970207987856,32253771.0,2026-11-05,,False,False,False,False,False,True,True,False,False,False,False,False,False,False,True,False,False,False,True,True
UCTT,"Ultra Clean Holdings, Inc.",Technology,,4,78.64,2054000000.0,1918100000.0,2.7325170708735578,599400000.0,0,,,5.6107306,1,6,industrial,,4,-4.0,14.123620309050773,,,1,5,3904085472.0,-107400000.0,-0.027509643620835154,0.16834367342682863,0.0003370232253758968,3.336448828181165,True,sec,14,-0.12866899535999166,92025864.88,2026-11-03,,True,False,False,False,False,False,True,False,False,False,False,False,True,False,True,False,True,False,False,True
UNIT,Uniti Group Inc.,Real Estate,,4,7.94,2234500000.0,12980900000.0,1.2222313641599474,10646600000.0,0,,2.0677085,6.0288534,1,6,financial,,5,4.87,0.6863578410539737,10.667182939408683,0.25566102643026944,1,5,11964937632.0,262000000.0,0.021897314307705702,0.12394593202455823,0.0,10.8094981692871,True,sec,12,0.07353111109399194,17188257.92,2026-11-04,,True,False,False,False,False,False,False,False,False,True,False,True,True,True,False,True,True,False,False,False
VECO,Veeco Instruments Inc.,Technology,,4,53.19,664294000.0,1414465000.0,3.9257202418881794,226543000.0,0,,139.97368,3.6017063,1,6,industrial,,5,0.59,14.768445203755277,11.236832606676485,-3.7335403010628267,1,5,3043515816.0,35707000.0,0.011732155230567726,0.18763914271473667,0.0,-3.6401564771116335,True,sec,15,-0.024110175932242933,42754281.57,2026-11-04,,False,False,True,False,False,False,True,False,False,False,False,True,True,False,True,True,True,False,False,False
VNOM,"Viper Energy, Inc.",Energy,,4,40.69,1346000000.0,12055000000.0,6.373626373626373,2058000000.0,13,,,1.5466189,1,6,industrial,,3,-0.48,26.30900217241623,,,1,5,16596639040.0,-140000000.0,-0.008435442842528677,0.05469181595769868,-0.061851554867080244,0.878627938663753,True,sec,10,-0.10443799253421816,68290596.66,2026-11-02,,False,False,True,False,False,False,False,False,True,False,False,False,True,False,True,True,False,False,False,False
VSAT,"ViaSat, Inc.",Technology,,4,70.35,4640280000.0,15111602000.0,1.675447817654544,6442399000.0,0,,,2.0886526,1,6,industrial,,7,-0.25,33.97722845277961,,,0,5,14397700640.0,108125000.0,0.0075098797164600585,0.10069361530311831,0.0018916285000451713,4.104671038861369,True,sec,12,-0.10746517807972973,134403393.6,2026-11-05,,True,False,False,False,False,False,False,False,False,False,False,False,True,True,True,True,True,False,True,True
VSEC,VSE Corporation,Industrials,,4,160.76,1112275000.0,4397406000.0,3.7676326373985587,946957000.0,40,,51.36102,1.7249112,1,6,industrial,,7,0.55,104.53402855532138,81.01567700676064,-0.9843073086531734,3,5,5383321544.0,89595000.0,0.01664307050353669,0.06513676082457762,-0.09617253796600575,6.729491425968391,True,sec,12,-0.0034763676585696205,64041800.44,2026-11-02,,False,True,False,False,False,False,True,True,True,False,False,True,True,False,True,True,True,False,True,True
VTR,"Ventas, Inc.",Real Estate,,4,83.73,5833980000.0,29655896000.0,0.295,13276016000.0,28,,152.23637,2.9318254,1,6,financial,,6,0.54,28.55933957960487,18.799404338415055,-3.4538645210638164,2,5,56026061216.0,859614000.0,0.015343109641170175,0.08749162119596861,-0.03454392321112457,5.114930122322729,True,sec,9,-0.046709362617133536,285083736.54,2026-10-27,,True,False,False,False,False,False,False,False,True,True,False,True,True,True,True,True,False,False,False,True
VVX,"V2X, Inc.",Industrials,,4,70.71,4480038000.0,3198326000.0,1.3181704844456401,1064087000.0,0,,25.074469,1.9537466,1,6,industrial,,9,2.45,36.192153236852484,47.92058446382604,-0.47556631020176876,1,5,3066204336.0,194270000.0,0.06335846496565649,0.11674294615370666,0.013535277654672924,4.02252265045869,True,sec,13,-0.03255140345293132,47410489.31999999,2026-11-02,,True,False,False,False,False,False,False,False,False,True,False,True,True,True,True,True,True,True,True,True
WBD,"Warner Bros. Discovery, Inc. - ",Communication Services,,4,30.95,37296000000.0,97248000000.0,0.7767453385368271,32023000000.0,0,,,2.3638585,1,6,industrial,,7,0.29,13.0933014354067,,,1,5,106249885568.0,738000000.0,0.006945889833713558,0.16397062496877654,0.0,4.461849890999688,True,sec,12,-0.03693649226719316,915099516.6,2026-11-05,,True,False,False,False,False,False,False,False,False,True,False,True,True,True,True,True,True,False,True,False
AESI,Atlas Energy Solutions Inc.,Energy,,4,11.69,1095310000.0,2555267000.0,1.8237759682042964,966724000.0,3,,,1.312893,0,6,industrial,,3,-0.41,8.903827928983965,,,1,5,2426870176.0,-10910000.0,-0.004495502111275688,0.05896330990068748,0.0001369725875993391,6.477733553116498,True,sec,12,-0.06560958209063866,40343779.839999996,2026-11-02,,False,False,False,False,False,False,False,False,True,False,False,False,True,False,True,False,True,False,False,False
ARWR,"Arrowhead Pharmaceuticals, Inc.",Healthcare,,4,64.79,829448000.0,2112013000.0,5.898833934482929,1379405056.0,0,,,19.645239,0,6,industrial,,5,-0.01,3.298466007723102,,,2,5,8933934080.0,98346000.0,0.011008140324223212,,-0.026375791199434288,,False,sec,13,-0.08578687725880475,124118462.16000001,2026-11-24,,False,False,False,False,False,False,True,False,False,True,False,False,True,True,True,True,False,False,,True
COHU,"Cohu, Inc.",Technology,,4,70.34,452956000.0,1258398000.0,5.741716598836574,296231000.0,0,,,4.2989855,0,6,industrial,,4,-1.59,15.387433202884443,,,1,5,3127849088.0,-69769000.0,-0.022305743671479843,0.1557697537052025,0.002578544792858415,8.254792584376485,True,sec,13,-0.08420626860500414,74154819.56,2026-10-29,,False,False,False,False,False,False,True,False,False,False,False,False,True,True,True,False,True,False,False,False
CWEN-A,CWEN-A,,,0,,,,,,0,,,,0,6,industrial,,0,,,,,0,5,,,,,,,False,yahoo,0,,,,,False,False,False,False,False,False,False,False,False,False,False,,,,,,,,,
CYTK,"Cytokinetics, Incorporated",Healthcare,,4,65.62,88039000.0,1924551000.0,6.660936234008896,275560000.0,0,,,-52.496002,0,6,industrial,,3,-6.54,-1.411115372881383,,,2,5,8232591696.0,-612258000.0,-0.07437001889665924,-0.23024112395817026,0.0,,True,sec,13,-0.1428624131031082,125922877.02000001,2026-11-05,,False,False,False,False,False,False,True,False,False,False,True,False,False,False,True,False,False,False,True,True
MRCY,Mercury Systems Inc,Industrials,,4,84.07,912020000.0,2322776000.0,2.9630591279202494,502881984.0,0,,,3.3460696,0,6,industrial,,7,-0.65,25.124825648114523,,,1,5,5344220672.0,-19627000.0,-0.003672565413107253,0.10956458995615591,0.0,3.5992364892674957,True,sec,14,-0.0760947245881652,58727098.49999999,2026-11-03,,False,False,False,False,False,False,True,False,False,False,False,False,True,True,True,True,False,True,True,True
NEOG,Neogen Corporation,Healthcare,,4,12.24,870400000.0,3346000000.0,3.8217446270543616,793700000.0,0,,,1.2731433,0,6,industrial,,6,-0.04,9.613688562241617,,,1,5,3277817408.0,-21600000.0,-0.006589750834589503,0.122086072922893,0.0,6.422386483632524,True,sec,15,-0.027226539151225342,32797545.12,2026-10-06,,False,False,False,False,False,False,False,False,False,True,False,False,True,True,True,True,True,False,False,True
RCUS,"Arcus Biosciences, Inc.",Healthcare,,4,25.23,33000000.0,924000000.0,3.8181818181818183,101000000.0,0,,,6.904762,0,6,industrial,,0,-3.29,3.6535433070866143,,,1,5,2572256704.0,-386000000.0,-0.15006278315836397,,-0.1351923402412514,,False,sec,13,0.1396103896103896,33073679.01,2026-10-27,,False,False,False,False,False,False,True,False,False,False,False,False,False,False,False,False,False,False,,False
SEDG,"SolarEdge Technologies, Inc.",Technology,,4,30.87,1184444000.0,2303530000.0,2.0298666232037594,407352992.0,0,,,4.6081505,0,6,industrial,,6,-6.88,6.699194518119932,,,1,5,1759710848.0,-301679000.0,-0.17143668821663138,0.08520878825107553,0.0,,True,sec,15,-0.22127300273927408,95512119.57000001,2026-11-04,,False,False,False,False,False,False,True,False,False,False,False,False,True,True,True,False,True,False,True,True
SHC,Sotera Health Company,Healthcare,,4,18.12,1163617000.0,3306790000.0,2.7956391250573,2139457000.0,0,,31.789476,7.7668242,0,6,industrial,,6,0.27,2.3271394959393366,5.469983674799959,-2.3126241461155113,1,5,6953732104.0,297626000.0,0.042800901091486744,0.19521469461320495,0.0,4.541714434203085,True,sec,14,-0.06327768016717118,46822134.36,2026-11-03,,False,False,False,False,False,False,False,False,False,True,False,True,True,True,True,True,False,False,True,False
SHEN,Shenandoah Telecommunications C,Communication Services,,4,11.15,357854000.0,1974948000.0,0.851898457161615,715027000.0,25,,,0.7178728,0,6,industrial,,4,-0.71,15.532439852611805,,,2,5,1308448160.0,-23237000.0,-0.017759205683777337,0.11918595827214483,0.01044035523061635,6.493160465990229,True,sec,12,-0.06782001348896274,7574451.45,2026-10-28,,False,False,False,False,False,False,False,False,True,False,True,False,True,False,True,False,True,False,True,False
SITM,SiTime Corporation,Technology,,4,678.87,326660000.0,2505523000.0,19.445441787562878,1326611968.0,0,,1150.6272,17.558193,0,6,industrial,,7,-1.72,38.66369945684973,22.655344171796838,-28.9651152881231,1,5,19819794432.0,-66978000.0,-0.003379348874166971,0.06984010923068756,-0.023047071303063354,28.57383058833795,True,sec,14,-0.05190692721639354,311352184.71,2026-11-04,,False,False,False,False,False,False,True,False,False,False,False,False,True,True,True,True,True,False,True,True
VIR,"Vir Biotechnology, Inc.",Healthcare,,4,11.29,68556000.0,1214806000.0,6.041838228325313,93274000.0,0,,,2.239635,0,6,industrial,,3,-3.16,5.807188009438459,,,1,5,1470996224.0,-479328000.0,-0.32585263794667635,0.05641229957705181,0.0,,True,sec,14,-0.03803570282003876,20354086.18,2026-11-04,,False,False,False,False,False,False,True,False,False,False,False,False,False,False,True,False,False,False,True,True
WAY,Waystar Holding Corp.,Healthcare,,4,25.35,1099278000.0,5868761000.0,1.8465932753101324,1466741000.0,0,,36.214287,1.2341172,0,6,industrial,,6,0.61,20.769901098755895,17.986681755695553,-0.4093761342040104,1,5,6135964528.0,249305000.0,0.040630124059934915,0.12983630360754353,-0.00034623769748953894,3.270827722244025,True,sec,13,-0.033665197816029654,64404869.1,2026-10-28,,False,False,False,False,False,False,False,False,False,True,False,True,True,True,True,True,False,False,True,False
XNCR,"Xencor, Inc.",Healthcare,,4,24.77,125576000.0,724960000.0,6.3911683869785625,104895000.0,0,,,3.658789,0,6,industrial,,3,-1.24,6.770278087960285,,,1,5,1901965760.0,-177502000.0,-0.0933255496670981,,0.0,,False,sec,12,0.059581218274111676,31642510.81,2026-11-04,,False,False,False,False,False,False,True,False,False,False,False,False,False,True,False,True,False,False,,True
